A,,CALSIM,CALSIM
B,,DEL_CVP_TOTAL,DEL_SWP_TOTAL
C,,DELIVERY-CVP,DELIVERY-SWP
E,,,
F,,2020D09E,2020D09E
Units,,CFS,CFS
Type,,PER-AVER,PER-AVER
1,31Oct1921,4974,6050
2,30Nov1921,2942,5413
3,31Dec1921,2106,5731
4,31Jan1922,2541,846
5,28Feb1922,3243,420
6,31Mar1922,2831,2617
7,30Apr1922,10091,5785
8,31May1922,10998,7029
9,30Jun1922,15809,8768
10,31Jul1922,16323,8760
11,31Aug1922,12998,8646
12,30Sep1922,6433,7222
13,31Oct1922,4397,6400
14,30Nov1922,2476,6241
15,31Dec1922,1850,5121
16,31Jan1923,2082,825
17,28Feb1923,2621,823
18,31Mar1923,2801,753
19,30Apr1923,7012,3660
20,31May1923,9422,5672
21,30Jun1923,12546,7979
22,31Jul1923,12843,9159
23,31Aug1923,10450,8882
24,30Sep1923,4732,6953
25,31Oct1923,4180,6278
26,30Nov1923,2399,5750
27,31Dec1923,1466,4704
28,31Jan1924,1232,676
29,29Feb1924,1595,159
30,31Mar1924,1792,204
31,30Apr1924,4790,1656
32,31May1924,5157,2306
33,30Jun1924,6876,3235
34,31Jul1924,6875,3617
35,31Aug1924,5784,3097
36,30Sep1924,3340,1394
37,31Oct1924,2417,1617
38,30Nov1924,1529,1123
39,31Dec1924,916,1097
40,31Jan1925,813,113
41,28Feb1925,1067,165
42,31Mar1925,2374,279
43,30Apr1925,7045,2243
44,31May1925,8508,4292
45,30Jun1925,13489,6423
46,31Jul1925,14193,7390
47,31Aug1925,11419,6600
48,30Sep1925,5444,5316
49,31Oct1925,4583,4614
50,30Nov1925,2403,4092
51,31Dec1925,1574,3284
52,31Jan1926,1507,509
53,28Feb1926,1994,206
54,31Mar1926,2599,509
55,30Apr1926,5755,1395
56,31May1926,9186,5066
57,30Jun1926,13479,7866
58,31Jul1926,13339,8936
59,31Aug1926,10488,8529
60,30Sep1926,5433,7378
61,31Oct1926,3892,5570
62,30Nov1926,2087,4901
63,31Dec1926,1563,4341
64,31Jan1927,1336,606
65,28Feb1927,1784,323
66,31Mar1927,2475,1921
67,30Apr1927,8375,4493
68,31May1927,9934,6503
69,30Jun1927,13656,8235
70,31Jul1927,14363,8698
71,31Aug1927,11602,8616
72,30Sep1927,5875,7199
73,31Oct1927,4176,6056
74,30Nov1927,2301,5808
75,31Dec1927,1537,4917
76,31Jan1928,1591,825
77,29Feb1928,2028,376
78,31Mar1928,2224,417
79,30Apr1928,7402,5426
80,31May1928,9687,7722
81,30Jun1928,13452,9182
82,31Jul1928,13641,9236
83,31Aug1928,11037,8921
84,30Sep1928,5583,7711
85,31Oct1928,4454,7401
86,30Nov1928,2151,6797
87,31Dec1928,1439,5786
88,31Jan1929,1544,763
89,28Feb1929,1919,165
90,31Mar1929,1519,208
91,30Apr1929,5039,2668
92,31May1929,5687,3715
93,30Jun1929,6791,4310
94,31Jul1929,7283,5289
95,31Aug1929,6091,4399
96,30Sep1929,3379,2787
97,31Oct1929,2723,1823
98,30Nov1929,1561,1104
99,31Dec1929,834,1057
100,31Jan1930,635,111
101,28Feb1930,900,224
102,31Mar1930,2085,296
103,30Apr1930,6905,2755
104,31May1930,8870,4466
105,30Jun1930,13041,6632
106,31Jul1930,13000,7454
107,31Aug1930,10535,6886
108,30Sep1930,5110,5659
109,31Oct1930,4223,4868
110,30Nov1930,2224,4331
111,31Dec1930,1522,3550
112,31Jan1931,1272,580
113,28Feb1931,1703,169
114,31Mar1931,1708,405
115,30Apr1931,4815,1827
116,31May1931,4634,2889
117,30Jun1931,6215,4405
118,31Jul1931,6437,5230
119,31Aug1931,5466,4609
120,30Sep1931,3202,1422
121,31Oct1931,2510,2434
122,30Nov1931,1382,3411
123,31Dec1931,815,3677
124,31Jan1932,605,403
125,29Feb1932,818,233
126,31Mar1932,1805,397
127,30Apr1932,4594,2678
128,31May1932,5019,3849
129,30Jun1932,7044,6090
130,31Jul1932,7068,6666
131,31Aug1932,6148,5854
132,30Sep1932,3866,4943
133,31Oct1932,3149,4447
134,30Nov1932,1751,3811
135,31Dec1932,1009,2936
136,31Jan1933,763,572
137,28Feb1933,1095,207
138,31Mar1933,1804,373
139,30Apr1933,5044,3406
140,31May1933,5206,4243
141,30Jun1933,7234,6702
142,31Jul1933,7268,7746
143,31Aug1933,6071,7098
144,30Sep1933,3441,4546
145,31Oct1933,2587,1650
146,30Nov1933,1628,2587
147,31Dec1933,953,3350
148,31Jan1934,903,112
149,28Feb1934,1163,167
150,31Mar1934,1500,236
151,30Apr1934,6353,1500
152,31May1934,6577,2318
153,30Jun1934,8765,3447
154,31Jul1934,8735,3935
155,31Aug1934,7191,2458
156,30Sep1934,3674,1124
157,31Oct1934,2788,2426
158,30Nov1934,1524,2896
159,31Dec1934,856,2337
160,31Jan1935,592,279
161,28Feb1935,761,273
162,31Mar1935,2222,443
163,30Apr1935,5775,4601
164,31May1935,10674,8130
165,30Jun1935,15743,10107
166,31Jul1935,16018,9992
167,31Aug1935,12835,9485
168,30Sep1935,6256,8201
169,31Oct1935,4399,7538
170,30Nov1935,2609,7400
171,31Dec1935,1810,6404
172,31Jan1936,1937,556
173,29Feb1936,2431,210
174,31Mar1936,2518,814
175,30Apr1936,7638,3971
176,31May1936,9530,5942
177,30Jun1936,13024,7987
178,31Jul1936,14133,9096
179,31Aug1936,11414,8936
180,30Sep1936,5635,7479
181,31Oct1936,4503,6668
182,30Nov1936,2622,6039
183,31Dec1936,1547,4847
184,31Jan1937,1471,603
185,28Feb1937,2031,160
186,31Mar1937,2193,372
187,30Apr1937,7908,5343
188,31May1937,10535,7413
189,30Jun1937,14079,8587
190,31Jul1937,14953,8883
191,31Aug1937,12033,8683
192,30Sep1937,5993,7354
193,31Oct1937,4253,6171
194,30Nov1937,2349,5805
195,31Dec1937,1639,5044
196,31Jan1938,1715,846
197,28Feb1938,2253,2077
198,31Mar1938,3373,2971
199,30Apr1938,8403,5882
200,31May1938,11853,8685
201,30Jun1938,17725,10812
202,31Jul1938,18475,10621
203,31Aug1938,14659,10227
204,30Sep1938,6598,8209
205,31Oct1938,4738,7673
206,30Nov1938,3010,7784
207,31Dec1938,2252,7129
208,31Jan1939,2579,780
209,28Feb1939,3554,321
210,31Mar1939,2998,843
211,30Apr1939,8504,3398
212,31May1939,8216,3995
213,30Jun1939,11979,6086
214,31Jul1939,11644,6701
215,31Aug1939,9929,5170
216,30Sep1939,4539,3601
217,31Oct1939,3455,3964
218,30Nov1939,2178,3790
219,31Dec1939,1467,4082
220,31Jan1940,1503,280
221,29Feb1940,1893,201
222,31Mar1940,2140,565
223,30Apr1940,7256,4494
224,31May1940,8673,6647
225,30Jun1940,13369,8645
226,31Jul1940,13459,8843
227,31Aug1940,10847,8676
228,30Sep1940,5544,7366
229,31Oct1940,4036,6345
230,30Nov1940,2307,6258
231,31Dec1940,1407,4780
232,31Jan1941,1372,410
233,28Feb1941,1828,1862
234,31Mar1941,2919,2694
235,30Apr1941,6341,4839
236,31May1941,10027,7537
237,30Jun1941,16700,9863
238,31Jul1941,17443,9907
239,31Aug1941,13925,9525
240,30Sep1941,6720,8046
241,31Oct1941,4598,7013
242,30Nov1941,2759,7022
243,31Dec1941,1933,5629
244,31Jan1942,2216,2169
245,28Feb1942,2859,1590
246,31Mar1942,3139,2273
247,30Apr1942,6728,3969
248,31May1942,10979,6456
249,30Jun1942,17479,8674
250,31Jul1942,18130,8641
251,31Aug1942,13178,8549
252,30Sep1942,6842,6956
253,31Oct1942,5074,6621
254,30Nov1942,2787,5921
255,31Dec1942,2077,4893
256,31Jan1943,2405,525
257,28Feb1943,3097,1279
258,31Mar1943,2758,1880
259,30Apr1943,7450,5417
260,31May1943,10594,8121
261,30Jun1943,14892,9943
262,31Jul1943,15363,9955
263,31Aug1943,12356,9573
264,30Sep1943,6140,8200
265,31Oct1943,4737,7199
266,30Nov1943,2655,3553
267,31Dec1943,1758,5829
268,31Jan1944,1833,624
269,29Feb1944,2312,156
270,31Mar1944,2179,308
271,30Apr1944,7552,2421
272,31May1944,8220,4288
273,30Jun1944,11915,6294
274,31Jul1944,12057,6968
275,31Aug1944,9858,6151
276,30Sep1944,5073,5150
277,31Oct1944,3899,3277
278,30Nov1944,1948,2783
279,31Dec1944,1324,2384
280,31Jan1945,1083,446
281,28Feb1945,1447,279
282,31Mar1945,2172,1490
283,30Apr1945,7931,5704
284,31May1945,8604,6993
285,30Jun1945,12590,8863
286,31Jul1945,13216,8952
287,31Aug1945,10729,8760
288,30Sep1945,5492,7415
289,31Oct1945,3722,6464
290,30Nov1945,2295,6371
291,31Dec1945,1367,5166
292,31Jan1946,1401,2089
293,28Feb1946,1753,947
294,31Mar1946,2812,1362
295,30Apr1946,10004,4672
296,31May1946,10638,6164
297,30Jun1946,14958,7982
298,31Jul1946,15216,8311
299,31Aug1946,11988,8276
300,30Sep1946,6034,6876
301,31Oct1946,4658,6294
302,30Nov1946,2529,5721
303,31Dec1946,1743,4662
304,31Jan1947,1991,812
305,28Feb1947,2441,172
306,31Mar1947,1847,276
307,30Apr1947,7902,3185
308,31May1947,9249,4587
309,30Jun1947,12149,6480
310,31Jul1947,13039,7651
311,31Aug1947,10567,6958
312,30Sep1947,5390,6047
313,31Oct1947,3703,3305
314,30Nov1947,2256,2926
315,31Dec1947,1445,2579
316,31Jan1948,1374,261
317,29Feb1948,1672,198
318,31Mar1948,1764,226
319,30Apr1948,3819,1176
320,31May1948,7007,5975
321,30Jun1948,11457,8876
322,31Jul1948,12295,9772
323,31Aug1948,10032,9397
324,30Sep1948,5007,7880
325,31Oct1948,4029,7094
326,30Nov1948,2214,6354
327,31Dec1948,1229,5167
328,31Jan1949,1088,756
329,28Feb1949,1403,159
330,31Mar1949,2484,193
331,30Apr1949,8437,2321
332,31May1949,9607,3685
333,30Jun1949,14408,5258
334,31Jul1949,14671,5639
335,31Aug1949,11792,4897
336,30Sep1949,5866,4106
337,31Oct1949,4704,3092
338,30Nov1949,2500,2290
339,31Dec1949,1714,1946
340,31Jan1950,1683,328
341,28Feb1950,2215,193
342,31Mar1950,2341,354
343,30Apr1950,8520,5455
344,31May1950,9749,7090
345,30Jun1950,13255,8722
346,31Jul1950,13358,8757
347,31Aug1950,10817,8550
348,30Sep1950,5303,7140
349,31Oct1950,3761,6288
350,30Nov1950,2263,6280
351,31Dec1950,1402,5166
352,31Jan1951,1374,2500
353,28Feb1951,1831,2029
354,31Mar1951,2875,2636
355,30Apr1951,9672,5567
356,31May1951,9831,6747
357,30Jun1951,15248,8844
358,31Jul1951,15323,8807
359,31Aug1951,10974,8759
360,30Sep1951,6202,7178
361,31Oct1951,4204,6211
362,30Nov1951,2429,6231
363,31Dec1951,1736,5125
364,31Jan1952,1899,1855
365,29Feb1952,2387,1861
366,31Mar1952,3240,2502
367,30Apr1952,9319,5123
368,31May1952,12185,8515
369,30Jun1952,16760,10176
370,31Jul1952,18273,10262
371,31Aug1952,14560,9919
372,30Sep1952,6859,8441
373,31Oct1952,5273,8301
374,30Nov1952,2891,6552
375,31Dec1952,2106,6905
376,31Jan1953,2520,1500
377,28Feb1953,3243,418
378,31Mar1953,2584,582
379,30Apr1953,7759,3551
380,31May1953,9670,5090
381,30Jun1953,13715,7787
382,31Jul1953,14344,9127
383,31Aug1953,11126,8624
384,30Sep1953,5826,7509
385,31Oct1953,4560,6026
386,30Nov1953,2322,5377
387,31Dec1953,1709,4623
388,31Jan1954,1570,632
389,28Feb1954,2073,311
390,31Mar1954,2376,514
391,30Apr1954,6820,3398
392,31May1954,9839,6121
393,30Jun1954,13769,8336
394,31Jul1954,13119,9180
395,31Aug1954,10280,8887
396,30Sep1954,5771,7527
397,31Oct1954,4613,6631
398,30Nov1954,2226,5667
399,31Dec1954,1545,4716
400,31Jan1955,1521,673
401,28Feb1955,1938,228
402,31Mar1955,3038,502
403,30Apr1955,8390,2336
404,31May1955,10214,4632
405,30Jun1955,14167,6542
406,31Jul1955,14397,7370
407,31Aug1955,11579,6775
408,30Sep1955,5482,5613
409,31Oct1955,4405,4350
410,30Nov1955,2332,3767
411,31Dec1955,1549,2786
412,31Jan1956,1629,1953
413,29Feb1956,2078,2215
414,31Mar1956,3473,3086
415,30Apr1956,9774,6012
416,31May1956,10753,7386
417,30Jun1956,16418,9528
418,31Jul1956,17413,9596
419,31Aug1956,12168,9338
420,30Sep1956,6452,7696
421,31Oct1956,4560,7040
422,30Nov1956,3030,7155
423,31Dec1956,2248,6034
424,31Jan1957,2307,613
425,28Feb1957,2974,225
426,31Mar1957,2496,353
427,30Apr1957,8029,3803
428,31May1957,8819,4435
429,30Jun1957,13462,7018
430,31Jul1957,12724,7976
431,31Aug1957,10734,7523
432,30Sep1957,4685,5353
433,31Oct1957,3785,4419
434,30Nov1957,2505,4610
435,31Dec1957,1486,3624
436,31Jan1958,1340,584
437,28Feb1958,1788,425
438,31Mar1958,3056,3196
439,30Apr1958,6893,5698
440,31May1958,11091,8466
441,30Jun1958,17238,10555
442,31Jul1958,18399,10719
443,31Aug1958,14767,10352
444,30Sep1958,6984,8595
445,31Oct1958,5249,8522
446,30Nov1958,3125,5564
447,31Dec1958,2295,7362
448,31Jan1959,2521,564
449,28Feb1959,3243,278
450,31Mar1959,2414,581
451,30Apr1959,9233,4233
452,31May1959,9784,4999
453,30Jun1959,13082,6701
454,31Jul1959,12319,8651
455,31Aug1959,10375,8247
456,30Sep1959,4547,6242
457,31Oct1959,4430,5952
458,30Nov1959,2526,5230
459,31Dec1959,1495,4188
460,31Jan1960,1358,548
461,29Feb1960,1748,155
462,31Mar1960,2156,201
463,30Apr1960,7661,2135
464,31May1960,8550,4314
465,30Jun1960,12509,6410
466,31Jul1960,12388,7015
467,31Aug1960,10087,6241
468,30Sep1960,5160,5223
469,31Oct1960,4208,4462
470,30Nov1960,1975,3704
471,31Dec1960,1413,3153
472,31Jan1961,1158,558
473,28Feb1961,1561,184
474,31Mar1961,2179,266
475,30Apr1961,7686,3305
476,31May1961,9048,4556
477,30Jun1961,12061,6452
478,31Jul1961,12337,7657
479,31Aug1961,10400,7244
480,30Sep1961,5219,6117
481,31Oct1961,4305,3725
482,30Nov1961,2140,3153
483,31Dec1961,1432,2806
484,31Jan1962,1293,267
485,28Feb1962,1682,200
486,31Mar1962,2271,549
487,30Apr1962,8572,4080
488,31May1962,9674,5569
489,30Jun1962,13220,7999
490,31Jul1962,13581,9084
491,31Aug1962,10957,8812
492,30Sep1962,5531,7471
493,31Oct1962,3833,5406
494,30Nov1962,2526,5718
495,31Dec1962,1525,4680
496,31Jan1963,1420,2385
497,28Feb1963,1887,1708
498,31Mar1963,2498,1838
499,30Apr1963,5584,3239
500,31May1963,9527,6445
501,30Jun1963,14612,8439
502,31Jul1963,14843,8509
503,31Aug1963,11971,8344
504,30Sep1963,5984,6750
505,31Oct1963,4184,5637
506,30Nov1963,2205,5404
507,31Dec1963,1800,4829
508,31Jan1964,1640,711
509,29Feb1964,2016,363
510,31Mar1964,2913,549
511,30Apr1964,9799,4436
512,31May1964,10044,4889
513,30Jun1964,13255,7260
514,31Jul1964,13875,8587
515,31Aug1964,10823,8255
516,30Sep1964,5467,6917
517,31Oct1964,4009,4128
518,30Nov1964,2245,4709
519,31Dec1964,1532,4474
520,31Jan1965,1522,572
521,28Feb1965,2018,748
522,31Mar1965,2581,1458
523,30Apr1965,6916,4215
524,31May1965,10714,6829
525,30Jun1965,14972,8380
526,31Jul1965,15339,8555
527,31Aug1965,11445,8140
528,30Sep1965,6115,7073
529,31Oct1965,4831,6764
530,30Nov1965,2279,5733
531,31Dec1965,1809,5034
532,31Jan1966,1825,835
533,28Feb1966,2381,1795
534,31Mar1966,2722,2282
535,30Apr1966,9326,5413
536,31May1966,10632,6486
537,30Jun1966,14499,7934
538,31Jul1966,14829,7989
539,31Aug1966,11924,7975
540,30Sep1966,5908,6576
541,31Oct1966,4688,6119
542,30Nov1966,2304,5027
543,31Dec1966,1714,4418
544,31Jan1967,1773,254
545,28Feb1967,2322,1945
546,31Mar1967,3052,2520
547,30Apr1967,6459,5162
548,31May1967,12068,8500
549,30Jun1967,16328,9971
550,31Jul1967,18599,10411
551,31Aug1967,14762,9984
552,30Sep1967,6964,8490
553,31Oct1967,5204,8086
554,30Nov1967,2911,6108
555,31Dec1967,2227,7334
556,31Jan1968,2521,563
557,29Feb1968,3132,400
558,31Mar1968,2316,523
559,30Apr1968,8390,3916
560,31May1968,9704,5125
561,30Jun1968,13030,7366
562,31Jul1968,13727,8723
563,31Aug1968,10506,8208
564,30Sep1968,5644,7215
565,31Oct1968,4172,5344
566,30Nov1968,2210,4925
567,31Dec1968,1446,4019
568,31Jan1969,1444,292
569,28Feb1969,1919,2272
570,31Mar1969,3381,3072
571,30Apr1969,9724,6333
572,31May1969,12451,8762
573,30Jun1969,17215,10383
574,31Jul1969,18229,10360
575,31Aug1969,14472,10024
576,30Sep1969,6907,8485
577,31Oct1969,4818,7966
578,30Nov1969,3011,7911
579,31Dec1969,2106,6730
580,31Jan1970,2520,1988
581,28Feb1970,3243,1729
582,31Mar1970,2346,2267
583,30Apr1970,9112,5135
584,31May1970,10345,6875
585,30Jun1970,13575,8004
586,31Jul1970,14320,8235
587,31Aug1970,11537,8202
588,30Sep1970,5773,6693
589,31Oct1970,4229,6141
590,30Nov1970,2083,5543
591,31Dec1970,1576,4746
592,31Jan1971,1654,2459
593,28Feb1971,2126,1530
594,31Mar1971,2403,1309
595,30Apr1971,9299,4641
596,31May1971,8602,5731
597,30Jun1971,12836,7817
598,31Jul1971,13002,8323
599,31Aug1971,10565,8213
600,30Sep1971,5309,6832
601,31Oct1971,4444,6331
602,30Nov1971,2416,5720
603,31Dec1971,1426,4575
604,31Jan1972,1386,840
605,29Feb1972,1708,293
606,31Mar1972,2965,581
607,30Apr1972,8891,3752
608,31May1972,9112,4510
609,30Jun1972,12262,6345
610,31Jul1972,12461,7314
611,31Aug1972,10182,6769
612,30Sep1972,4917,5441
613,31Oct1972,3704,4244
614,30Nov1972,2043,3872
615,31Dec1972,1402,3357
616,31Jan1973,1172,307
617,28Feb1973,1577,2119
618,31Mar1973,2679,2684
619,30Apr1973,8769,5347
620,31May1973,10741,7313
621,30Jun1973,15142,8906
622,31Jul1973,15506,8904
623,31Aug1973,12448,8785
624,30Sep1973,6055,7200
625,31Oct1973,4227,6432
626,30Nov1973,2354,6237
627,31Dec1973,1798,5224
628,31Jan1974,1878,2427
629,28Feb1974,2447,1843
630,31Mar1974,2647,2338
631,30Apr1974,7742,4635
632,31May1974,10949,7106
633,30Jun1974,15350,8514
634,31Jul1974,14770,8110
635,31Aug1974,12766,8498
636,30Sep1974,6303,6937
637,31Oct1974,4344,6192
638,30Nov1974,2725,6032
639,31Dec1974,1703,4974
640,31Jan1975,2027,882
641,28Feb1975,2490,321
642,31Mar1975,2501,2457
643,30Apr1975,7861,4940
644,31May1975,10546,7178
645,30Jun1975,14746,8585
646,31Jul1975,14790,8536
647,31Aug1975,11931,8451
648,30Sep1975,5992,7008
649,31Oct1975,4000,6023
650,30Nov1975,2683,6277
651,31Dec1975,1861,5242
652,31Jan1976,1860,947
653,29Feb1976,2475,225
654,31Mar1976,3420,962
655,30Apr1976,8773,1722
656,31May1976,9813,3298
657,30Jun1976,12849,4850
658,31Jul1976,13004,5582
659,31Aug1976,9815,4796
660,30Sep1976,5135,3657
661,31Oct1976,4313,4084
662,30Nov1976,2366,3681
663,31Dec1976,1504,3219
664,31Jan1977,1257,684
665,28Feb1977,1906,181
666,31Mar1977,1758,639
667,30Apr1977,4993,750
668,31May1977,4223,1912
669,30Jun1977,5808,2290
670,31Jul1977,6168,2866
671,31Aug1977,5324,2610
672,30Sep1977,2588,2170
673,31Oct1977,2406,1552
674,30Nov1977,1344,1359
675,31Dec1977,821,1278
676,31Jan1978,583,108
677,28Feb1978,835,489
678,31Mar1978,2555,2733
679,30Apr1978,7403,4741
680,31May1978,11526,7830
681,30Jun1978,16813,9592
682,31Jul1978,17435,9586
683,31Aug1978,13877,9258
684,30Sep1978,6290,7283
685,31Oct1978,5237,7845
686,30Nov1978,2760,6985
687,31Dec1978,2134,6044
688,31Jan1979,2285,552
689,28Feb1979,2946,175
690,31Mar1979,2543,418
691,30Apr1979,8201,5054
692,31May1979,10591,7279
693,30Jun1979,14977,8861
694,31Jul1979,15252,8822
695,31Aug1979,12173,8546
696,30Sep1979,5982,7187
697,31Oct1979,4123,6236
698,30Nov1979,2482,6343
699,31Dec1979,1665,5247
700,31Jan1980,1798,740
701,29Feb1980,2271,1848
702,31Mar1980,2880,3104
703,30Apr1980,8512,6427
704,31May1980,10631,8344
705,30Jun1980,15216,10133
706,31Jul1980,15998,10121
707,31Aug1980,12906,9786
708,30Sep1980,6317,8310
709,31Oct1980,4805,8046
710,30Nov1980,2810,7912
711,31Dec1980,1792,6771
712,31Jan1981,2003,363
713,28Feb1981,2597,189
714,31Mar1981,2394,226
715,30Apr1981,7465,2107
716,31May1981,9419,4572
717,30Jun1981,13935,6441
718,31Jul1981,14019,6997
719,31Aug1981,10778,6154
720,30Sep1981,5534,4883
721,31Oct1981,3932,3003
722,30Nov1981,2196,2585
723,31Dec1981,1522,2270
724,31Jan1982,1491,2035
725,28Feb1982,1974,2086
726,31Mar1982,3174,2967
727,30Apr1982,7355,5730
728,31May1982,12317,8756
729,30Jun1982,17004,10528
730,31Jul1982,18695,10655
731,31Aug1982,14847,10207
732,30Sep1982,6212,8029
733,31Oct1982,4508,7457
734,30Nov1982,2695,7354
735,31Dec1982,2218,6771
736,31Jan1983,2521,2511
737,28Feb1983,3243,2290
738,31Mar1983,3373,2925
739,30Apr1983,6964,5384
740,31May1983,11705,8554
741,30Jun1983,17511,10445
742,31Jul1983,18689,10737
743,31Aug1983,14583,10106
744,30Sep1983,6652,8024
745,31Oct1983,5071,7865
746,30Nov1983,2606,7131
747,31Dec1983,2106,6050
748,31Jan1984,2633,3222
749,29Feb1984,3132,2209
750,31Mar1984,3139,2913
751,30Apr1984,10275,5940
752,31May1984,11455,7623
753,30Jun1984,15386,9194
754,31Jul1984,16066,9212
755,31Aug1984,11154,8868
756,30Sep1984,6273,7487
757,31Oct1984,4402,6557
758,30Nov1984,2399,6238
759,31Dec1984,1985,5695
760,31Jan1985,2115,912
761,28Feb1985,2632,322
762,31Mar1985,2293,458
763,30Apr1985,8479,5442
764,31May1985,10179,6981
765,30Jun1985,13965,8472
766,31Jul1985,14267,8630
767,31Aug1985,11447,8492
768,30Sep1985,5167,5040
769,31Oct1985,4253,4817
770,30Nov1985,2182,6985
771,31Dec1985,1632,6002
772,31Jan1986,1573,396
773,28Feb1986,2082,203
774,31Mar1986,2319,2681
775,30Apr1986,7579,5716
776,31May1986,9722,7826
777,30Jun1986,13981,9502
778,31Jul1986,14129,9536
779,31Aug1986,11411,9211
780,30Sep1986,5173,7378
781,31Oct1986,4492,7641
782,30Nov1986,2572,5992
783,31Dec1986,1609,5674
784,31Jan1987,1529,693
785,28Feb1987,2032,159
786,31Mar1987,1709,186
787,30Apr1987,8390,1261
788,31May1987,9846,2422
789,30Jun1987,13292,3317
790,31Jul1987,13356,3653
791,31Aug1987,10813,3219
792,30Sep1987,5463,2704
793,31Oct1987,4213,1563
794,30Nov1987,2191,969
795,31Dec1987,1422,983
796,31Jan1988,1403,113
797,29Feb1988,1723,198
798,31Mar1988,2154,451
799,30Apr1988,6692,1318
800,31May1988,7049,2353
801,30Jun1988,9960,3569
802,31Jul1988,10067,4019
803,31Aug1988,8330,3540
804,30Sep1988,4422,3003
805,31Oct1988,3701,2661
806,30Nov1988,1775,2007
807,31Dec1988,962,1813
808,31Jan1989,719,443
809,28Feb1989,983,195
810,31Mar1989,1635,247
811,30Apr1989,7626,4540
812,31May1989,9544,6934
813,30Jun1989,12429,8728
814,31Jul1989,12526,9252
815,31Aug1989,10352,9009
816,30Sep1989,4019,6147
817,31Oct1989,3741,6093
818,30Nov1989,2231,6233
819,31Dec1989,1479,4635
820,31Jan1990,1176,542
821,28Feb1990,1500,171
822,31Mar1990,1721,216
823,30Apr1990,4577,2802
824,31May1990,4075,2706
825,30Jun1990,6589,4728
826,31Jul1990,6549,4998
827,31Aug1990,5615,4283
828,30Sep1990,3393,3565
829,31Oct1990,2684,2710
830,30Nov1990,1478,2075
831,31Dec1990,908,1724
832,31Jan1991,642,518
833,28Feb1991,961,181
834,31Mar1991,1406,196
835,30Apr1991,4302,1206
836,31May1991,5373,2394
837,30Jun1991,7426,3220
838,31Jul1991,7437,3714
839,31Aug1991,6244,3252
840,30Sep1991,3454,2758
841,31Oct1991,2621,2728
842,30Nov1991,1467,2587
843,31Dec1991,798,1938
844,31Jan1992,524,505
845,29Feb1992,808,159
846,31Mar1992,1609,230
847,30Apr1992,5536,1140
848,31May1992,7357,3143
849,30Jun1992,9426,4304
850,31Jul1992,9804,5043
851,31Aug1992,8183,4486
852,30Sep1992,4207,3772
853,31Oct1992,2956,1348
854,30Nov1992,1724,1117
855,31Dec1992,877,3938
856,31Jan1993,639,135
857,28Feb1993,947,441
858,31Mar1993,2451,556
859,30Apr1993,8072,3605
860,31May1993,8628,5287
861,30Jun1993,13466,7903
862,31Jul1993,14743,9390
863,31Aug1993,11826,9099
864,30Sep1993,6043,7660
865,31Oct1993,4400,6309
866,30Nov1993,2424,5841
867,31Dec1993,1716,4693
868,31Jan1994,1617,733
869,28Feb1994,2133,234
870,31Mar1994,2575,457
871,30Apr1994,8276,3370
872,31May1994,8194,4057
873,30Jun1994,12864,6235
874,31Jul1994,13322,7149
875,31Aug1994,10511,6492
876,30Sep1994,5038,5502
877,31Oct1994,3684,3447
878,30Nov1994,1944,2730
879,31Dec1994,1552,2369
880,31Jan1995,1662,114
881,28Feb1995,2150,1828
882,31Mar1995,2901,2385
883,30Apr1995,8657,5935
884,31May1995,10474,7820
885,30Jun1995,16443,9842
886,31Jul1995,17969,10358
887,31Aug1995,14286,9946
888,30Sep1995,6859,8494
889,31Oct1995,5268,8270
890,30Nov1995,3019,7409
891,31Dec1995,2035,4985
892,31Jan1996,2395,644
893,29Feb1996,2979,1352
894,31Mar1996,2843,2577
895,30Apr1996,8249,5060
896,31May1996,9305,6623
897,30Jun1996,16538,9440
898,31Jul1996,17170,9351
899,31Aug1996,13039,9143
900,30Sep1996,6529,7632
901,31Oct1996,4544,6528
902,30Nov1996,2608,4872
903,31Dec1996,1924,6562
904,31Jan1997,2196,1875
905,28Feb1997,2833,1883
906,31Mar1997,3161,2632
907,30Apr1997,10235,6166
908,31May1997,10724,7278
909,30Jun1997,14576,8818
910,31Jul1997,15370,8904
911,31Aug1997,10412,8638
912,30Sep1997,5842,7171
913,31Oct1997,4359,6707
914,30Nov1997,2238,6173
915,31Dec1997,1849,5528
916,31Jan1998,1869,221
917,28Feb1998,2436,1913
918,31Mar1998,3262,2737
919,30Apr1998,8331,5259
920,31May1998,8521,7270
921,30Jun1998,17311,10945
922,31Jul1998,18765,10903
923,31Aug1998,14901,10458
924,30Sep1998,6898,8592
925,31Oct1998,4944,7988
926,30Nov1998,2823,7485
927,31Dec1998,2323,7104
928,31Jan1999,2530,2141
929,28Feb1999,3244,434
930,31Mar1999,2509,1185
931,30Apr1999,8075,4539
932,31May1999,10403,6517
933,30Jun1999,14174,7985
934,31Jul1999,14921,8415
935,31Aug1999,11924,8340
936,30Sep1999,5862,6991
937,31Oct1999,4546,6357
938,30Nov1999,2379,5777
939,31Dec1999,1819,5111
940,31Jan2000,1742,538
941,29Feb2000,2205,309
942,31Mar2000,2540,1984
943,30Apr2000,7863,4895
944,31May2000,9421,6922
945,30Jun2000,14586,8765
946,31Jul2000,14669,8886
947,31Aug2000,11169,8742
948,30Sep2000,5837,7147
949,31Oct2000,3972,6082
950,30Nov2000,2560,6280
951,31Dec2000,1829,5423
952,31Jan2001,1782,618
953,28Feb2001,2332,158
954,31Mar2001,2407,224
955,30Apr2001,7699,2112
956,31May2001,10006,4146
957,30Jun2001,13491,5345
958,31Jul2001,13950,5794
959,31Aug2001,11256,5030
960,30Sep2001,5451,4038
961,31Oct2001,4280,1993
962,30Nov2001,2054,1295
963,31Dec2001,1480,1321
964,31Jan2002,1504,204
965,28Feb2002,1994,334
966,31Mar2002,2546,438
967,30Apr2002,9558,5461
968,31May2002,9182,6061
969,30Jun2002,13414,8294
970,31Jul2002,13562,8654
971,31Aug2002,10995,8557
972,30Sep2002,5614,5375
973,31Oct2002,4575,3932
974,30Nov2002,2339,4938
975,31Dec2002,1464,4980
976,31Jan2003,1458,750
977,28Feb2003,1933,423
978,31Mar2003,2459,527
979,30Apr2003,6339,3112
980,31May2003,9140,4990
981,30Jun2003,14519,7893
982,31Jul2003,14652,9078
983,31Aug2003,11128,8497
984,30Sep2003,5938,7483
