"date is CalLite-CV time series. Unlike the other csv's I've left the original labels, although I replaced the .'s with _'s to fit with the nomenclature I think Sadie prefers, since we might use these differently than I've laid out in the next sentence (and we'll probably need the DCC time series in particular separated out for apportioning Sacramento River fish between Delta regions). It should be as 'simple' as this: North Delta flow = Hood.Outflow, Central Delta flow = Eastside.Outflow + DCC.Diversion, and South Delta flow = SJR_Calaveras.Outflow + SJR_FlowSplit.C417B + CentralDelta.Outflow. If the Central Delta is really just a constituent part of the South Delta then replace CentralDelta.Outflow with Eastside.Outflow + DCC.Diversion. I hope that's all there is to it... NOTE the one (and only one) negative value for Eastside.Outflow, in the first time step",,,,,,
date,Hood_Outflow,Eastside_Outflow,DCC_Diversion,SJR_Calaveras_Outflow,SJR_FlowSplit_C417B,CentralDelta_Outflow
10/1/2014 0:00,10485,-107.2,3646,980.6,234.9,3539
11/1/2014 0:00,10312,79.16,3659,1541,371.7,3754
12/1/2014 0:00,11745,90.13,2393,634.9,670.2,2529
1/1/2015 0:00,15489,484.6,2895,848.9,706.3,3440
2/1/2015 0:00,29088,1447,4710,1457,1070,6271
3/1/2015 0:00,23979,403.6,4019,1032,1047,4430
4/1/2015 0:00,25431,946.2,4219,3184,2705,5260
5/1/2015 0:00,21001,458.5,3623,1424,1394,4087
6/1/2015 0:00,12841,364.8,2537,917.6,586.2,3000
7/1/2015 0:00,11654,533.7,5505,1070,693.3,6164
8/1/2015 0:00,10230,246.7,5088,1139,745,5481
9/1/2015 0:00,7109,212.4,4174,1266,700.3,4499
10/1/2015 0:00,8835,234.5,3301,1821,489.3,3617
11/1/2015 0:00,27569,1013,4505,2526,621.4,5630
12/1/2015 0:00,21468,472.4,3686,820.7,762.4,4171
1/1/2016 0:00,21050,670.1,3632,874.7,744.5,4318
2/1/2016 0:00,73861,2477,10662,2252,1386,13226
3/1/2016 0:00,52930,1866,7872,1810,1383,9763
4/1/2016 0:00,28793,1088,4660,3766,3466,5764
5/1/2016 0:00,20217,840.8,3518,2472,2324,4381
6/1/2016 0:00,17493,1293,3156,2367,1631,4534
7/1/2016 0:00,20778,447.3,8179,1046,675.6,8736
8/1/2016 0:00,15028,461,6494,1615,1086,7096
9/1/2016 0:00,8696,552.3,4639,1641,900.8,5332
10/1/2016 0:00,12835,243.2,4143,2046,551.3,4442
11/1/2016 0:00,19005,439.8,5514,2841,673.7,6052
12/1/2016 0:00,21190,350,3651,1596,1424,4032
1/1/2017 0:00,18496,316.4,3292,1721,1614,3629
2/1/2017 0:00,19694,351.8,3451,1837,1706,3827
3/1/2017 0:00,48447,1910,7278,3833,3394,9235
4/1/2017 0:00,23116,1004,3905,3279,3037,4922
5/1/2017 0:00,19290,627.2,3395,1858,1780,4044
6/1/2017 0:00,15533,588.4,2895,1265,838.3,3569
7/1/2017 0:00,17153,394.7,7117,962.7,617,7634
8/1/2017 0:00,8153,190.8,4479,1253,829,4818
9/1/2017 0:00,7672,580.2,4339,1563,859.5,5069
10/1/2017 0:00,9012,138.7,3336,1473,383.9,3554
11/1/2017 0:00,13722,409.3,4390,2741,606.7,4853
12/1/2017 0:00,11515,243.5,2365,818.3,756.4,2643
1/1/2018 0:00,10385,82.76,2212,651.9,708.7,2305
2/1/2018 0:00,13177,354,2585,1174,1104,2966
3/1/2018 0:00,11964,382.4,2422,1107,1107,2817
4/1/2018 0:00,11206,536.7,2320,1848,1778,2876
5/1/2018 0:00,7378,384.2,1811,1332,1315,2263
6/1/2018 0:00,11800,756,2399,1353,908.7,3222
7/1/2018 0:00,9324,293.2,4823,800.5,507.7,5224
8/1/2018 0:00,6767,240.9,4073,1168,775.1,4445
9/1/2018 0:00,7650,324.7,4333,1226,681.8,4786
10/1/2018 0:00,8836,154.5,3299,1239,313.3,3545
11/1/2018 0:00,9383,107,3459,1059,257.3,3631
12/1/2018 0:00,17549,496,3169,745.3,605.2,3731
1/1/2019 0:00,20196,470.8,3522,693.6,611.7,4046
2/1/2019 0:00,25282,923.6,4195,1148,1100,5147
3/1/2019 0:00,24642,1174,4111,1266,1135,5330
4/1/2019 0:00,17285,457.8,3130,1773,1704,3598
5/1/2019 0:00,13293,385.5,2598,1211,1210,3006
6/1/2019 0:00,12197,755.2,2452,1142,755.1,3284
7/1/2019 0:00,11627,287.5,5497,1009,656.2,5898
8/1/2019 0:00,8861,341.5,4687,1014,659.7,5170
9/1/2019 0:00,7723,244.3,4354,1253,693.5,4749
10/1/2019 0:00,11604,9.761,3882,1142,284.1,3921
11/1/2019 0:00,9003,147.5,3380,1304,326.6,3606
12/1/2019 0:00,6959,2.789,1755,529,612.5,1765
1/1/2020 0:00,15547,319.7,2902,775.9,703.8,3265
2/1/2020 0:00,16143,124.6,2979,635,690.4,3117
3/1/2020 0:00,9481,144.1,2092,781.1,833.1,2244
4/1/2020 0:00,11471,141.2,2355,1472,1451,2514
5/1/2020 0:00,7946,379.7,1886,753.7,804.3,2343
6/1/2020 0:00,8239,598.3,1925,888.8,578.1,2613
7/1/2020 0:00,5411,46.9,3676,886.2,576.5,3828
8/1/2020 0:00,5167,261.1,3605,1062,698.7,4028
9/1/2020 0:00,6638,232.6,4036,1021,573,4423
10/1/2020 0:00,7664,70.77,3053,1275,327.7,3180
11/1/2020 0:00,9341,198.5,3453,973.7,217.5,3700
12/1/2020 0:00,19068,1521,3380,1809,1291,5048
1/1/2021 0:00,18602,1708,3306,1275,1009,5037
2/1/2021 0:00,17963,1230,3223,2074,1640,4493
3/1/2021 0:00,22183,1447,3781,1940,1849,5241
4/1/2021 0:00,13250,587.9,2592,2956,2766,3197
5/1/2021 0:00,12285,496.7,2463,2237,2123,3010
6/1/2021 0:00,15355,1189,2872,1899,1306,4116
7/1/2021 0:00,12630,461.9,5791,1313,878.6,6361
8/1/2021 0:00,7729,547.3,4355,1084,712,5061
9/1/2021 0:00,7237,873.8,4212,1484,823.4,5214
10/1/2021 0:00,8902,116.8,3313,1600,426.4,3519
11/1/2021 0:00,10235,85.03,3641,1047,253.1,3783
12/1/2021 0:00,9341,157.8,2074,695.7,702,2275
1/1/2022 0:00,11756,216.2,2398,889.5,823.5,2659
2/1/2022 0:00,9631,105.3,2112,837,864,2234
3/1/2022 0:00,12482,392.1,2491,1109,1122,2895
4/1/2022 0:00,11804,111.5,2400,1839,1778,2517
5/1/2022 0:00,10934,214.5,2284,931.5,968.9,2522
6/1/2022 0:00,11437,508.7,2351,1004,661.5,2938
7/1/2022 0:00,6962,181.3,4131,885.1,573,4417
8/1/2022 0:00,3834,608.7,3214,1053,694.9,3961
9/1/2022 0:00,6693,336.9,4052,1038,577.6,4539
10/1/2022 0:00,5516,50.25,2601,1272,325.8,2712
11/1/2022 0:00,6506,55.39,2846,1453,381.6,2951
12/1/2022 0:00,15822,695.7,2942,936.1,722.3,3739
1/1/2023 0:00,10460,393.9,2224,785.5,775.3,2647
2/1/2023 0:00,13316,730.2,2605,916.6,882.7,3369
3/1/2023 0:00,12767,407,2528,811.5,863.3,2942
4/1/2023 0:00,13378,142.1,2609,1760,1708,2769
5/1/2023 0:00,8619,346.3,1976,793.8,842.8,2378
6/1/2023 0:00,9262,656.7,2061,899.4,586.4,2813
7/1/2023 0:00,14715,110.2,6402,541.4,326.3,6628
8/1/2023 0:00,4244,168,3334,917.9,599.7,3634
9/1/2023 0:00,6089,231,3875,931.5,524.8,4231
10/1/2023 0:00,6016,172.6,2706,1238,313.3,2984
11/1/2023 0:00,11729,414.3,3966,1404,322.9,4449
12/1/2023 0:00,10789,406.6,2268,872.7,822.4,2715
1/1/2024 0:00,21424,928.2,3687,1334,1092,4693
2/1/2024 0:00,18360,526.7,3274,1685,1628,3816
3/1/2024 0:00,19918,985,3482,1785,1639,4502
4/1/2024 0:00,25336,2741,4206,4020,3522,7012
5/1/2024 0:00,23078,1970,3899,3035,2835,5875
6/1/2024 0:00,21366,705.3,3671,1410,952.1,4415
7/1/2024 0:00,15350,463.6,6588,1074,700.3,7182
8/1/2024 0:00,7306,659.5,4231,1493,1004,5042
9/1/2024 0:00,8535,825.9,4592,1477,818.9,5543
10/1/2024 0:00,10363,215.4,3621,1710,459.9,3907
11/1/2024 0:00,9520,258.5,3490,2099,318.5,3788
12/1/2024 0:00,11949,235.3,2421,724.2,743.2,2678
1/1/2025 0:00,32728,1213,5189,1217,937.9,6465
2/1/2025 0:00,63510,9252,9293,9068,5732,18704
3/1/2025 0:00,45804,4517,6924,7818,6694,11459
4/1/2025 0:00,30039,2686,4826,8297,8165,7543
5/1/2025 0:00,17251,513.8,3124,3947,3639,3659
6/1/2025 0:00,16105,1570,2971,1325,881.6,4615
7/1/2025 0:00,18000,679.6,7365,1019,658.3,8153
8/1/2025 0:00,8236,1080,4504,1425,946.9,5740
9/1/2025 0:00,9554,1254,4891,1416,780.4,6262
10/1/2025 0:00,8698,159.7,3270,1867,506.7,3505
11/1/2025 0:00,10267,120.2,3647,2107,524,3797
12/1/2025 0:00,11938,382.7,2421,975.2,874.7,2851
1/1/2026 0:00,13978,367.1,2693,998.3,902.7,3115
2/1/2026 0:00,27190,1911,4459,5002,3600,6488
3/1/2026 0:00,45783,4072,6928,8763,6705,11094
4/1/2026 0:00,20293,1357,3530,6632,6018,4898
5/1/2026 0:00,20682,1236,3580,7189,6518,4837
6/1/2026 0:00,18918,514.2,3346,1591,1066,3944
7/1/2026 0:00,13577,1204,6069,2263,1551,7364
8/1/2026 0:00,8278,1208,4516,1818,1227,5873
9/1/2026 0:00,6999,683.9,4142,2332,1277,4972
10/1/2026 0:00,9387,281.2,3415,2235,620.4,3759
11/1/2026 0:00,18827,499.3,5476,1953,363,6029
12/1/2026 0:00,33483,1083,5290,2918,2422,6455
1/1/2027 0:00,28630,1141,4642,7078,6204,5822
2/1/2027 0:00,75092,6199,10834,10645,7590,17208
3/1/2027 0:00,74444,7506,10738,11696,10194,18310
4/1/2027 0:00,72328,6241,10451,16920,24595,16705
5/1/2027 0:00,32619,4120,5168,10456,12768,9309
6/1/2027 0:00,16823,1451,3067,7033,4982,4597
7/1/2027 0:00,14999,2612,6486,4289,3001,9209
8/1/2027 0:00,12136,2004,5647,2847,1960,7790
9/1/2027 0:00,9372,1284,4838,2641,1439,6259
10/1/2027 0:00,9008,199.5,3336,4271,1251,3606
11/1/2027 0:00,9998,135.7,3591,2803,458.2,3761
12/1/2027 0:00,11117,145.7,2309,1446,1366,2464
1/1/2028 0:00,10068,270.7,2171,1634,1527,2462
2/1/2028 0:00,10458,295,2222,1464,1409,2530
3/1/2028 0:00,20532,784.8,3563,2007,1826,4380
4/1/2028 0:00,14770,295.6,2794,2417,2271,3097
5/1/2028 0:00,11834,464,2404,1799,1714,2950
6/1/2028 0:00,13966,591.9,2687,1191,778,3383
7/1/2028 0:00,19369,601.3,7766,909.8,574.7,8484
8/1/2028 0:00,10704,235.3,5227,1335,879.5,5610
9/1/2028 0:00,8421,366,4560,1429,784.9,5050
10/1/2028 0:00,9270,172.3,3391,1814,488.3,3632
11/1/2028 0:00,11742,210.7,3962,1677,447.5,4179
12/1/2028 0:00,14603,193.7,2773,631.8,667.5,2992
1/1/2029 0:00,37224,1700,5793,1889,1391,7633
2/1/2029 0:00,74786,4904,10793,6240,4001,15866
3/1/2029 0:00,74892,5390,10797,5215,3954,16251
4/1/2029 0:00,35260,1262,5520,5378,4898,6793
5/1/2029 0:00,17694,489.8,3183,4044,3710,3693
6/1/2029 0:00,16423,1092,3014,1589,1060,4186
7/1/2029 0:00,21181,770.9,8297,1245,809.1,9179
8/1/2029 0:00,12475,900.6,5746,1424,937.8,6782
9/1/2029 0:00,8277,341.1,4517,1730,944.1,4992
10/1/2029 0:00,12531,240,4077,1972,534.8,4366
11/1/2029 0:00,12962,300.5,4223,2241,478.1,4596
12/1/2029 0:00,42604,1693,6511,2764,1937,8367
1/1/2030 0:00,73463,1598,10610,5300,4088,12295
2/1/2030 0:00,74106,2863,10696,9146,7950,13643
3/1/2030 0:00,55993,2119,8282,7344,6162,10450
4/1/2030 0:00,44276,1767,6724,4811,4227,8546
5/1/2030 0:00,30513,1781,4889,6842,6174,6684
6/1/2030 0:00,19581,563,3434,2799,1922,4025
7/1/2030 0:00,19528,1453,7813,2204,1486,9368
8/1/2030 0:00,13717,328.3,6110,2136,1435,6586
9/1/2030 0:00,9060,1414,4746,1979,1070,6272
10/1/2030 0:00,11516,308.9,3864,4054,1171,4278
11/1/2030 0:00,15217,301.7,4704,2624,462.7,5017
12/1/2030 0:00,44419,1148,6747,2357,1729,8005
1/1/2031 0:00,73980,3889,10677,7823,5919,14650
2/1/2031 0:00,68078,1775,9891,5063,3939,11738
3/1/2031 0:00,44544,1614,6757,4382,3751,8402
4/1/2031 0:00,45979,2775,6949,4192,3743,9763
5/1/2031 0:00,33146,3133,5239,3401,3116,8394
6/1/2031 0:00,20190,1802,3515,4262,2976,5338
7/1/2031 0:00,18720,674.5,7576,2137,1434,8373
8/1/2031 0:00,13978,753.7,6186,2313,1565,7065
9/1/2031 0:00,10612,815.2,5201,2356,1274,6144
10/1/2031 0:00,11435,443.4,3846,2081,561.6,4376
11/1/2031 0:00,21372,884,6017,2899,561.8,6987
12/1/2031 0:00,27342,1965,4470,4422,3657,6472
1/1/2032 0:00,74947,6185,10811,10280,8971,17134
2/1/2032 0:00,41664,2516,6374,6154,5227,8912
3/1/2032 0:00,53971,3303,8012,9125,7617,11346
4/1/2032 0:00,40348,2458,6198,7443,6706,8676
5/1/2032 0:00,16472,1169,3020,4276,3903,4211
6/1/2032 0:00,14518,2513,2760,1899,1271,5356
7/1/2032 0:00,20697,1009,8155,1260,807.9,9282
8/1/2032 0:00,9516,317.8,4879,1583,1042,5329
9/1/2032 0:00,10578,1114,5191,1898,1029,6415
10/1/2032 0:00,8851,272.2,3302,2022,545.5,3666
11/1/2032 0:00,11829,219.3,3981,2221,472.8,4243
12/1/2032 0:00,11357,172.1,2342,828.6,810.3,2533
1/1/2033 0:00,13981,384.4,2693,892.4,829,3107
2/1/2033 0:00,19546,1303,3440,1813,1390,4848
3/1/2033 0:00,25865,1235,4272,1182,1126,5528
4/1/2033 0:00,21028,664.2,3627,2636,2452,4300
5/1/2033 0:00,11102,462.3,2306,1703,1624,2790
6/1/2033 0:00,15301,260.4,2865,1294,844.6,3203
7/1/2033 0:00,18158,357.8,7411,1268,825.6,7863
8/1/2033 0:00,11678,587.8,5513,1389,912.8,6226
9/1/2033 0:00,8148,579.5,4479,1334,722.8,5199
10/1/2033 0:00,8575,248.1,3245,1931,519.6,3583
11/1/2033 0:00,15709,559.8,4814,2598,637.5,5425
12/1/2033 0:00,19169,668.4,3382,1179,837.8,4079
1/1/2034 0:00,14784,517.7,2797,1092,961.9,3331
2/1/2034 0:00,24720,2030,4126,2417,1718,6253
3/1/2034 0:00,34544,1820,5428,2604,1706,7278
4/1/2034 0:00,21541,1145,3695,3661,3371,4847
5/1/2034 0:00,14250,1365,2725,2439,2285,4114
6/1/2034 0:00,15704,407.2,2918,2462,1690,3410
7/1/2034 0:00,14715,214.3,6402,1400,924.6,6717
8/1/2034 0:00,7627,637.4,4325,2173,1482,5094
9/1/2034 0:00,8085,1038,4461,1590,866.7,5633
10/1/2034 0:00,10782,515.4,3712,2302,616.7,4345
11/1/2034 0:00,17596,936.6,5212,2806,579.7,6184
12/1/2034 0:00,56255,3139,8321,2992,1935,11551
1/1/2035 0:00,38566,2362,5961,5013,4094,8338
2/1/2035 0:00,20537,973.2,3562,3011,2604,4545
3/1/2035 0:00,37883,2032,5870,3406,2990,7915
4/1/2035 0:00,23660,1036,3977,3882,3564,5039
5/1/2035 0:00,17609,776.5,3172,1772,1697,3971
6/1/2035 0:00,16926,275.2,3081,1310,864,3443
7/1/2035 0:00,19957,188.9,7938,1112,720.8,8232
8/1/2035 0:00,12268,1005,5685,1491,993.2,6815
9/1/2035 0:00,9102,289.6,4759,1316,717.4,5197
10/1/2035 0:00,13144,167.4,4206,1857,501.4,4436
11/1/2035 0:00,13867,462.9,4420,2116,487.6,4929
12/1/2035 0:00,17778,584.8,3197,1269,1057,3816
1/1/2036 0:00,14059,381.8,2700,842.5,874,3090
2/1/2036 0:00,17496,695.7,3160,1226,1098,3896
3/1/2036 0:00,27226,736.1,4453,837.1,839,5208
4/1/2036 0:00,18263,523.4,3259,1742,1676,3789
5/1/2036 0:00,11190,579.9,2318,1493,1451,2956
6/1/2036 0:00,14428,179.7,2748,837.5,526.7,3022
7/1/2036 0:00,15492,207.7,6630,822.8,517.8,6936
8/1/2036 0:00,6734,180.8,4064,1108,723.2,4378
9/1/2036 0:00,7703,429.8,4348,1142,630.3,4891
10/1/2036 0:00,12124,238.3,3994,1820,484.2,4329
11/1/2036 0:00,8620,164.8,3298,1762,452.9,3492
12/1/2036 0:00,9573,100.4,2104,566.8,630.7,2229
1/1/2037 0:00,11829,119.1,2403,464.7,544.9,2532
2/1/2037 0:00,13646,172.5,2646,1080,1084,2836
3/1/2037 0:00,18072,417.1,3236,1250,1195,3709
4/1/2037 0:00,26669,1595,4379,2511,2358,5991
5/1/2037 0:00,21925,1639,3748,1369,1327,5415
6/1/2037 0:00,17315,281.9,3132,1328,891.9,3480
7/1/2037 0:00,20319,325.7,8044,817.8,524.5,8430
8/1/2037 0:00,16355,182.8,6883,1091,714.3,7207
9/1/2037 0:00,11134,204.1,5354,1143,634.7,5669
10/1/2037 0:00,11612,171.6,3884,1675,447.2,4132
11/1/2037 0:00,13528,132.8,4342,1415,224.9,4501
12/1/2037 0:00,14008,523.8,2698,788.6,661.6,3281
1/1/2038 0:00,10205,242.4,2189,584.9,613,2455
2/1/2038 0:00,11862,234.1,2410,1079,1083,2659
3/1/2038 0:00,37516,1647,5825,1440,1278,7522
4/1/2038 0:00,24250,880.7,4055,2011,1924,4944
5/1/2038 0:00,17841,504,3202,1497,1467,3741
6/1/2038 0:00,13525,431.8,2628,1304,871.7,3145
7/1/2038 0:00,8978,218.1,4721,827.3,525.1,5057
8/1/2038 0:00,6380,161.8,3960,1113,730.9,4256
9/1/2038 0:00,8028,446.4,4444,982,547.7,4999
10/1/2038 0:00,12422,147.3,4054,1487,390.3,4291
11/1/2038 0:00,7834,142.4,3130,1830,428.6,3307
12/1/2038 0:00,7810,144,1870,581,645.7,2029
1/1/2039 0:00,16015,786.4,2966,1167,755.9,3813
2/1/2039 0:00,32273,1555,5128,1572,1096,6743
3/1/2039 0:00,28011,1470,4557,1497,1094,6044
4/1/2039 0:00,26639,1039,4373,1603,1560,5421
5/1/2039 0:00,19797,793,3463,1738,1683,4278
6/1/2039 0:00,17505,207.6,3158,1073,705.1,3451
7/1/2039 0:00,13404,532.7,6018,848.9,543.9,6656
8/1/2039 0:00,7244,319.9,4213,1077,702.7,4699
9/1/2039 0:00,7371,253.9,4251,1179,656.9,4610
10/1/2039 0:00,10680,316.9,3690,1809,479.3,4095
11/1/2039 0:00,41414,4020,6346,3679,599.6,10468
12/1/2039 0:00,50017,7519,7491,4471,2627,15095
1/1/2040 0:00,49862,6068,7465,5268,3627,13570
2/1/2040 0:00,36535,2167,5691,4349,3561,7881
3/1/2040 0:00,37636,1752,5836,2929,2599,7600
4/1/2040 0:00,25814,1042,4263,4236,3902,5313
5/1/2040 0:00,13627,611.9,2642,1773,1705,3290
6/1/2040 0:00,15692,234.4,2916,1416,951.8,3214
7/1/2040 0:00,23466,535,8966,1048,683,9606
8/1/2040 0:00,11093,213.2,5341,1464,978.2,5708
9/1/2040 0:00,11416,271,5437,1232,680.6,5817
10/1/2040 0:00,10755,312.6,3705,1984,539.8,4109
11/1/2040 0:00,18351,1261,5376,2479,565.4,6683
12/1/2040 0:00,31299,2636,5000,1815,1145,7708
1/1/2041 0:00,73718,6410,10649,8554,5504,17208
2/1/2041 0:00,73702,5662,10635,8004,6280,16322
3/1/2041 0:00,55232,2523,8180,7511,6019,10741
4/1/2041 0:00,61343,5296,8989,13908,19422,14298
5/1/2041 0:00,27137,2237,4439,8754,9162,6698
6/1/2041 0:00,18716,1824,3319,4166,2922,5219
7/1/2041 0:00,19533,286.1,7814,2359,1616,8206
8/1/2041 0:00,14644,224.4,6381,2298,1574,6726
9/1/2041 0:00,10329,233.4,5118,2385,1303,5472
10/1/2041 0:00,13326,196.7,4244,2904,826.7,4511
11/1/2041 0:00,16454,317,4968,2681,521.4,5365
12/1/2041 0:00,34782,1077,5467,2050,1468,6656
1/1/2042 0:00,74317,2437,10719,4452,3448,13198
2/1/2042 0:00,18792,634.3,3330,3070,2723,3973
3/1/2042 0:00,32249,572,5120,3185,2893,5703
4/1/2042 0:00,28985,712.8,4687,3136,2878,5437
5/1/2042 0:00,16900,898.7,3078,2359,2213,3998
6/1/2042 0:00,16274,374.8,2994,1222,799,3423
7/1/2042 0:00,22321,219.7,8631,981.8,622.5,8949
8/1/2042 0:00,16118,195.7,6813,1232,803.2,7123
9/1/2042 0:00,9149,203.4,4773,1257,685.5,5094
10/1/2042 0:00,12264,229.4,4020,1768,471.1,4312
11/1/2042 0:00,18275,392.2,5356,2505,527.8,5822
12/1/2042 0:00,17388,223.3,3143,604.3,641.8,3377
1/1/2043 0:00,38428,789.3,5946,955.2,801.9,6788
2/1/2043 0:00,45068,1094,6830,1007,830.2,7982
3/1/2043 0:00,42643,1337,6504,1282,1185,7865
4/1/2043 0:00,38700,1176,5979,3767,3456,7175
5/1/2043 0:00,19131,346.9,3374,1608,1552,3743
6/1/2043 0:00,15465,1016,2886,992.4,636.6,3976
7/1/2043 0:00,22233,204,8605,1006,643.7,8919
8/1/2043 0:00,15615,179.9,6666,1201,782.8,6980
9/1/2043 0:00,10006,177.5,5023,1131,619.4,5311
10/1/2043 0:00,13075,163,4191,1667,442,4410
11/1/2043 0:00,16844,451.8,5054,2249,538.5,5603
12/1/2043 0:00,21845,680.2,3742,945,740.9,4487
1/1/2044 0:00,16498,637,3029,1146,915.2,3712
2/1/2044 0:00,18510,857.1,3295,1187,1098,4183
3/1/2044 0:00,17945,839.2,3217,1073,1076,4063
4/1/2044 0:00,18146,599.7,3245,2081,1954,3877
5/1/2044 0:00,11190,492.2,2318,1583,1530,2820
6/1/2044 0:00,18620,188.9,3306,1317,870.6,3568
7/1/2044 0:00,15290,138.1,6571,980.1,626.8,6806
8/1/2044 0:00,14898,153.6,6456,1112,722.6,6731
9/1/2044 0:00,9639,174.7,4917,1131,619.5,5214
10/1/2044 0:00,12741,257.4,4121,1583,415.8,4451
11/1/2044 0:00,11251,264.9,3859,1624,427.3,4169
12/1/2044 0:00,61521,7351,9034,5514,2798,16615
1/1/2045 0:00,77155,10951,11103,12174,10705,22155
2/1/2045 0:00,69681,1974,10103,8350,6557,12129
3/1/2045 0:00,49930,1996,7471,6489,5734,9475
4/1/2045 0:00,34574,2224,5429,6671,6037,7665
5/1/2045 0:00,27181,2671,4445,5011,4565,7139
6/1/2045 0:00,17339,465.4,3136,3760,2620,3677
7/1/2045 0:00,19477,224.7,7798,1997,1348,8124
8/1/2045 0:00,14081,724.2,6217,1978,1334,7059
9/1/2045 0:00,9724,309.4,4941,1825,987.6,5381
10/1/2045 0:00,14030,335.8,4393,2324,639.7,4791
11/1/2045 0:00,14696,371.9,4591,2469,617.4,5017
12/1/2045 0:00,12819,245.9,2535,919.4,931.4,2790
1/1/2046 0:00,17684,410.6,3184,1060,978,3630
2/1/2046 0:00,24006,997.2,4028,1447,1248,5077
3/1/2046 0:00,37626,1241,5836,2861,2655,7091
4/1/2046 0:00,20526,716.5,3561,3193,2948,4293
5/1/2046 0:00,19622,894.1,3440,2383,2235,4363
6/1/2046 0:00,17794,360.7,3196,1175,766.1,3610
7/1/2046 0:00,17943,181.8,7348,1038,664.6,7635
8/1/2046 0:00,10586,184.8,5193,1336,879.3,5521
9/1/2046 0:00,9886,217.1,4989,1157,627.1,5338
10/1/2046 0:00,13866,295.2,4359,1841,495.2,4727
11/1/2046 0:00,11353,344.4,3879,1781,427.4,4254
12/1/2046 0:00,19004,627.5,3361,890.5,775.9,4035
1/1/2047 0:00,44296,1147,6729,1378,1082,7947
2/1/2047 0:00,75758,3729,10922,2891,1802,14816
3/1/2047 0:00,68958,3960,10009,6150,4159,14041
4/1/2047 0:00,63917,5289,9339,8022,6969,14722
5/1/2047 0:00,37916,3962,5873,7493,6768,9848
6/1/2047 0:00,17235,637.4,3122,5071,3559,3837
7/1/2047 0:00,17769,503.6,7297,2648,1814,7892
8/1/2047 0:00,13561,244.5,6064,2993,2061,6416
9/1/2047 0:00,11781,280.4,5544,2639,1431,5969
10/1/2047 0:00,12068,283.6,3979,2296,631.6,4334
11/1/2047 0:00,13353,306.6,4305,3116,497.4,4672
12/1/2047 0:00,11238,178.1,2325,801.7,821.3,2520
1/1/2048 0:00,27383,876.7,4479,1315,1040,5427
2/1/2048 0:00,52827,1263,7864,2267,1865,9210
3/1/2048 0:00,38266,1086,5920,2834,2624,7016
4/1/2048 0:00,20424,561.3,3546,1821,1725,4125
5/1/2048 0:00,12359,338.9,2473,1520,1454,2876
6/1/2048 0:00,15520,187.6,2894,1310,854,3147
7/1/2048 0:00,19901,365.5,7922,1016,638.7,8405
8/1/2048 0:00,15259,183.4,6562,1315,856.6,6871
9/1/2048 0:00,9310,441.7,4825,1477,775,5401
10/1/2048 0:00,10673,178.1,3686,1784,473.9,3946
11/1/2048 0:00,10065,113.9,3604,1817,422.6,3741
12/1/2048 0:00,10539,218.5,2233,683.4,671.8,2479
1/1/2049 0:00,17184,392.7,3120,816.4,722.1,3554
2/1/2049 0:00,23619,855.4,3976,1013,900.2,4875
3/1/2049 0:00,37376,1475,5802,769.4,792.8,7289
4/1/2049 0:00,24914,732.4,4144,1588,1524,4886
5/1/2049 0:00,12128,474.2,2443,1358,1319,2966
6/1/2049 0:00,15783,141.1,2929,1196,779.6,3136
7/1/2049 0:00,17974,275.8,7357,997.8,634.9,7751
8/1/2049 0:00,9493,170.2,4872,1198,779.9,5159
9/1/2049 0:00,7457,246.5,4276,1222,663.1,4652
10/1/2049 0:00,11913,118.2,3947,1557,407.6,4133
11/1/2049 0:00,14211,455.3,4495,2376,571.1,5033
12/1/2049 0:00,17543,262.6,3165,672.7,663.1,3449
1/1/2050 0:00,18997,507.4,3361,900.1,775.5,3917
2/1/2050 0:00,19298,276.4,3399,652.2,664.4,3696
3/1/2050 0:00,34722,352.9,5450,1256,1223,5822
4/1/2050 0:00,17020,313.5,3094,1483,1442,3417
5/1/2050 0:00,10914,284.1,2281,1174,1168,2592
6/1/2050 0:00,11451,232.3,2352,1312,868,2664
7/1/2050 0:00,10422,71.95,5144,842.8,531.7,5309
8/1/2050 0:00,6986,170.9,4138,1137,735.8,4451
9/1/2050 0:00,7489,177.8,4286,1104,606.1,4574
10/1/2050 0:00,9139,96.54,3363,1500,392.2,3517
11/1/2050 0:00,10556,304.2,3713,1601,396.5,4084
12/1/2050 0:00,16437,543.4,3020,979.1,831.4,3621
1/1/2051 0:00,11776,197.4,2397,597.7,636.8,2610
2/1/2051 0:00,32280,2074,5138,2634,1994,7357
3/1/2051 0:00,36487,1521,5686,1725,1598,7237
4/1/2051 0:00,38575,1697,5960,4772,4369,7664
5/1/2051 0:00,18460,425.6,3285,1954,1859,3733
6/1/2051 0:00,15914,178.5,2946,1003,642.4,3204
7/1/2051 0:00,18550,232,7526,933.5,592,7861
8/1/2051 0:00,9149,151.5,4772,1210,789.5,5042
9/1/2051 0:00,8164,219.2,4484,1181,643.7,4830
10/1/2051 0:00,18990,1513,5456,2632,577.3,7155
11/1/2051 0:00,22983,618.7,6358,1769,471.1,7024
12/1/2051 0:00,21476,638,3689,941,852.6,4365
1/1/2052 0:00,19477,1135,3427,1026,747.1,4643
2/1/2052 0:00,31122,1530,4975,1951,1652,6572
3/1/2052 0:00,38913,1546,6010,2114,1662,7598
4/1/2052 0:00,44395,2121,6739,3706,3322,8900
5/1/2052 0:00,29123,2786,4704,2968,2751,7499
6/1/2052 0:00,19207,457.6,3384,2124,1449,3867
7/1/2052 0:00,19839,364.3,7904,1592,1058,8367
8/1/2052 0:00,15004,323.2,6487,1784,1198,6920
9/1/2052 0:00,9177,626.8,4782,1712,931.6,5526
10/1/2052 0:00,10400,359.7,3630,2204,599.7,4075
11/1/2052 0:00,18605,857.7,5433,3884,667.4,6345
12/1/2052 0:00,15474,613,2889,1193,1077,3513
1/1/2053 0:00,19387,1018,3415,1465,1099,4508
2/1/2053 0:00,14176,606.6,2716,883.7,899.3,3333
3/1/2053 0:00,17464,326.5,3153,1376,1339,3489
4/1/2053 0:00,13285,255.1,2597,1621,1558,2870
5/1/2053 0:00,10715,413.6,2255,1363,1327,2718
6/1/2053 0:00,14408,219.1,2746,1251,820.1,3038
7/1/2053 0:00,19171,268.2,7708,828.1,515.1,8063
8/1/2053 0:00,15083,161.3,6510,1270,833.6,6794
9/1/2053 0:00,8815,467.2,4675,1205,658,5252
10/1/2053 0:00,9074,490.1,3352,1583,397.5,3923
11/1/2053 0:00,14792,616.9,4618,1727,419.7,5288
12/1/2053 0:00,60008,6323,8820,2554,1233,15230
1/1/2054 0:00,74886,8348,10797,3561,1704,19215
2/1/2054 0:00,29482,3452,4752,3072,2474,8220
3/1/2054 0:00,32527,1398,5156,3663,3313,6563
4/1/2054 0:00,33438,1568,5280,3310,2990,6892
5/1/2054 0:00,19777,1280,3460,2305,2169,4748
6/1/2054 0:00,15770,687.5,2927,4659,3277,3690
7/1/2054 0:00,19899,439.6,7921,1931,1308,8453
8/1/2054 0:00,11927,359.5,5586,2098,1428,6065
9/1/2054 0:00,8722,191.2,4647,1815,991.7,4939
10/1/2054 0:00,9871,234.4,3517,1869,503.3,3819
11/1/2054 0:00,20506,850.3,5836,4026,961.7,6768
12/1/2054 0:00,18976,828.3,3358,2791,2207,4234
1/1/2055 0:00,23774,717.3,3995,4348,3797,4751
2/1/2055 0:00,22475,824,3822,2938,2678,4671
3/1/2055 0:00,31982,583.4,5084,3078,2860,5674
4/1/2055 0:00,20145,354.3,3509,2400,2257,3872
5/1/2055 0:00,17980,300.6,3221,1893,1799,3572
6/1/2055 0:00,14442,171.9,2750,1018,653,3007
7/1/2055 0:00,18555,284.1,7527,1034,662.7,7925
8/1/2055 0:00,10210,150.3,5082,1199,783.8,5357
9/1/2055 0:00,12116,176.6,5642,1350,738.5,5931
10/1/2055 0:00,9589,166.4,3458,1769,473.3,3704
11/1/2055 0:00,17908,1006,5289,2249,518.3,6408
12/1/2055 0:00,22992,990.9,3894,1648,1378,4958
1/1/2056 0:00,70138,4937,10174,2769,1489,15279
2/1/2056 0:00,27730,1332,4520,2150,1932,5877
3/1/2056 0:00,43912,1907,6675,4569,3909,8631
4/1/2056 0:00,38999,2441,6021,6660,5903,8508
5/1/2056 0:00,35221,4407,5514,9947,11671,9931
6/1/2056 0:00,19307,902.2,3397,9770,6956,4334
7/1/2056 0:00,18377,480.7,7475,4329,3030,8030
8/1/2056 0:00,12569,335.6,5774,3174,2191,6249
9/1/2056 0:00,10398,891.1,5138,2625,1428,6142
10/1/2056 0:00,12002,286.1,3966,2852,726.2,4333
11/1/2056 0:00,13782,383.6,4398,4081,755.9,4824
12/1/2056 0:00,13635,327.7,2644,1000,947,2985
1/1/2057 0:00,30451,1061,4887,1461,1173,6021
2/1/2057 0:00,54131,1090,8033,3289,2968,9155
3/1/2057 0:00,41599,1262,6365,2659,2411,7655
4/1/2057 0:00,21522,592.6,3692,2087,1969,4293
5/1/2057 0:00,10071,365.7,2169,1590,1524,2586
6/1/2057 0:00,15701,346,2918,1253,816.3,3322
7/1/2057 0:00,20693,279.8,8154,988.7,627.6,8548
8/1/2057 0:00,15280,197.2,6568,1239,804.2,6902
9/1/2057 0:00,8957,268.9,4716,1204,654,5099
10/1/2057 0:00,10775,239.2,3707,1862,500,4015
11/1/2057 0:00,11166,669.3,3845,1869,418.9,4551
12/1/2057 0:00,24334,820.7,4071,1317,964.8,4934
1/1/2058 0:00,76110,13729,10970,10960,6843,24880
2/1/2058 0:00,73904,4842,10672,13807,13131,15628
3/1/2058 0:00,59554,3002,8753,11229,12965,11784
4/1/2058 0:00,48256,3548,7249,19331,28742,10810
5/1/2058 0:00,25886,2760,4273,11349,14660,7054
6/1/2058 0:00,18230,819.9,3254,9455,6723,4150
7/1/2058 0:00,16743,519.8,6997,3647,2533,7623
8/1/2058 0:00,8113,348.2,4468,2978,2051,4932
9/1/2058 0:00,9235,859.5,4798,3132,1705,5765
10/1/2058 0:00,9748,428,3492,3081,872,4022
11/1/2058 0:00,10920,359.7,3788,2790,629.9,4191
12/1/2058 0:00,44961,1165,6818,2091,1585,8074
1/1/2059 0:00,78241,7733,11249,9551,6886,19114
2/1/2059 0:00,62145,2710,9098,6034,5007,11835
3/1/2059 0:00,42948,1673,6544,5066,4385,8241
4/1/2059 0:00,21613,664.1,3704,2968,2740,4377
5/1/2059 0:00,14107,409.3,2706,2551,2370,3139
6/1/2059 0:00,14856,264.2,2805,1877,1257,3144
7/1/2059 0:00,23008,396.1,8832,1335,866.5,9335
8/1/2059 0:00,12707,377.8,5814,1838,1225,6325
9/1/2059 0:00,8320,239.4,4529,1920,1040,4892
10/1/2059 0:00,9202,274.9,3377,2020,545.3,3723
11/1/2059 0:00,28398,1688,4618,3456,755.2,6436
12/1/2059 0:00,44135,2262,6708,2570,1339,9057
1/1/2060 0:00,52236,2410,7779,3009,2256,10209
2/1/2060 0:00,19050,855,3364,2976,2593,4229
3/1/2060 0:00,42465,1305,6479,3439,3081,7802
4/1/2060 0:00,27814,727.7,4529,2785,2581,5277
5/1/2060 0:00,17028,484.3,3095,2222,2082,3590
6/1/2060 0:00,18121,309.4,3240,1333,869.7,3614
7/1/2060 0:00,20856,363.9,8202,1048,662.9,8661
8/1/2060 0:00,16251,347.5,6853,1347,879.1,7309
9/1/2060 0:00,10186,242.7,5077,1454,787,5438
10/1/2060 0:00,11499,245.3,3859,2099,571.9,4164
11/1/2060 0:00,16558,342.4,4988,1230,261.8,5388
12/1/2060 0:00,18523,829.1,3299,1252,948.4,4192
1/1/2061 0:00,18292,660.5,3265,1144,895.2,3947
2/1/2061 0:00,24337,1118,4069,951.2,901.1,5211
3/1/2061 0:00,28961,746.8,4682,1727,1653,5435
4/1/2061 0:00,19653,612.1,3444,2289,2152,4076
5/1/2061 0:00,11055,398.9,2300,1938,1836,2762
6/1/2061 0:00,15986,152.6,2956,993.3,635,3158
7/1/2061 0:00,18094,293.5,7392,963,609.8,7799
8/1/2061 0:00,7523,298.8,4295,1147,743.3,4718
9/1/2061 0:00,8870,558.7,4691,1387,755.4,5364
10/1/2061 0:00,9995,440.6,3546,1701,445,4074
11/1/2061 0:00,18104,975.6,5330,2898,734.1,6397
12/1/2061 0:00,17422,623,3150,971.6,900.1,3812
1/1/2062 0:00,48968,3130,7359,2209,1224,10649
2/1/2062 0:00,74726,4660,10781,3446,1874,15559
3/1/2062 0:00,50759,1756,7585,2307,1676,9377
4/1/2062 0:00,36708,1954,5712,4185,3824,7677
5/1/2062 0:00,15510,760.7,2892,4092,3743,3674
6/1/2062 0:00,19639,320.9,3442,1275,822,3847
7/1/2062 0:00,19879,419.6,7916,1629,1076,8454
8/1/2062 0:00,10062,395,5039,1919,1288,5552
9/1/2062 0:00,9153,238.6,4773,1711,926.4,5116
10/1/2062 0:00,10084,416,3563,2543,706.6,4064
11/1/2062 0:00,40112,1652,6172,2459,489.5,7932
12/1/2062 0:00,73851,4574,10660,2453,1572,15315
1/1/2063 0:00,73796,3951,10650,4839,3466,14650
2/1/2063 0:00,44787,1539,6788,4716,4166,8342
3/1/2063 0:00,74498,3066,10743,6228,5250,13859
4/1/2063 0:00,46944,1910,7074,4233,3863,8999
5/1/2063 0:00,31176,2086,4976,3659,3357,7082
6/1/2063 0:00,18272,374.7,3260,1656,1098,3706
7/1/2063 0:00,18740,546.8,7583,1417,922.4,8232
8/1/2063 0:00,15772,258.5,6712,1669,1109,7062
9/1/2063 0:00,9338,281.2,4828,2101,1139,5229
10/1/2063 0:00,10453,367.6,3640,2493,690.9,4092
11/1/2063 0:00,13764,420.5,4394,2878,584.4,4876
12/1/2063 0:00,18342,718.4,3274,1369,1108,4046
1/1/2064 0:00,12532,434.4,2497,1687,1606,2944
2/1/2064 0:00,36980,1919,5761,3381,2584,7805
3/1/2064 0:00,71341,2560,10325,6626,4848,12946
4/1/2064 0:00,43436,1515,6608,4904,4463,8137
5/1/2064 0:00,31779,3322,5056,3983,3649,8387
6/1/2064 0:00,18069,488.5,3233,3464,2404,3793
7/1/2064 0:00,19238,420.9,7728,1880,1261,8251
8/1/2064 0:00,13139,254.4,5941,1971,1327,6307
9/1/2064 0:00,9372,316.1,4838,2333,1268,5255
10/1/2064 0:00,15793,428.3,4766,2968,831.9,5290
11/1/2064 0:00,14747,573.7,4602,3293,680.5,5206
12/1/2064 0:00,12176,349.3,2449,1634,1553,2808
1/1/2065 0:00,9549,284.7,2100,1481,1432,2395
2/1/2065 0:00,12349,235.3,2473,1308,1276,2730
3/1/2065 0:00,16508,321.7,3026,850.6,837.5,3396
4/1/2065 0:00,14566,305.5,2768,1421,1374,3095
5/1/2065 0:00,7927,300.3,1884,1411,1367,2245
6/1/2065 0:00,8405,193,1947,921,578.2,2234
7/1/2065 0:00,15023,278.6,6493,942,595.6,6869
8/1/2065 0:00,7300,278.3,4230,1093,705,4629
9/1/2065 0:00,11933,174.5,5589,1240,678.5,5849
10/1/2065 0:00,9539,131.2,3447,1624,426.7,3660
11/1/2065 0:00,7138,145.8,2981,1487,385.3,3142
12/1/2065 0:00,7656,136.9,1848,637.4,678,1998
1/1/2066 0:00,10845,236.5,2274,728.7,708.9,2536
2/1/2066 0:00,8525,82.64,1965,642.7,689.2,2059
3/1/2066 0:00,8550,270.4,1969,848,829,2276
4/1/2066 0:00,8067,146.6,1903,1002,1013,2084
5/1/2066 0:00,6038,202.3,1633,1485,1437,1881
6/1/2066 0:00,6897,146.8,1747,684.2,421.7,1946
7/1/2066 0:00,8472,191.9,4573,799.7,500.2,4867
8/1/2066 0:00,6742,135.9,4066,1096,714.8,4323
9/1/2066 0:00,7075,193.8,4165,1194,655.1,4481
10/1/2066 0:00,11738,175.8,3910,1459,380.3,4132
11/1/2066 0:00,11498,583.4,3916,1119,218.6,4580
12/1/2066 0:00,17225,726.7,3126,977.3,839,3912
1/1/2067 0:00,73906,5215,10678,2188,1439,16082
2/1/2067 0:00,49114,2848,7370,4287,3541,10302
3/1/2067 0:00,73144,4639,10565,7192,5824,15274
4/1/2067 0:00,48456,2508,7277,8746,9087,9810
5/1/2067 0:00,26102,1677,4301,9009,9683,6000
6/1/2067 0:00,16703,313.9,3051,5199,3662,3425
7/1/2067 0:00,19211,370.9,7720,1774,1189,8194
8/1/2067 0:00,15343,184.5,6587,1915,1290,6878
9/1/2067 0:00,10037,323,5033,2340,1273,5475
10/1/2067 0:00,10654,319.6,3682,2908,825.7,4069
11/1/2067 0:00,12873,534.8,4208,3064,561.1,4830
12/1/2067 0:00,11385,265.9,2345,989.7,972,2629
1/1/2068 0:00,18396,1172,3286,2000,1581,4558
2/1/2068 0:00,30579,2108,4906,5247,3716,7105
3/1/2068 0:00,44722,2494,6781,6849,5648,9311
4/1/2068 0:00,26696,1315,4381,4740,4323,5707
5/1/2068 0:00,15374,647.1,2874,3573,3286,3542
6/1/2068 0:00,19679,264.9,3447,1874,1261,3781
7/1/2068 0:00,10026,320.7,5029,1502,991.8,5464
8/1/2068 0:00,9917,329.1,4996,1895,1277,5422
9/1/2068 0:00,8393,618.7,4551,1632,885.4,5282
10/1/2068 0:00,9660,510.2,3475,2332,634.8,4095
11/1/2068 0:00,14181,510.2,4485,2890,708.7,5058
12/1/2068 0:00,21140,1080,3649,1667,1296,4805
1/1/2069 0:00,47691,4371,7182,8286,6243,11655
2/1/2069 0:00,75023,8586,10825,14014,15562,19600
3/1/2069 0:00,44431,1795,6742,8332,7298,8569
4/1/2069 0:00,29124,1146,4704,8770,9123,5866
5/1/2069 0:00,14762,694,2793,3881,3551,3508
6/1/2069 0:00,18297,469.9,3263,7843,5557,3801
7/1/2069 0:00,17974,370.4,7358,2841,1949,7822
8/1/2069 0:00,8762,167.4,4658,2311,1569,4930
9/1/2069 0:00,9515,406,4880,2678,1455,5386
10/1/2069 0:00,8232,234.6,3172,2657,743.8,3485
11/1/2069 0:00,9199,233.1,3420,2418,603.6,3692
12/1/2069 0:00,14419,547.7,2751,1548,1345,3344
1/1/2070 0:00,23650,1031,3984,2187,1770,5104
2/1/2070 0:00,20337,592.1,3536,1692,1601,4146
3/1/2070 0:00,34860,977.5,5470,2466,2202,6486
4/1/2070 0:00,21829,627.7,3734,3247,2995,4371
5/1/2070 0:00,11103,392.8,2306,2047,1926,2740
6/1/2070 0:00,15381,323.7,2875,1273,829.7,3266
7/1/2070 0:00,18251,250,7438,1146,733.9,7801
8/1/2070 0:00,13229,300.3,5967,1316,856,6394
9/1/2070 0:00,8367,244.1,4543,1290,699.3,4912
10/1/2070 0:00,10507,450.5,3653,2137,577.1,4169
11/1/2070 0:00,43366,3180,6607,3176,697.1,9895
12/1/2070 0:00,74474,5571,10741,2148,1068,16370
1/1/2071 0:00,52838,5912,7868,5656,3513,13901
2/1/2071 0:00,66214,5394,9642,10066,9050,15099
3/1/2071 0:00,63029,4755,9222,8825,6554,14073
4/1/2071 0:00,74363,6710,10729,12604,16363,17542
5/1/2071 0:00,41492,4507,6349,9603,10909,10866
6/1/2071 0:00,17191,952.7,3116,7740,5478,4139
7/1/2071 0:00,15182,315.9,6539,4513,3152,6943
8/1/2071 0:00,13015,594.3,5904,3268,2252,6608
9/1/2071 0:00,18001,393,7370,3899,2112,7894
10/1/2071 0:00,24581,1459,6617,6509,1832,8145
11/1/2071 0:00,39256,4096,6060,12215,3033,10284
12/1/2071 0:00,52298,3373,7791,9767,8898,11232
1/1/2072 0:00,75116,8535,10831,15368,19141,19492
2/1/2072 0:00,75702,7805,10910,18036,21903,18831
3/1/2072 0:00,75260,9216,10852,16668,19833,20192
4/1/2072 0:00,53784,4704,7988,11617,14945,12745
5/1/2072 0:00,44040,5889,6688,16613,24004,12589
6/1/2072 0:00,18310,1020,3265,17957,12835,4314
7/1/2072 0:00,14209,802.4,6254,7556,5329,7159
8/1/2072 0:00,12194,627.4,5664,4291,2973,6422
9/1/2072 0:00,22548,1560,8699,4446,2411,10363
10/1/2072 0:00,21755,508.2,6018,5221,1420,6591
11/1/2072 0:00,68972,3224,10013,8261,1749,13362
12/1/2072 0:00,74997,7117,10817,10172,8120,18063
1/1/2073 0:00,53702,4236,7974,9953,9984,12229
2/1/2073 0:00,32432,1672,5145,5701,5093,6835
3/1/2073 0:00,40801,2506,6257,4385,3927,8775
4/1/2073 0:00,26223,1272,4318,4398,3993,5609
5/1/2073 0:00,14455,845.1,2752,2515,2319,3620
6/1/2073 0:00,15606,535,2905,1818,1200,3512
7/1/2073 0:00,22760,640.9,8760,1528,991.3,9501
8/1/2073 0:00,8725,557.3,4647,1759,1153,5361
9/1/2073 0:00,9113,1018,4762,1740,931.7,5884
10/1/2073 0:00,12624,465.6,4098,2589,715.5,4661
11/1/2073 0:00,35839,1762,5604,3746,716.2,7443
12/1/2073 0:00,27262,782.5,4458,2902,2382,5264
1/1/2074 0:00,17465,576.7,3154,2103,1956,3743
2/1/2074 0:00,20168,886.7,3515,2027,1784,4441
3/1/2074 0:00,28844,1162,4669,2072,1862,5862
4/1/2074 0:00,22046,865.2,3762,2587,2396,4636
5/1/2074 0:00,14447,420,2751,1791,1689,3194
6/1/2074 0:00,14835,319.6,2803,1318,849.1,3204
7/1/2074 0:00,19746,342.2,7877,1377,890.9,8333
8/1/2074 0:00,14855,216.1,6443,1408,913.9,6790
9/1/2074 0:00,9615,362.8,4909,1528,821.3,5386
10/1/2074 0:00,12300,493.4,4029,2123,577.3,4558
11/1/2074 0:00,15082,1343,4682,2702,695.7,6120
12/1/2074 0:00,15112,1215,2844,1181,1031,4108
1/1/2075 0:00,28720,2268,4655,2730,2322,6972
2/1/2075 0:00,77870,13551,11208,13465,11005,24992
3/1/2075 0:00,75191,7337,10838,19366,26809,18254
4/1/2075 0:00,35904,2045,5606,8422,7577,7666
5/1/2075 0:00,15704,1407,2918,4662,4234,4347
6/1/2075 0:00,15667,417.9,2913,3439,2372,3403
7/1/2075 0:00,19332,333,7755,1654,1085,8194
8/1/2075 0:00,10118,378.1,5056,1954,1301,5545
9/1/2075 0:00,10505,402.1,5170,2235,1201,5708
10/1/2075 0:00,11619,263.5,3885,2844,799.9,4177
11/1/2075 0:00,13426,291.7,4320,2324,485.8,4672
12/1/2075 0:00,13239,197.3,2591,842.9,843.7,2799
1/1/2076 0:00,17680,265.4,3183,1067,1025,3466
2/1/2076 0:00,19364,775,3411,1697,1412,4255
3/1/2076 0:00,34022,877.3,5359,1777,1581,6276
4/1/2076 0:00,17508,420.2,3159,2046,1921,3587
5/1/2076 0:00,8564,293.6,1969,1459,1399,2286
6/1/2076 0:00,9827,252.3,2137,1021,639.4,2487
7/1/2076 0:00,11569,297.2,5481,1126,717.1,5888
8/1/2076 0:00,7108,302.5,4174,1217,781.4,4600
9/1/2076 0:00,7717,233.6,4353,1254,677,4691
10/1/2076 0:00,8553,185,3240,1787,473.5,3503
11/1/2076 0:00,9295,261.4,3444,1465,361.5,3731
12/1/2076 0:00,15740,499.3,2929,955.6,800,3494
1/1/2077 0:00,25976,788.3,4291,1154,930.3,5145
2/1/2077 0:00,16884,389.6,3076,918.1,919.1,3479
3/1/2077 0:00,15041,285.4,2830,1363,1321,3124
4/1/2077 0:00,13422,343.2,2616,1655,1566,2989
5/1/2077 0:00,6610,246.3,1709,1381,1333,2005
6/1/2077 0:00,8967,152.9,2022,1015,646.8,2220
7/1/2077 0:00,12991,237.8,5897,918.5,574,6230
8/1/2077 0:00,8261,202.7,4511,1212,786.6,4834
9/1/2077 0:00,6714,261,4058,1278,692.2,4450
10/1/2077 0:00,9537,198.5,3447,1675,441.7,3710
11/1/2077 0:00,13529,333.7,4345,1806,473.3,4698
12/1/2077 0:00,14575,541.7,2772,957.6,869.2,3368
1/1/2078 0:00,13618,305,2642,756.8,786.2,2961
2/1/2078 0:00,12047,259.6,2433,769,789.6,2708
3/1/2078 0:00,51608,1642,7699,1423,1306,9378
4/1/2078 0:00,35368,854.8,5534,1633,1573,6399
5/1/2078 0:00,16798,408.8,3064,1322,1293,3527
6/1/2078 0:00,15343,197.9,2870,831.4,521.5,3134
7/1/2078 0:00,17250,283.4,7145,963.7,615.3,7533
8/1/2078 0:00,12723,307.4,5819,1171,763.7,6246
9/1/2078 0:00,12612,398.5,5792,1373,736.8,6323
10/1/2078 0:00,13236,314.1,4228,2147,584.3,4598
11/1/2078 0:00,11866,496.8,3991,1340,326.3,4532
12/1/2078 0:00,10360,273.4,2208,537.5,605.9,2496
1/1/2079 0:00,17113,725.3,3111,868.4,710.2,3896
2/1/2079 0:00,14267,815.6,2733,947.1,800.1,3617
3/1/2079 0:00,19406,582.1,3412,610.3,665.2,4005
4/1/2079 0:00,13099,345.7,2572,1115,1117,2928
5/1/2079 0:00,8932,481.7,2018,947.7,950.4,2569
6/1/2079 0:00,11986,253.2,2424,748.6,467.7,2729
7/1/2079 0:00,9130,256.1,4766,818.4,514.4,5117
8/1/2079 0:00,9448,167.1,4859,1051,678.9,5146
9/1/2079 0:00,6692,199.5,4053,1230,676,4375
10/1/2079 0:00,9099,100.5,3354,1518,397.9,3518
11/1/2079 0:00,8165,171.7,3200,1157,285.4,3421
12/1/2079 0:00,8647,191.8,1981,595.2,643.9,2191
1/1/2080 0:00,7696,147.2,1854,465.4,547.7,2009
2/1/2080 0:00,12033,234.7,2433,688.1,662.5,2715
3/1/2080 0:00,23644,1329,3987,2555,1979,5446
4/1/2080 0:00,14165,804.2,2715,2056,1953,3532
5/1/2080 0:00,10254,419,2193,1074,1082,2634
6/1/2080 0:00,11266,175.2,2328,882.7,564.3,2563
7/1/2080 0:00,8994,202.6,4726,822.6,518.7,5013
8/1/2080 0:00,7059,147.4,4159,1155,758.1,4416
9/1/2080 0:00,7361,259.9,4249,1125,618.8,4622
10/1/2080 0:00,8411,172.4,3211,1987,542.4,3465
11/1/2080 0:00,8679,225.2,3310,1522,398.6,3589
12/1/2080 0:00,11962,351,2423,764.1,734.1,2806
1/1/2081 0:00,11986,226.1,2426,702.8,720.8,2674
2/1/2081 0:00,23337,1378,3947,2152,1582,5463
3/1/2081 0:00,18567,772.3,3303,1602,1486,4113
4/1/2081 0:00,16387,282.6,3010,1677,1616,3302
5/1/2081 0:00,11908,195.8,2413,1039,1049,2631
6/1/2081 0:00,9066,232,2035,844.9,532.8,2358
7/1/2081 0:00,10046,235,5034,907.7,576.1,5375
8/1/2081 0:00,6553,249.2,4011,992,637.4,4395
9/1/2081 0:00,7587,216.8,4314,1069,588.5,4637
10/1/2081 0:00,8126,301.4,3152,1875,500,3542
11/1/2081 0:00,8551,143,3282,1620,430.4,3435
12/1/2081 0:00,15971,1005,2962,1219,943.2,4056
1/1/2082 0:00,48662,4603,7322,2877,2015,12134
2/1/2082 0:00,52158,5144,7780,3818,2838,13053
3/1/2082 0:00,74648,5505,10761,5790,4962,16299
4/1/2082 0:00,38380,1414,5935,3586,3297,7362
5/1/2082 0:00,21726,712.6,3719,3568,3282,4453
6/1/2082 0:00,17305,714.2,3132,2685,1841,3917
7/1/2082 0:00,19657,431,7851,1807,1214,8359
8/1/2082 0:00,14667,188.9,6388,1651,1100,6684
9/1/2082 0:00,8929,274.6,4708,1639,889.1,5104
10/1/2082 0:00,13887,177.4,4362,2285,629.8,4607
11/1/2082 0:00,13143,340.1,4265,2590,586.9,4654
12/1/2082 0:00,15082,197.4,2838,970.3,926.6,3059
1/1/2083 0:00,16515,331.2,3029,972.4,907.3,3389
2/1/2083 0:00,22060,560.1,3768,1287,1135,4373
3/1/2083 0:00,18956,335.7,3351,1754,1675,3696
4/1/2083 0:00,13686,262.2,2650,1441,1391,2951
5/1/2083 0:00,7063,277.5,1770,1548,1486,2073
6/1/2083 0:00,12433,133.3,2483,986.5,629.6,2676
7/1/2083 0:00,16997,150.3,7071,926.1,583.9,7324
8/1/2083 0:00,14840,257.3,6439,1139,733.9,6812
9/1/2083 0:00,9629,293.9,4913,1249,680.9,5308
10/1/2083 0:00,12529,320.6,4077,1594,416.8,4487
11/1/2083 0:00,12655,724.2,4164,1987,499.9,4971
12/1/2083 0:00,14636,828.5,2780,873.2,824.8,3641
1/1/2084 0:00,75876,7603,10944,3830,2024,18763
2/1/2084 0:00,74418,6656,10729,6738,5852,17412
3/1/2084 0:00,75635,8924,10903,11327,9637,19967
4/1/2084 0:00,70887,4779,10260,10982,13851,15059
5/1/2084 0:00,42004,6441,6417,9673,11064,12881
6/1/2084 0:00,36272,1197,5654,13117,9363,6897
7/1/2084 0:00,13264,639.2,5978,9081,6450,6709
8/1/2084 0:00,16371,487.4,6888,3153,2175,7484
9/1/2084 0:00,17626,738.8,7256,2484,1348,8096
10/1/2084 0:00,16447,388.3,4901,3654,887.5,5372
11/1/2084 0:00,13990,330.1,4440,3548,597.1,4800
12/1/2084 0:00,25651,1395,4252,2079,1523,5780
1/1/2085 0:00,57854,2162,8531,2711,1980,10758
2/1/2085 0:00,75026,5932,10821,8840,6542,16886
3/1/2085 0:00,52472,2543,7812,6604,5631,10392
4/1/2085 0:00,40390,2963,6204,5894,5309,9199
5/1/2085 0:00,34416,2077,5410,4154,3746,7539
6/1/2085 0:00,18371,550.3,3273,3047,2097,3865
7/1/2085 0:00,16929,507.4,7051,3129,2152,7654
8/1/2085 0:00,9776,473.6,4955,2281,1542,5548
9/1/2085 0:00,9956,272.9,5008,2374,1285,5387
10/1/2085 0:00,13150,487.4,4209,3027,848.1,4783
11/1/2085 0:00,17129,971.6,5112,4199,930.3,6155
12/1/2085 0:00,75805,7614,10923,8103,5678,18642
1/1/2086 0:00,77868,12485,11205,21515,26231,23890
2/1/2086 0:00,41226,4152,6315,11380,13490,10492
3/1/2086 0:00,45522,2913,6884,13143,17976,9806
4/1/2086 0:00,24157,687.2,4043,5510,4992,4749
5/1/2086 0:00,13188,512.3,2584,3776,3447,3146
6/1/2086 0:00,15323,377.3,2868,2889,1978,3322
7/1/2086 0:00,20554,515.2,8113,1350,869.2,8731
8/1/2086 0:00,9024,498.5,4735,1665,1094,5355
9/1/2086 0:00,9538,279.4,4887,1971,1063,5270
10/1/2086 0:00,14376,421.7,4465,2687,749.9,4966
11/1/2086 0:00,18722,999.5,5458,2484,630.3,6544
12/1/2086 0:00,24892,753,4144,1286,1174,4937
1/1/2087 0:00,73300,2244,10587,3298,2413,12905
2/1/2087 0:00,75859,8464,10945,10780,6382,19676
3/1/2087 0:00,74405,4653,10729,8676,6763,15418
4/1/2087 0:00,47291,1926,7121,8651,8822,9069
5/1/2087 0:00,44856,4211,6798,8319,8057,11051
6/1/2087 0:00,54548,2821,8085,17647,12618,10918
7/1/2087 0:00,20597,811,8126,14918,10647,9007
8/1/2087 0:00,18831,572.3,7608,3742,2584,8305
9/1/2087 0:00,23717,1676,9042,3367,1820,10847
10/1/2087 0:00,20249,433.2,5701,4427,1088,6183
11/1/2087 0:00,32799,841,5195,4214,767.2,6106
12/1/2087 0:00,32009,638.4,5089,2232,2000,5744
1/1/2088 0:00,53599,2985,7961,5533,4689,10971
2/1/2088 0:00,71727,5483,10378,6600,4497,15942
3/1/2088 0:00,58200,2129,8573,4707,3976,10725
4/1/2088 0:00,39800,1304,6124,3815,3482,7440
5/1/2088 0:00,24881,2101,4139,2662,2461,6261
6/1/2088 0:00,16807,485.6,3065,1749,1158,3629
7/1/2088 0:00,20198,490.8,8009,1532,1003,8592
8/1/2088 0:00,9540,459.1,4886,1800,1194,5462
9/1/2088 0:00,10439,726,5151,2002,1081,5973
10/1/2088 0:00,13826,413.5,4349,2450,677.2,4828
11/1/2088 0:00,18091,539.5,5316,2677,613.4,5924
12/1/2088 0:00,13942,435,2684,956.7,954.8,3130
1/1/2089 0:00,32271,1540,5131,2114,1582,6765
2/1/2089 0:00,75409,6578,10875,9898,6929,17611
3/1/2089 0:00,60704,2126,8907,5961,5062,11068
4/1/2089 0:00,42996,1212,6549,5179,4689,7781
5/1/2089 0:00,15385,811,2876,3036,2794,3711
6/1/2089 0:00,16352,440.9,3004,1719,1139,3516
7/1/2089 0:00,19888,290.8,7918,1577,1035,8317
8/1/2089 0:00,12358,531.6,5712,1865,1242,6359
9/1/2089 0:00,10127,365.6,5059,1949,1051,5538
10/1/2089 0:00,14976,357.5,4593,2731,762.7,5025
11/1/2089 0:00,13624,432.4,4364,2669,635.4,4827
12/1/2089 0:00,12017,380.8,2428,933.5,910.6,2819
1/1/2090 0:00,18070,647.1,3237,1236,1093,3927
2/1/2090 0:00,20260,1071,3532,1552,1267,4678
3/1/2090 0:00,29248,1055,4723,3899,3495,5812
4/1/2090 0:00,20080,733.2,3501,3131,2885,4248
5/1/2090 0:00,10642,522.3,2245,1865,1758,2805
6/1/2090 0:00,15220,209.3,2854,1396,911.9,3142
7/1/2090 0:00,11810,215.3,5551,1290,833.9,5883
8/1/2090 0:00,7712,402.7,4351,1263,813.6,4875
9/1/2090 0:00,8069,225.3,4456,1484,803,4783
10/1/2090 0:00,8369,300.7,3201,2214,606.8,3581
11/1/2090 0:00,15201,541.5,4703,2337,619,5301
12/1/2090 0:00,28285,1372,4602,1878,1313,6086
1/1/2091 0:00,31745,1094,5056,1777,1169,6191
2/1/2091 0:00,29329,1235,4732,1228,1120,5983
3/1/2091 0:00,30604,1368,4902,1265,1127,6288
4/1/2091 0:00,22300,828.9,3796,1944,1835,4635
5/1/2091 0:00,13694,531.4,2651,1950,1838,3217
6/1/2091 0:00,14771,384.4,2794,1309,855.4,3235
7/1/2091 0:00,18115,395.5,7399,1156,741.1,7899
8/1/2091 0:00,11483,374.7,5455,1383,905.1,5954
9/1/2091 0:00,8923,229.9,4706,1330,716.3,5060
10/1/2091 0:00,8922,241.4,3317,1868,499.5,3638
11/1/2091 0:00,11350,570.3,3883,2151,491.4,4499
12/1/2091 0:00,45943,1555,6954,2152,1439,8661
1/1/2092 0:00,65610,880.9,9559,1124,907.7,10468
2/1/2092 0:00,21891,710.6,3743,1179,1124,4473
3/1/2092 0:00,37335,840.7,5798,1229,1130,6670
4/1/2092 0:00,34899,1127,5474,3628,3315,6627
5/1/2092 0:00,23687,1240,3981,2018,1895,5245
6/1/2092 0:00,19404,351.3,3410,1532,1017,3806
7/1/2092 0:00,19409,330.5,7778,1221,786.6,8205
8/1/2092 0:00,14942,313.9,6469,1409,923.3,6902
9/1/2092 0:00,12837,220,5853,1387,751,6173
10/1/2092 0:00,15155,303.6,4629,1923,516.2,5000
11/1/2092 0:00,17922,306.7,5280,2400,609.1,5619
12/1/2092 0:00,35595,915.2,5572,1346,1029,6566
1/1/2093 0:00,34454,738.4,5414,933.2,823.7,6177
2/1/2093 0:00,71455,1893,10343,1652,1224,12337
3/1/2093 0:00,49774,1644,7451,1139,1117,9109
4/1/2093 0:00,21600,444.9,3703,2371,2218,4156
5/1/2093 0:00,13008,336.5,2560,1966,1851,2954
6/1/2093 0:00,14531,211.1,2762,1076,685.1,3052
7/1/2093 0:00,23824,335.8,9071,1022,646.4,9507
8/1/2093 0:00,15901,337.2,6750,1321,861.5,7211
9/1/2093 0:00,10771,581.5,5248,1305,708.4,5933
10/1/2093 0:00,10516,398.9,3656,2582,702.3,4152
11/1/2093 0:00,10533,811.8,3709,2016,494.2,4556
12/1/2093 0:00,21911,942.2,3750,1715,1359,4756
1/1/2094 0:00,27020,1478,4429,4550,3480,5972
2/1/2094 0:00,23958,1771,4021,5125,4157,5842
3/1/2094 0:00,36746,2308,5720,4935,3893,8066
4/1/2094 0:00,25211,1281,4184,5512,5009,5478
5/1/2094 0:00,27359,1535,4469,5427,4937,6027
6/1/2094 0:00,21104,866.4,3637,3711,2587,4563
7/1/2094 0:00,16163,426.4,6827,1779,1193,7328
8/1/2094 0:00,10535,218.2,5178,1951,1316,5515
9/1/2094 0:00,9505,248.2,4876,1937,1052,5242
10/1/2094 0:00,10610,400.7,3672,2635,740.1,4136
11/1/2094 0:00,17322,540.9,5151,2490,475,5752
12/1/2094 0:00,73699,4154,10646,3254,2085,14957
1/1/2095 0:00,73467,4895,10608,10255,8717,15581
2/1/2095 0:00,71631,3118,10361,7251,6051,13523
3/1/2095 0:00,66038,2552,9619,8501,6650,12231
4/1/2095 0:00,75569,7296,10886,12592,16917,18236
5/1/2095 0:00,54535,3926,8083,10055,11887,12020
6/1/2095 0:00,18375,532.2,3273,3994,2786,3841
7/1/2095 0:00,15457,571.7,6620,4511,3151,7309
8/1/2095 0:00,10039,531.3,5032,2980,2049,5688
9/1/2095 0:00,16231,265.2,6847,2980,1620,7214
10/1/2095 0:00,13547,285.2,4290,3179,880.3,4655
11/1/2095 0:00,16312,352.7,4937,3479,565.5,5321
12/1/2095 0:00,22949,411.3,3885,1309,1179,4321
1/1/2096 0:00,15202,375.8,2852,1304,1265,3239
2/1/2096 0:00,30661,1093,4913,1558,1362,6057
3/1/2096 0:00,31991,877.7,5085,3039,2811,5974
4/1/2096 0:00,19754,498.6,3458,2101,1967,3999
5/1/2096 0:00,8163,330.7,1915,1869,1771,2269
6/1/2096 0:00,9078,422.2,2037,1062,677.8,2538
7/1/2096 0:00,19174,305.4,7709,1017,644.6,8107
8/1/2096 0:00,15225,307.8,6552,1253,809.6,7009
9/1/2096 0:00,8801,251.7,4670,1394,757.8,5023
10/1/2096 0:00,13440,192.1,4269,1878,504.5,4506
11/1/2096 0:00,12344,196.6,4091,1504,364.3,4330
12/1/2096 0:00,15130,402.6,2846,910.2,828.7,3299
1/1/2097 0:00,29925,1380,4822,2217,1584,6336
2/1/2097 0:00,32100,1315,5104,1582,1346,6464
3/1/2097 0:00,27537,736.9,4492,1434,1384,5238
4/1/2097 0:00,14945,274.3,2817,1707,1629,3100
5/1/2097 0:00,9582,244.9,2104,1532,1467,2407
6/1/2097 0:00,13644,182.5,2644,1368,899.7,2884
7/1/2097 0:00,14030,261.4,6202,1218,787.6,6582
8/1/2097 0:00,9843,274.6,4975,1219,789.5,5361
9/1/2097 0:00,7257,241.9,4218,1323,718.8,4571
10/1/2097 0:00,8559,171.2,3241,1800,480.3,3488
11/1/2097 0:00,10200,413.1,3637,1936,494.9,4084
12/1/2097 0:00,11053,243.7,2302,765.1,777.3,2563
1/1/2098 0:00,10712,330,2256,787.1,803,2603
2/1/2098 0:00,25340,1008,4208,1386,1125,5293
3/1/2098 0:00,28338,1221,4602,1209,1119,5858
4/1/2098 0:00,22042,478.1,3762,1734,1657,4251
5/1/2098 0:00,11808,393,2401,2194,2062,2843
6/1/2098 0:00,18519,352.3,3293,1030,662.8,3702
7/1/2098 0:00,13210,153,5961,1078,694.7,6216
8/1/2098 0:00,10297,313.7,5108,1179,760.8,5551
9/1/2098 0:00,7561,163.7,4308,1224,668.5,4576
10/1/2098 0:00,10588,656.5,3674,2527,655.2,4459
11/1/2098 0:00,9851,224.6,3560,2008,547.9,3796
12/1/2098 0:00,12959,333.9,2556,895.7,859.6,2921
1/1/2099 0:00,29837,1157,4808,1934,1361,6067
2/1/2099 0:00,33985,778.8,5354,1546,1205,6176
3/1/2099 0:00,35406,936,5541,1329,1035,6499
4/1/2099 0:00,27410,1016,4478,2596,2370,5529
5/1/2099 0:00,19115,879.6,3372,1983,1878,4264
6/1/2099 0:00,16200,556.8,2984,2093,1429,3569
7/1/2099 0:00,17143,301.5,7114,1682,1126,7507
8/1/2099 0:00,9548,283.4,4889,1691,1130,5301
9/1/2099 0:00,12122,409.4,5644,1795,979.2,6155
9/30/2099 0:00,8065,403.3,4455,1185,648.1,4949
