"date is the CalLite-CV date column, the next column with the name of a CalLite-CV element is in this case the OUTFLOW node because the LocalInflow one isn't saving results and when I run the model it has negative values pretty regularly (this is different from other nodes but this node is unique with only two inflows so maybe that's defensible... but note negative value in (only) first time step...), cs_date is for my reference to avoid screwing up the 10/2014=10/1925 matching and it sounds like you can use it for something too, and the CalSim II records corresponding to the local inflows to the CalLite-CV element are listed afterward (I've got them in cfs now, to match the CalLite-CV data). 'matches for other csvs.csv' contains the mappings between the DSM streams and CalSim II elements, as a one-stop summary for which DSM streams are showing up in which specific .csvs like this one. I renamed the CalSim II elements that map to DSM streams in this csv; everything that still has a CalSim II name is one of the elements that contributes to the total (the denominator) but is NOT a DSM stream. The CalSim II run I'm using at the moment is the most recent representation of current operations I've received; probably we'll be choosing a different baseline in the future but the matches csv mentioned above contains the CalSim II match for DSM streams, so I can go back and re-pull those time series if/when necessary. NOTE that matching 2014 to 1925 results in the last ~7 years of the CalLite-CV run not having an equivalent CS2 number... EXAMPLE CALCULATION: For 11/2014, Mokelumne River has 240.7 cfs, the total of all inflows sum(D4:E4)=269.4, and 240.7/269.4=0.893467, the fraction of total CalSim II inflow in the Mokelumne River. Applying that fraction to the CalLite-CV Eastside Outflow number we get Mokelumne River DSM flow = 0.893467*79.16=70.73 cfs.",,,,
date,Eastside,cs_date,Mokelumne River,Cosumnes River
10/1/2014 0:00,-107.2,31Oct1925,157.9,11.4
11/1/2014 0:00,79.16,30Nov1925,240.7,28.7
12/1/2014 0:00,90.13,31Dec1925,230.7,62.5
1/1/2015 0:00,484.6,31Jan1926,223.5,62.4
2/1/2015 0:00,1447,28Feb1926,260.5,894.9
3/1/2015 0:00,403.6,31Mar1926,215.4,346.6
4/1/2015 0:00,946.2,30Apr1926,109.2,707
5/1/2015 0:00,458.5,31May1926,92.4,154.6
6/1/2015 0:00,364.8,30Jun1926,0,8.1
7/1/2015 0:00,533.7,31Jul1926,0,0
8/1/2015 0:00,246.7,31Aug1926,0,0
9/1/2015 0:00,212.4,30Sep1926,5.1,0
10/1/2015 0:00,234.5,31Oct1926,104.3,11.5
11/1/2015 0:00,1013,30Nov1926,213.8,280.1
12/1/2015 0:00,472.4,31Dec1926,173.6,236.2
1/1/2016 0:00,670.1,31Jan1927,171.3,537.3
2/1/2016 0:00,2477,28Feb1927,198.7,2416.8
3/1/2016 0:00,1866,31Mar1927,155,1202.5
4/1/2016 0:00,1088,30Apr1927,345,1849.8
5/1/2016 0:00,840.8,31May1927,988.1,645.8
6/1/2016 0:00,1293,30Jun1927,998.9,221.9
7/1/2016 0:00,447.3,31Jul1927,431.9,11.1
8/1/2016 0:00,461,31Aug1927,509.3,3.3
9/1/2016 0:00,552.3,30Sep1927,538.3,0
10/1/2016 0:00,243.2,31Oct1927,173.7,11.8
11/1/2016 0:00,439.8,30Nov1927,362.1,137.9
12/1/2016 0:00,350,31Dec1927,243,219.1
1/1/2017 0:00,316.4,31Jan1928,246.1,192.8
2/1/2017 0:00,351.8,29Feb1928,261.6,397.6
3/1/2017 0:00,1910,31Mar1928,743.9,2358.7
4/1/2017 0:00,1004,30Apr1928,315.6,1243.2
5/1/2017 0:00,627.2,31May1928,137.9,322.3
6/1/2017 0:00,588.4,30Jun1928,224.8,50.8
7/1/2017 0:00,394.7,31Jul1928,2.8,1.6
8/1/2017 0:00,190.8,31Aug1928,0,0
9/1/2017 0:00,580.2,30Sep1928,5.2,0
10/1/2017 0:00,138.7,31Oct1928,161.8,11.5
11/1/2017 0:00,409.3,30Nov1928,334.3,29.3
12/1/2017 0:00,243.5,31Dec1928,229.1,78.2
1/1/2018 0:00,82.76,31Jan1929,226.9,109.7
2/1/2018 0:00,354,28Feb1929,235.7,313
3/1/2018 0:00,382.4,31Mar1929,214.5,295.2
4/1/2018 0:00,536.7,30Apr1929,121.3,396.4
5/1/2018 0:00,384.2,31May1929,103.9,253.1
6/1/2018 0:00,756,30Jun1929,0,114.1
7/1/2018 0:00,293.2,31Jul1929,0,1.6
8/1/2018 0:00,240.9,31Aug1929,0,0
9/1/2018 0:00,324.7,30Sep1929,4.7,0
10/1/2018 0:00,154.5,31Oct1929,109.8,0
11/1/2018 0:00,107,30Nov1929,133.7,0
12/1/2018 0:00,496,31Dec1929,130.8,94.4
1/1/2019 0:00,470.8,31Jan1930,131.1,324.5
2/1/2019 0:00,923.6,28Feb1930,146.9,321.3
3/1/2019 0:00,1174,31Mar1930,110.6,828.3
4/1/2019 0:00,457.8,30Apr1930,128.5,455.4
5/1/2019 0:00,385.5,31May1930,122.4,247.4
6/1/2019 0:00,755.2,30Jun1930,0,59.8
7/1/2019 0:00,287.5,31Jul1930,0,1.6
8/1/2019 0:00,341.5,31Aug1930,0,0
9/1/2019 0:00,244.3,30Sep1930,4.6,0
10/1/2019 0:00,9.761,31Oct1930,78.8,11.4
11/1/2019 0:00,147.5,30Nov1930,142.6,29
12/1/2019 0:00,2.789,31Dec1930,126.3,27.7
1/1/2020 0:00,319.7,31Jan1931,124.8,86.6
2/1/2020 0:00,124.6,28Feb1931,138.1,172.8
3/1/2020 0:00,144.1,31Mar1931,115.9,169
4/1/2020 0:00,141.2,30Apr1931,51.8,82.1
5/1/2020 0:00,379.7,31May1931,0,33.6
6/1/2020 0:00,598.3,30Jun1931,0,3.2
7/1/2020 0:00,46.9,31Jul1931,0,0
8/1/2020 0:00,261.1,31Aug1931,0.7,0
9/1/2020 0:00,232.6,30Sep1931,3.8,0
10/1/2020 0:00,70.77,31Oct1931,32,0
11/1/2020 0:00,198.5,30Nov1931,63.5,29.1
12/1/2020 0:00,1521,31Dec1931,65.9,807.7
1/1/2021 0:00,1708,31Jan1932,58.7,508.4
2/1/2021 0:00,1230,29Feb1932,72.4,1673.7
3/1/2021 0:00,1447,31Mar1932,33.4,792.3
4/1/2021 0:00,587.9,30Apr1932,163.8,545
5/1/2021 0:00,496.7,31May1932,179.7,732.1
6/1/2021 0:00,1189,30Jun1932,168.1,230.5
7/1/2021 0:00,461.9,31Jul1932,0,11.1
8/1/2021 0:00,547.3,31Aug1932,0,0
9/1/2021 0:00,873.8,30Sep1932,5,0
10/1/2021 0:00,116.8,31Oct1932,175.1,0
11/1/2021 0:00,85.03,30Nov1932,234.7,12.1
12/1/2021 0:00,157.8,31Dec1932,222.2,28.3
1/1/2022 0:00,216.2,31Jan1933,234.4,79.7
2/1/2022 0:00,105.3,28Feb1933,231,112.6
3/1/2022 0:00,392.1,31Mar1933,206.5,282.7
4/1/2022 0:00,111.5,30Apr1933,126,321.7
5/1/2022 0:00,214.5,31May1933,114,422.9
6/1/2022 0:00,508.7,30Jun1933,0,266.3
7/1/2022 0:00,181.3,31Jul1933,0,4.8
8/1/2022 0:00,608.7,31Aug1933,0,0
9/1/2022 0:00,336.9,30Sep1933,4.8,0
10/1/2022 0:00,50.25,31Oct1933,88.8,11.3
11/1/2022 0:00,55.39,30Nov1933,156.2,29.6
12/1/2022 0:00,695.7,31Dec1933,161.5,331.6
1/1/2023 0:00,393.9,31Jan1934,145,490.4
2/1/2023 0:00,730.2,28Feb1934,167.4,531
3/1/2023 0:00,407,31Mar1934,120.4,354.2
4/1/2023 0:00,142.1,30Apr1934,126.2,130.4
5/1/2023 0:00,346.3,31May1934,107.6,46.9
6/1/2023 0:00,656.7,30Jun1934,0,22.6
7/1/2023 0:00,110.2,31Jul1934,0,0
8/1/2023 0:00,168,31Aug1934,0,0
9/1/2023 0:00,231,30Sep1934,5.2,0
10/1/2023 0:00,172.6,31Oct1934,121.2,0
11/1/2023 0:00,414.3,30Nov1934,152.5,65.8
12/1/2023 0:00,406.6,31Dec1934,136.7,95
1/1/2024 0:00,928.2,31Jan1935,143.4,546.1
2/1/2024 0:00,526.7,28Feb1935,142.4,373.8
3/1/2024 0:00,985,31Mar1935,109.8,630.9
4/1/2024 0:00,2741,30Apr1935,139.4,2810.4
5/1/2024 0:00,1970,31May1935,166.4,877.8
6/1/2024 0:00,705.3,30Jun1935,153.6,244.1
7/1/2024 0:00,463.6,31Jul1935,0,11.1
8/1/2024 0:00,659.5,31Aug1935,0,3.2
9/1/2024 0:00,825.9,30Sep1935,4.9,0
10/1/2024 0:00,215.4,31Oct1935,173.7,11.1
11/1/2024 0:00,258.5,30Nov1935,247.3,27.7
12/1/2024 0:00,235.3,31Dec1935,234.1,44.4
1/1/2025 0:00,1213,31Jan1936,233.6,806.5
2/1/2025 0:00,9252,29Feb1936,2824,4719.3
3/1/2025 0:00,4517,31Mar1936,486.7,1189.6
4/1/2025 0:00,2686,30Apr1936,472.4,1338.1
5/1/2025 0:00,513.8,31May1936,1449.1,596
6/1/2025 0:00,1570,30Jun1936,1091.2,280.4
7/1/2025 0:00,679.6,31Jul1936,386.6,21.6
8/1/2025 0:00,1080,31Aug1936,372.1,3.2
9/1/2025 0:00,1254,30Sep1936,442,0
10/1/2025 0:00,159.7,31Oct1936,163.7,11.4
11/1/2025 0:00,120.2,30Nov1936,242.8,11.8
12/1/2025 0:00,382.7,31Dec1936,245,46.8
1/1/2026 0:00,367.1,31Jan1937,252.8,161.9
2/1/2026 0:00,1911,28Feb1937,294.4,1631.1
3/1/2026 0:00,4072,31Mar1937,485,1916.3
4/1/2026 0:00,1357,30Apr1937,355.9,1551.3
5/1/2026 0:00,1236,31May1937,670.6,924.7
6/1/2026 0:00,514.2,30Jun1937,636.4,191.5
7/1/2026 0:00,1204,31Jul1937,217.6,11
8/1/2026 0:00,1208,31Aug1937,313.1,3.2
9/1/2026 0:00,683.9,30Sep1937,329,0
10/1/2026 0:00,281.2,31Oct1937,166,11
11/1/2026 0:00,499.3,30Nov1937,261.5,45.8
12/1/2026 0:00,1083,31Dec1937,1325.7,482.4
1/1/2027 0:00,1141,31Jan1938,206.3,286.7
2/1/2027 0:00,6199,28Feb1938,1496.1,3533.4
3/1/2027 0:00,7506,31Mar1938,1901.2,3678.8
4/1/2027 0:00,6241,30Apr1938,2483.4,2217.7
5/1/2027 0:00,4120,31May1938,3099,1586.3
6/1/2027 0:00,1451,30Jun1938,1685.4,581.3
7/1/2027 0:00,2612,31Jul1938,493.1,61.8
8/1/2027 0:00,2004,31Aug1938,411.2,9.5
9/1/2027 0:00,1284,30Sep1938,555.4,4.9
10/1/2027 0:00,199.5,31Oct1938,126.4,47.2
11/1/2027 0:00,135.7,30Nov1938,208.5,66.8
12/1/2027 0:00,145.7,31Dec1938,182,78.1
1/1/2028 0:00,270.7,31Jan1939,221.4,90.6
2/1/2028 0:00,295,28Feb1939,234.5,182.2
3/1/2028 0:00,784.8,31Mar1939,210,388.3
4/1/2028 0:00,295.6,30Apr1939,110.6,328.3
5/1/2028 0:00,464,31May1939,92.3,95.5
6/1/2028 0:00,591.9,30Jun1939,0,8.1
7/1/2028 0:00,601.3,31Jul1939,0,0
8/1/2028 0:00,235.3,31Aug1939,0,0
9/1/2028 0:00,366,30Sep1939,4.5,0
10/1/2028 0:00,172.3,31Oct1939,128.9,27.6
11/1/2028 0:00,210.7,30Nov1939,153.1,11.5
12/1/2028 0:00,193.7,31Dec1939,137,27.2
1/1/2029 0:00,1700,31Jan1940,163.9,1312.1
2/1/2029 0:00,4904,29Feb1940,171.4,2212.2
3/1/2029 0:00,5390,31Mar1940,811.6,2761.4
4/1/2029 0:00,1262,30Apr1940,373.5,1555.8
5/1/2029 0:00,489.8,31May1940,1113.9,416.5
6/1/2029 0:00,1092,30Jun1940,601,74
7/1/2029 0:00,770.9,31Jul1940,248.5,4.7
8/1/2029 0:00,900.6,31Aug1940,293,0
9/1/2029 0:00,341.1,30Sep1940,308,0
10/1/2029 0:00,240,31Oct1940,172.5,11.4
11/1/2029 0:00,300.5,30Nov1940,253.7,28.2
12/1/2029 0:00,1693,31Dec1940,379.4,598.9
1/1/2030 0:00,1598,31Jan1941,564.8,849.9
2/1/2030 0:00,2863,28Feb1941,1086.5,1481.6
3/1/2030 0:00,2119,31Mar1941,624.5,1489
4/1/2030 0:00,1767,30Apr1941,287.5,1291.5
5/1/2030 0:00,1781,31May1941,1251.8,886
6/1/2030 0:00,563,30Jun1941,1000.4,225
7/1/2030 0:00,1453,31Jul1941,535.8,11.2
8/1/2030 0:00,328.3,31Aug1941,370.1,3.3
9/1/2030 0:00,1414,30Sep1941,450.2,5.1
10/1/2030 0:00,308.9,31Oct1941,151.8,11.5
11/1/2030 0:00,301.7,30Nov1941,243.9,47.4
12/1/2030 0:00,1148,31Dec1941,586.8,566.4
1/1/2031 0:00,3889,31Jan1942,1332.5,1835.6
2/1/2031 0:00,1775,28Feb1942,1225.9,2414.2
3/1/2031 0:00,1614,31Mar1942,204.9,834.9
4/1/2031 0:00,2775,30Apr1942,260.8,1338.5
5/1/2031 0:00,3133,31May1942,1856.1,1258.5
6/1/2031 0:00,1802,30Jun1942,1682.1,547.5
7/1/2031 0:00,674.5,31Jul1942,563.7,63.4
8/1/2031 0:00,753.7,31Aug1942,455.2,9.7
9/1/2031 0:00,815.2,30Sep1942,562,5.1
10/1/2031 0:00,443.4,31Oct1942,150.1,28.3
11/1/2031 0:00,884,30Nov1942,558.1,406.4
12/1/2031 0:00,1965,31Dec1942,387.1,644.5
1/1/2032 0:00,6185,31Jan1943,1545.2,2240.5
2/1/2032 0:00,2516,28Feb1943,1056.4,1477
3/1/2032 0:00,3303,31Mar1943,1782,3822.9
4/1/2032 0:00,2458,30Apr1943,644.2,1188.2
5/1/2032 0:00,1169,31May1943,1254.4,512.5
6/1/2032 0:00,2513,30Jun1943,768.9,184.8
7/1/2032 0:00,1009,31Jul1943,264.3,33.6
8/1/2032 0:00,317.8,31Aug1943,291.7,9.9
9/1/2032 0:00,1114,30Sep1943,377.3,5.1
10/1/2032 0:00,272.2,31Oct1943,143.8,27.6
11/1/2032 0:00,219.3,30Nov1943,216.9,46.5
12/1/2032 0:00,172.1,31Dec1943,207.3,76.1
1/1/2033 0:00,384.4,31Jan1944,224.7,170
2/1/2033 0:00,1303,29Feb1944,250.8,571.4
3/1/2033 0:00,1235,31Mar1944,223.9,727.8
4/1/2033 0:00,664.2,30Apr1944,117.2,443.3
5/1/2033 0:00,462.3,31May1944,102.8,573.9
6/1/2033 0:00,260.4,30Jun1944,0,140.1
7/1/2033 0:00,357.8,31Jul1944,0,4.7
8/1/2033 0:00,587.8,31Aug1944,0,0
9/1/2033 0:00,579.5,30Sep1944,4.7,0
10/1/2033 0:00,248.1,31Oct1944,89.6,0
11/1/2033 0:00,559.8,30Nov1944,191.1,437.9
12/1/2033 0:00,668.4,31Dec1944,156,300.5
1/1/2034 0:00,517.7,31Jan1945,159.4,244.8
2/1/2034 0:00,2030,28Feb1945,317.3,2201.1
3/1/2034 0:00,1820,31Mar1945,132.7,934.6
4/1/2034 0:00,1145,30Apr1945,380.3,950
5/1/2034 0:00,1365,31May1945,751.1,616.3
6/1/2034 0:00,407.2,30Jun1945,644.9,268
7/1/2034 0:00,214.3,31Jul1945,291.7,11
8/1/2034 0:00,637.4,31Aug1945,403.9,3.2
9/1/2034 0:00,1038,30Sep1945,429.4,0
10/1/2034 0:00,515.4,31Oct1945,170.2,44.3
11/1/2034 0:00,936.6,30Nov1945,487.3,254.3
12/1/2034 0:00,3139,31Dec1945,1354.2,2533.3
1/1/2035 0:00,2362,31Jan1946,612.1,1004.7
2/1/2035 0:00,973.2,28Feb1946,257.4,460.5
3/1/2035 0:00,2032,31Mar1946,226.6,981.8
4/1/2035 0:00,1036,30Apr1946,323.7,993.2
5/1/2035 0:00,776.5,31May1946,447.2,554.1
6/1/2035 0:00,275.2,30Jun1946,663.7,126.3
7/1/2035 0:00,188.9,31Jul1946,189.5,10.8
8/1/2035 0:00,1005,31Aug1946,185.3,3.1
9/1/2035 0:00,289.6,30Sep1946,228.9,0
10/1/2035 0:00,167.4,31Oct1946,155.2,28
11/1/2035 0:00,462.9,30Nov1946,297.2,172.6
12/1/2035 0:00,584.8,31Dec1946,232.7,193.9
1/1/2036 0:00,381.8,31Jan1947,233.9,124.9
2/1/2036 0:00,695.7,28Feb1947,241.1,363.5
3/1/2036 0:00,736.1,31Mar1947,215.4,641
4/1/2036 0:00,523.4,30Apr1947,120.6,439.5
5/1/2036 0:00,579.9,31May1947,103.8,123.7
6/1/2036 0:00,179.7,30Jun1947,0,22.4
7/1/2036 0:00,207.7,31Jul1947,0,0
8/1/2036 0:00,180.8,31Aug1947,0,0
9/1/2036 0:00,429.8,30Sep1947,4.8,0
10/1/2036 0:00,238.3,31Oct1947,91.9,50.8
11/1/2036 0:00,164.8,30Nov1947,150.4,67.1
12/1/2036 0:00,100.4,31Dec1947,130.5,46.9
1/1/2037 0:00,119.1,31Jan1948,135.9,141.3
2/1/2037 0:00,172.5,29Feb1948,146.3,143
3/1/2037 0:00,417.1,31Mar1948,116.6,511.5
4/1/2037 0:00,1595,30Apr1948,133.8,1520.8
5/1/2037 0:00,1639,31May1948,175.9,1120.6
6/1/2037 0:00,281.9,30Jun1948,132.6,428.1
7/1/2037 0:00,325.7,31Jul1948,0,33.3
8/1/2037 0:00,182.8,31Aug1948,0,3.2
9/1/2037 0:00,204.1,30Sep1948,4.6,0
10/1/2037 0:00,171.6,31Oct1948,108.7,11.5
11/1/2037 0:00,132.8,30Nov1948,167.4,28.8
12/1/2037 0:00,523.8,31Dec1948,158.8,94.4
1/1/2038 0:00,242.4,31Jan1949,158.6,122.6
2/1/2038 0:00,234.1,28Feb1949,180,285.2
3/1/2038 0:00,1647,31Mar1949,146.8,1293.3
4/1/2038 0:00,880.7,30Apr1949,127.9,980.8
5/1/2038 0:00,504,31May1949,143.7,622.7
6/1/2038 0:00,431.8,30Jun1949,118.5,129.6
7/1/2038 0:00,218.1,31Jul1949,0,4.8
8/1/2038 0:00,161.8,31Aug1949,0,0
9/1/2038 0:00,446.4,30Sep1949,5.1,0
10/1/2038 0:00,147.3,31Oct1949,119.7,11.6
11/1/2038 0:00,142.4,30Nov1949,189.5,47.7
12/1/2038 0:00,144,31Dec1949,174.7,46.9
1/1/2039 0:00,786.4,31Jan1950,146.9,649.5
2/1/2039 0:00,1555,28Feb1950,241.2,1199.8
3/1/2039 0:00,1470,31Mar1950,210.4,879.4
4/1/2039 0:00,1039,30Apr1950,335.4,1415.6
5/1/2039 0:00,793,31May1950,770.7,604.4
6/1/2039 0:00,207.6,30Jun1950,734.5,185.4
7/1/2039 0:00,532.7,31Jul1950,324.5,11.1
8/1/2039 0:00,319.9,31Aug1950,358.9,3.3
9/1/2039 0:00,253.9,30Sep1950,434.9,5.1
10/1/2039 0:00,316.9,31Oct1950,173.9,62.8
11/1/2039 0:00,4020,30Nov1950,3592.6,2820.5
12/1/2039 0:00,7519,31Dec1950,5529.3,3638.1
1/1/2040 0:00,6068,31Jan1951,1249.8,2240.4
2/1/2040 0:00,2167,28Feb1951,958.1,1497.6
3/1/2040 0:00,1752,31Mar1951,310.3,1445.7
4/1/2040 0:00,1042,30Apr1951,310.3,719.7
5/1/2040 0:00,611.9,31May1951,441.9,652.5
6/1/2040 0:00,234.4,30Jun1951,370.5,137.5
7/1/2040 0:00,535,31Jul1951,63,21.1
8/1/2040 0:00,213.2,31Aug1951,83.2,9.3
9/1/2040 0:00,271,30Sep1951,99.4,4.8
10/1/2040 0:00,312.6,31Oct1951,181.3,64
11/1/2040 0:00,1261,30Nov1951,272.1,174.2
12/1/2040 0:00,2636,31Dec1951,914.3,1324.9
1/1/2041 0:00,6410,31Jan1952,1614.3,2766
2/1/2041 0:00,5662,29Feb1952,1335,2387.1
3/1/2041 0:00,2523,31Mar1952,1057.6,2264
4/1/2041 0:00,5296,30Apr1952,2907.2,2489.4
5/1/2041 0:00,2237,31May1952,3381.7,1720.4
6/1/2041 0:00,1824,30Jun1952,1467.8,629.4
7/1/2041 0:00,286.1,31Jul1952,873.5,133.7
8/1/2041 0:00,224.4,31Aug1952,566.8,40.3
9/1/2041 0:00,233.4,30Sep1952,723.2,40.3
10/1/2041 0:00,196.7,31Oct1952,112.9,28.2
11/1/2041 0:00,317,30Nov1952,189.2,65.3
12/1/2041 0:00,1077,31Dec1952,187.4,278
1/1/2042 0:00,2437,31Jan1953,246.9,993.2
2/1/2042 0:00,634.3,28Feb1953,1163.7,321.7
3/1/2042 0:00,572,31Mar1953,219.1,474.4
4/1/2042 0:00,712.8,30Apr1953,125.2,731.8
5/1/2042 0:00,898.7,31May1953,422,615.7
6/1/2042 0:00,374.8,30Jun1953,313.6,420.5
7/1/2042 0:00,219.7,31Jul1953,170.7,54.8
8/1/2042 0:00,195.7,31Aug1953,159.6,9.6
9/1/2042 0:00,203.4,30Sep1953,207,5.1
10/1/2042 0:00,229.4,31Oct1953,157.9,28
11/1/2042 0:00,392.2,30Nov1953,240.6,64.8
12/1/2042 0:00,223.3,31Dec1953,233.7,95.9
1/1/2043 0:00,789.3,31Jan1954,235.7,254.6
2/1/2043 0:00,1094,28Feb1954,242.5,589.1
3/1/2043 0:00,1337,31Mar1954,211.7,1002
4/1/2043 0:00,1176,30Apr1954,119.8,966.3
5/1/2043 0:00,346.9,31May1954,142.2,352.4
6/1/2043 0:00,1016,30Jun1954,118.6,73.7
7/1/2043 0:00,204,31Jul1954,0,4.8
8/1/2043 0:00,179.9,31Aug1954,0,3.3
9/1/2043 0:00,177.5,30Sep1954,4.9,0
10/1/2043 0:00,163,31Oct1954,105.8,11.4
11/1/2043 0:00,451.8,30Nov1954,169.8,47.6
12/1/2043 0:00,680.2,31Dec1954,171.2,371.4
1/1/2044 0:00,637,31Jan1955,160.1,710.8
2/1/2044 0:00,857.1,28Feb1955,168.8,406.3
3/1/2044 0:00,839.2,31Mar1955,142,405.9
4/1/2044 0:00,599.7,30Apr1955,119.7,445.9
5/1/2044 0:00,492.2,31May1955,111.4,542.9
6/1/2044 0:00,188.9,30Jun1955,0,115.2
7/1/2044 0:00,138.1,31Jul1955,0,4.7
8/1/2044 0:00,153.6,31Aug1955,0,0
9/1/2044 0:00,174.7,30Sep1955,4.7,0
10/1/2044 0:00,257.4,31Oct1955,84.1,0
11/1/2044 0:00,264.9,30Nov1955,150.6,46.4
12/1/2044 0:00,7351,31Dec1955,2298.6,3818.6
1/1/2045 0:00,10951,31Jan1956,3199.9,3470.2
2/1/2045 0:00,1974,29Feb1956,975.3,1216.1
3/1/2045 0:00,1996,31Mar1956,197,869.6
4/1/2045 0:00,2224,30Apr1956,403.9,681
5/1/2045 0:00,2671,31May1956,1881.6,882.5
6/1/2045 0:00,465.4,30Jun1956,1414.3,274.5
7/1/2045 0:00,224.7,31Jul1956,560.6,32
8/1/2045 0:00,724.2,31Aug1956,433.7,9.5
9/1/2045 0:00,309.4,30Sep1956,478.3,4.9
10/1/2045 0:00,335.8,31Oct1956,137.9,47.7
11/1/2045 0:00,371.9,30Nov1956,230.2,68.1
12/1/2045 0:00,245.9,31Dec1956,205.9,79.5
1/1/2046 0:00,410.6,31Jan1957,228.1,122.4
2/1/2046 0:00,997.2,28Feb1957,259.7,674
3/1/2046 0:00,1241,31Mar1957,217.5,1356.8
4/1/2046 0:00,716.5,30Apr1957,138.8,530.2
5/1/2046 0:00,894.1,31May1957,240.3,744.4
6/1/2046 0:00,360.7,30Jun1957,206.3,182.8
7/1/2046 0:00,181.8,31Jul1957,59.6,11
8/1/2046 0:00,184.8,31Aug1957,65.2,3.2
9/1/2046 0:00,217.1,30Sep1957,85.9,5
10/1/2046 0:00,295.2,31Oct1957,169,27.7
11/1/2046 0:00,344.4,30Nov1957,260,47.3
12/1/2046 0:00,627.5,31Dec1957,255.9,129.6
1/1/2047 0:00,1147,31Jan1958,224,418.7
2/1/2047 0:00,3729,28Feb1958,1121.4,1989.2
3/1/2047 0:00,3960,31Mar1958,974.7,2504
4/1/2047 0:00,5289,30Apr1958,1837.2,3913.9
5/1/2047 0:00,3962,31May1958,2403,1297.5
6/1/2047 0:00,637.4,30Jun1958,1269.1,540
7/1/2047 0:00,503.6,31Jul1958,539.9,62.8
8/1/2047 0:00,244.5,31Aug1958,468.2,25.8
9/1/2047 0:00,280.4,30Sep1958,671.4,23.6
10/1/2047 0:00,283.6,31Oct1958,136.8,27.3
11/1/2047 0:00,306.6,30Nov1958,210.4,46.4
12/1/2047 0:00,178.1,31Dec1958,190.5,44.7
1/1/2048 0:00,876.7,31Jan1959,242.3,244.1
2/1/2048 0:00,1263,28Feb1959,266.1,716
3/1/2048 0:00,1086,31Mar1959,226.6,387.8
4/1/2048 0:00,561.3,30Apr1959,116.1,270.6
5/1/2048 0:00,338.9,31May1959,108.8,100.5
6/1/2048 0:00,187.6,30Jun1959,0,8.1
7/1/2048 0:00,365.5,31Jul1959,0,4.8
8/1/2048 0:00,183.4,31Aug1959,0,3.2
9/1/2048 0:00,441.7,30Sep1959,5.4,5.1
10/1/2048 0:00,178.1,31Oct1959,86.3,0
11/1/2048 0:00,113.9,30Nov1959,147.3,11.9
12/1/2048 0:00,218.5,31Dec1959,133.3,27.9
1/1/2049 0:00,392.7,31Jan1960,135.1,108
2/1/2049 0:00,855.4,29Feb1960,168.6,868.3
3/1/2049 0:00,1475,31Mar1960,125.1,748.7
4/1/2049 0:00,732.4,30Apr1960,132.2,408.4
5/1/2049 0:00,474.2,31May1960,106,261
6/1/2049 0:00,141.1,30Jun1960,0,35.3
7/1/2049 0:00,275.8,31Jul1960,0,4.8
8/1/2049 0:00,170.2,31Aug1960,0,3.2
9/1/2049 0:00,246.5,30Sep1960,5.2,0
10/1/2049 0:00,118.2,31Oct1960,81.7,11.5
11/1/2049 0:00,455.3,30Nov1960,147.4,47.9
12/1/2049 0:00,262.6,31Dec1960,131.9,63
1/1/2050 0:00,507.4,31Jan1961,136.9,48.1
2/1/2050 0:00,276.4,28Feb1961,136,108.1
3/1/2050 0:00,352.9,31Mar1961,115,185.1
4/1/2050 0:00,313.5,30Apr1961,54.9,167.8
5/1/2050 0:00,284.1,31May1961,0,146.6
6/1/2050 0:00,232.3,30Jun1961,0,35.3
7/1/2050 0:00,71.95,31Jul1961,0,4.8
8/1/2050 0:00,170.9,31Aug1961,0,3.3
9/1/2050 0:00,177.8,30Sep1961,0.5,0
10/1/2050 0:00,96.54,31Oct1961,123.5,0
11/1/2050 0:00,304.2,30Nov1961,151.3,11.1
12/1/2050 0:00,543.4,31Dec1961,140.6,43.8
1/1/2051 0:00,197.4,31Jan1962,144,45.3
2/1/2051 0:00,2074,28Feb1962,214.2,1708.5
3/1/2051 0:00,1521,31Mar1962,137.1,762.8
4/1/2051 0:00,1697,30Apr1962,150.8,962.2
5/1/2051 0:00,425.6,31May1962,195.5,433
6/1/2051 0:00,178.5,30Jun1962,181.5,127.3
7/1/2051 0:00,232,31Jul1962,0,4.6
8/1/2051 0:00,151.5,31Aug1962,0,3.1
9/1/2051 0:00,219.2,30Sep1962,5.3,0
10/1/2051 0:00,1513,31Oct1962,140,398.8
11/1/2051 0:00,618.7,30Nov1962,183.5,47.7
12/1/2051 0:00,638,31Dec1962,173.2,195.2
1/1/2052 0:00,1135,31Jan1963,174.8,323
2/1/2052 0:00,1530,28Feb1963,1605.4,2199.8
3/1/2052 0:00,1546,31Mar1963,159.8,696.6
4/1/2052 0:00,2121,30Apr1963,271.6,2282.4
5/1/2052 0:00,2786,31May1963,1400.4,1253.9
6/1/2052 0:00,457.6,30Jun1963,875.5,285.6
7/1/2052 0:00,364.3,31Jul1963,376.2,44.3
8/1/2052 0:00,323.2,31Aug1963,368.8,9.7
9/1/2052 0:00,626.8,30Sep1963,504.1,5.1
10/1/2052 0:00,359.7,31Oct1963,158,28.4
11/1/2052 0:00,857.7,30Nov1963,581.3,293.5
12/1/2052 0:00,613,31Dec1963,225.4,144.8
1/1/2053 0:00,1018,31Jan1964,228.5,461.5
2/1/2053 0:00,606.6,29Feb1964,244.5,228.3
3/1/2053 0:00,326.5,31Mar1964,206.4,249.3
4/1/2053 0:00,255.1,30Apr1964,121.1,357.2
5/1/2053 0:00,413.6,31May1964,102.9,373
6/1/2053 0:00,219.1,30Jun1964,0,97.8
7/1/2053 0:00,268.2,31Jul1964,0,10.7
8/1/2053 0:00,161.3,31Aug1964,0,9.5
9/1/2053 0:00,467.2,30Sep1964,4.6,5
10/1/2053 0:00,490.1,31Oct1964,85.4,11
11/1/2053 0:00,616.9,30Nov1964,169.7,119
12/1/2053 0:00,6323,31Dec1964,3063.4,3886.6
1/1/2054 0:00,8348,31Jan1965,2548.5,3241.4
2/1/2054 0:00,3452,28Feb1965,785,986.8
3/1/2054 0:00,1398,31Mar1965,110,555.1
4/1/2054 0:00,1568,30Apr1965,280,1408.5
5/1/2054 0:00,1280,31May1965,1195.5,617.2
6/1/2054 0:00,687.5,30Jun1965,1055.5,277.6
7/1/2054 0:00,439.6,31Jul1965,614.3,32
8/1/2054 0:00,359.5,31Aug1965,452.5,25.2
9/1/2054 0:00,191.2,30Sep1965,500.8,4.9
10/1/2054 0:00,234.4,31Oct1965,131,27.8
11/1/2054 0:00,850.3,30Nov1965,550.4,207.5
12/1/2054 0:00,828.3,31Dec1965,213.7,335.8
1/1/2055 0:00,717.3,31Jan1966,238.1,397.1
2/1/2055 0:00,824,28Feb1966,234.7,425.8
3/1/2055 0:00,583.4,31Mar1966,216.5,537.8
4/1/2055 0:00,354.3,30Apr1966,122.3,554.4
5/1/2055 0:00,300.6,31May1966,104.1,170.9
6/1/2055 0:00,171.9,30Jun1966,0,35.8
7/1/2055 0:00,284.1,31Jul1966,0,11.3
8/1/2055 0:00,150.3,31Aug1966,0,26.1
9/1/2055 0:00,176.6,30Sep1966,4.9,0
10/1/2055 0:00,166.4,31Oct1966,119.3,0
11/1/2055 0:00,1006,30Nov1966,191.5,81.3
12/1/2055 0:00,990.9,31Dec1966,199.2,715
1/1/2056 0:00,4937,31Jan1967,242.6,1439.4
2/1/2056 0:00,1332,28Feb1967,519.7,886.4
3/1/2056 0:00,1907,31Mar1967,802.3,1565.4
4/1/2056 0:00,2441,30Apr1967,1145.2,2370.1
5/1/2056 0:00,4407,31May1967,3182.9,1994.5
6/1/2056 0:00,902.2,30Jun1967,1376.7,801.3
7/1/2056 0:00,480.7,31Jul1967,785.4,153.7
8/1/2056 0:00,335.6,31Aug1967,530.8,40.2
9/1/2056 0:00,891.1,30Sep1967,802.8,23.7
10/1/2056 0:00,286.1,31Oct1967,134.6,46.3
11/1/2056 0:00,383.6,30Nov1967,209.3,65.1
12/1/2056 0:00,327.7,31Dec1967,199.4,149
1/1/2057 0:00,1061,31Jan1968,231.9,313.8
2/1/2057 0:00,1090,29Feb1968,243.3,877.1
3/1/2057 0:00,1262,31Mar1968,211.9,656.7
4/1/2057 0:00,592.6,30Apr1968,118.9,434
5/1/2057 0:00,365.7,31May1968,102.5,187.4
6/1/2057 0:00,346,30Jun1968,0,50.1
7/1/2057 0:00,279.8,31Jul1968,0,11.3
8/1/2057 0:00,197.2,31Aug1968,0,9.8
9/1/2057 0:00,268.9,30Sep1968,4.9,0
10/1/2057 0:00,239.2,31Oct1968,87.9,11
11/1/2057 0:00,669.3,30Nov1968,158,110.4
12/1/2057 0:00,820.7,31Dec1968,141.9,274.8
1/1/2058 0:00,13729,31Jan1969,1752.2,4368.5
2/1/2058 0:00,4842,28Feb1969,1737.9,2609.9
3/1/2058 0:00,3002,31Mar1969,749.2,1491.7
4/1/2058 0:00,3548,30Apr1969,2127.5,1873.2
5/1/2058 0:00,2760,31May1969,3677.9,998.1
6/1/2058 0:00,819.9,30Jun1969,1374.4,352.3
7/1/2058 0:00,519.8,31Jul1969,786.1,42.9
8/1/2058 0:00,348.2,31Aug1969,520.8,9.5
9/1/2058 0:00,859.5,30Sep1969,682,23
10/1/2058 0:00,428,31Oct1969,124.2,46.9
11/1/2058 0:00,359.7,30Nov1969,195.4,78.8
12/1/2058 0:00,1165,31Dec1969,262,559.3
1/1/2059 0:00,7733,31Jan1970,3578.9,3654.8
2/1/2059 0:00,2710,28Feb1970,1041.1,1258.3
3/1/2059 0:00,1673,31Mar1970,418.8,1223.2
4/1/2059 0:00,664.1,30Apr1970,375.2,444.1
5/1/2059 0:00,409.3,31May1970,370.5,387
6/1/2059 0:00,264.2,30Jun1970,340.8,115.2
7/1/2059 0:00,396.1,31Jul1970,82.9,22.1
8/1/2059 0:00,377.8,31Aug1970,125.7,9.6
9/1/2059 0:00,239.4,30Sep1970,141.4,5
10/1/2059 0:00,274.9,31Oct1970,152,27.2
11/1/2059 0:00,1688,30Nov1970,576.9,346.9
12/1/2059 0:00,2262,31Dec1970,907.5,1523.5
1/1/2060 0:00,2410,31Jan1971,764.3,1425.4
2/1/2060 0:00,855,28Feb1971,609.8,578
3/1/2060 0:00,1305,31Mar1971,449.3,977.3
4/1/2060 0:00,727.7,30Apr1971,322.2,795.8
5/1/2060 0:00,484.3,31May1971,636.8,626
6/1/2060 0:00,309.4,30Jun1971,396.2,265.4
7/1/2060 0:00,363.9,31Jul1971,230.7,32.3
8/1/2060 0:00,347.5,31Aug1971,208.5,9.5
9/1/2060 0:00,242.7,30Sep1971,274.6,4.9
10/1/2060 0:00,245.3,31Oct1971,153.1,27.7
11/1/2060 0:00,342.4,30Nov1971,278,78.9
12/1/2060 0:00,829.1,31Dec1971,352.2,445.2
1/1/2061 0:00,660.5,31Jan1972,240.5,265.4
2/1/2061 0:00,1118,29Feb1972,261.8,541.6
3/1/2061 0:00,746.8,31Mar1972,229.5,743.7
4/1/2061 0:00,612.1,30Apr1972,233.1,545.9
5/1/2061 0:00,398.9,31May1972,147.2,334.9
6/1/2061 0:00,152.6,30Jun1972,128.6,74.3
7/1/2061 0:00,293.5,31Jul1972,0,11.2
8/1/2061 0:00,298.8,31Aug1972,0,9.8
9/1/2061 0:00,558.7,30Sep1972,4.8,5
10/1/2061 0:00,440.6,31Oct1972,110,27.1
11/1/2061 0:00,975.6,30Nov1972,185.5,133.4
12/1/2061 0:00,623,31Dec1972,167.8,293.7
1/1/2062 0:00,3130,31Jan1973,444.6,2017.1
2/1/2062 0:00,4660,28Feb1973,1285.3,2012.5
3/1/2062 0:00,1756,31Mar1973,576.8,1560.6
4/1/2062 0:00,1954,30Apr1973,340.7,995.7
5/1/2062 0:00,760.7,31May1973,623,621.9
6/1/2062 0:00,320.9,30Jun1973,518.6,143.1
7/1/2062 0:00,419.6,31Jul1973,223.4,11.1
8/1/2062 0:00,395,31Aug1973,310.2,9.7
9/1/2062 0:00,238.6,30Sep1973,322,23.4
10/1/2062 0:00,416,31Oct1973,174.7,47.3
11/1/2062 0:00,1652,30Nov1973,1444.8,571.9
12/1/2062 0:00,4574,31Dec1973,923.6,1371.4
1/1/2063 0:00,3951,31Jan1974,1468.8,2156.9
2/1/2063 0:00,1539,28Feb1974,272.4,640.4
3/1/2063 0:00,3066,31Mar1974,873.6,2168.3
4/1/2063 0:00,1910,30Apr1974,544.5,1499.4
5/1/2063 0:00,2086,31May1974,1062.6,640.9
6/1/2063 0:00,374.7,30Jun1974,955.2,197.3
7/1/2063 0:00,546.8,31Jul1974,363.1,73.2
8/1/2063 0:00,258.5,31Aug1974,414.9,25.4
9/1/2063 0:00,281.2,30Sep1974,544.8,5
10/1/2063 0:00,367.6,31Oct1974,169.6,28.6
11/1/2063 0:00,420.5,30Nov1974,258.3,66.2
12/1/2063 0:00,718.4,31Dec1974,240.7,111.5
1/1/2064 0:00,434.4,31Jan1975,243.6,203.5
2/1/2064 0:00,1919,28Feb1975,271.7,1079.3
3/1/2064 0:00,2560,31Mar1975,221,1688.1
4/1/2064 0:00,1515,30Apr1975,277.2,1165.6
5/1/2064 0:00,3322,31May1975,950.2,1241.2
6/1/2064 0:00,488.5,30Jun1975,740.5,437.9
7/1/2064 0:00,420.9,31Jul1975,437.7,55.5
8/1/2064 0:00,254.4,31Aug1975,603.1,26.1
9/1/2064 0:00,316.1,30Sep1975,652.2,23.8
10/1/2064 0:00,428.3,31Oct1975,177.6,90.3
11/1/2064 0:00,573.7,30Nov1975,289,123.4
12/1/2064 0:00,349.3,31Dec1975,230.8,95.7
1/1/2065 0:00,284.7,31Jan1976,235.2,79.5
2/1/2065 0:00,235.3,29Feb1976,240.4,110.2
3/1/2065 0:00,321.7,31Mar1976,211.9,172.9
4/1/2065 0:00,305.5,30Apr1976,54.1,142.7
5/1/2065 0:00,300.3,31May1976,0,85.4
6/1/2065 0:00,193,30Jun1976,0,8.2
7/1/2065 0:00,278.6,31Jul1976,0,0
8/1/2065 0:00,278.3,31Aug1976,0.7,3.3
9/1/2065 0:00,174.5,30Sep1976,3.9,4.9
10/1/2065 0:00,131.2,31Oct1976,31.6,11.3
11/1/2065 0:00,145.8,30Nov1976,59.6,11.7
12/1/2065 0:00,136.9,31Dec1976,45,11.3
1/1/2066 0:00,236.5,31Jan1977,49.9,30.3
2/1/2066 0:00,82.64,28Feb1977,52.7,45.3
3/1/2066 0:00,270.4,31Mar1977,31.6,36.2
4/1/2066 0:00,146.6,30Apr1977,51.7,27.3
5/1/2066 0:00,202.3,31May1977,0,31
6/1/2066 0:00,146.8,30Jun1977,0,3.1
7/1/2066 0:00,191.9,31Jul1977,0,0
8/1/2066 0:00,135.9,31Aug1977,0.7,0
9/1/2066 0:00,193.8,30Sep1977,3.8,0
10/1/2066 0:00,175.8,31Oct1977,32,0
11/1/2066 0:00,583.4,30Nov1977,65,11.3
12/1/2066 0:00,726.7,31Dec1977,60.5,299.5
1/1/2067 0:00,5215,31Jan1978,62,1852.6
2/1/2067 0:00,2848,28Feb1978,72.6,1161.2
3/1/2067 0:00,4639,31Mar1978,41.2,1479.5
4/1/2067 0:00,2508,30Apr1978,161.9,1650.4
5/1/2067 0:00,1677,31May1978,393.4,881
6/1/2067 0:00,313.9,30Jun1978,283.8,323.6
7/1/2067 0:00,370.9,31Jul1978,52.9,33.2
8/1/2067 0:00,184.5,31Aug1978,35.3,3.2
9/1/2067 0:00,323,30Sep1978,63.6,23.9
10/1/2067 0:00,319.6,31Oct1978,160.7,0
11/1/2067 0:00,534.8,30Nov1978,243.2,28.7
12/1/2067 0:00,265.9,31Dec1978,229.8,61.6
1/1/2068 0:00,1172,31Jan1979,232.8,504.8
2/1/2068 0:00,2108,28Feb1979,281.8,1037.4
3/1/2068 0:00,2494,31Mar1979,565.5,1590.5
4/1/2068 0:00,1315,30Apr1979,352.6,1229.6
5/1/2068 0:00,647.1,31May1979,536.5,983.6
6/1/2068 0:00,264.9,30Jun1979,408.4,102.5
7/1/2068 0:00,320.7,31Jul1979,181.1,0
8/1/2068 0:00,329.1,31Aug1979,249.3,0
9/1/2068 0:00,618.7,30Sep1979,264.1,0
10/1/2068 0:00,510.2,31Oct1979,172.1,11.6
11/1/2068 0:00,510.2,30Nov1979,254.1,78.8
12/1/2068 0:00,1080,31Dec1979,240.8,197.4
1/1/2069 0:00,4371,31Jan1980,3231,3513.8
2/1/2069 0:00,8586,29Feb1980,2926.6,1954.7
3/1/2069 0:00,1795,31Mar1980,477.4,1492.3
4/1/2069 0:00,1146,30Apr1980,294.9,797.7
5/1/2069 0:00,694,31May1980,1140.5,611.2
6/1/2069 0:00,469.9,30Jun1980,858.5,182.2
7/1/2069 0:00,370.4,31Jul1980,519.6,21.5
8/1/2069 0:00,167.4,31Aug1980,318.5,0
9/1/2069 0:00,406,30Sep1980,528.1,0
10/1/2069 0:00,234.6,31Oct1980,125.6,0
11/1/2069 0:00,233.1,30Nov1980,196.6,28.6
12/1/2069 0:00,547.7,31Dec1980,190.1,62.6
1/1/2070 0:00,1031,31Jan1981,226.3,251.1
2/1/2070 0:00,592.1,28Feb1981,230.4,204.5
3/1/2070 0:00,977.5,31Mar1981,200.7,774.7
4/1/2070 0:00,627.7,30Apr1981,119.2,379.2
5/1/2070 0:00,392.8,31May1981,92.1,170.5
6/1/2070 0:00,323.7,30Jun1981,0,0
7/1/2070 0:00,250,31Jul1981,0,0
8/1/2070 0:00,300.3,31Aug1981,0,0
9/1/2070 0:00,244.1,30Sep1981,4.9,0
10/1/2070 0:00,450.5,31Oct1981,91.7,27.9
11/1/2070 0:00,3180,30Nov1981,174.9,736.4
12/1/2070 0:00,5571,31Dec1981,558.7,1596
1/1/2071 0:00,5912,31Jan1982,1516.9,2398.1
2/1/2071 0:00,5394,28Feb1982,3399.8,3365.9
3/1/2071 0:00,4755,31Mar1982,1754.5,3193.3
4/1/2071 0:00,6710,30Apr1982,3570.9,4198.1
5/1/2071 0:00,4507,31May1982,2926.3,1189.3
6/1/2071 0:00,952.7,30Jun1982,1225.6,330.8
7/1/2071 0:00,315.9,31Jul1982,827.4,62.5
8/1/2071 0:00,594.3,31Aug1982,502.3,25.6
9/1/2071 0:00,393,30Sep1982,739.2,68.8
10/1/2071 0:00,1459,31Oct1982,114.3,211.7
11/1/2071 0:00,4096,30Nov1982,1337.3,958.1
12/1/2071 0:00,3373,31Dec1982,1776.4,2830.4
1/1/2072 0:00,8535,31Jan1983,1450.3,2533.4
2/1/2072 0:00,7805,28Feb1983,2557.2,4000.7
3/1/2072 0:00,9216,31Mar1983,3488.7,5714.2
4/1/2072 0:00,4704,30Apr1983,1805.4,2293.9
5/1/2072 0:00,5889,31May1983,4551.8,1892.2
6/1/2072 0:00,1020,30Jun1983,3029,842.1
7/1/2072 0:00,802.4,31Jul1983,1219.9,286.8
8/1/2072 0:00,627.4,31Aug1983,1298.2,82.8
9/1/2072 0:00,1560,30Sep1983,802.5,57.4
10/1/2072 0:00,508.2,31Oct1983,70.9,55.8
11/1/2072 0:00,3224,30Nov1983,2703.4,2253.8
12/1/2072 0:00,7117,31Dec1983,3344.8,4746.7
1/1/2073 0:00,4236,31Jan1984,1781.9,1458.1
2/1/2073 0:00,1672,29Feb1984,1058.2,1083.9
3/1/2073 0:00,2506,31Mar1984,317.6,939.6
4/1/2073 0:00,1272,30Apr1984,329.4,540.5
5/1/2073 0:00,845.1,31May1984,657.6,347.6
6/1/2073 0:00,535,30Jun1984,572.9,118.3
7/1/2073 0:00,640.9,31Jul1984,308.8,10.2
8/1/2073 0:00,557.3,31Aug1984,260.1,8.9
9/1/2073 0:00,1018,30Sep1984,321.1,0
10/1/2073 0:00,465.6,31Oct1984,168.5,47.4
11/1/2073 0:00,1762,30Nov1984,516.8,369.5
12/1/2073 0:00,782.5,31Dec1984,240.1,268
1/1/2074 0:00,576.7,31Jan1985,240,160.6
2/1/2074 0:00,886.7,28Feb1985,250,449.4
3/1/2074 0:00,1162,31Mar1985,222.5,564.3
4/1/2074 0:00,865.2,30Apr1985,136.6,597.5
5/1/2074 0:00,420,31May1985,115.4,192.1
6/1/2074 0:00,319.6,30Jun1985,0,35.8
7/1/2074 0:00,342.2,31Jul1985,0,0
8/1/2074 0:00,216.1,31Aug1985,0,0
9/1/2074 0:00,362.8,30Sep1985,5,23.3
10/1/2074 0:00,493.4,31Oct1985,112.7,11.2
11/1/2074 0:00,1343,30Nov1985,196.8,139.8
12/1/2074 0:00,1215,31Dec1985,176.7,328.4
1/1/2075 0:00,2268,31Jan1986,132,745
2/1/2075 0:00,13551,28Feb1986,5981.8,7174.8
3/1/2075 0:00,7337,31Mar1986,2726.8,3176.9
4/1/2075 0:00,2045,30Apr1986,353.3,739
5/1/2075 0:00,1407,31May1986,1328,369.1
6/1/2075 0:00,417.9,30Jun1986,855.4,102.7
7/1/2075 0:00,333,31Jul1986,280.7,11.1
8/1/2075 0:00,378.1,31Aug1986,291.9,3.2
9/1/2075 0:00,402.1,30Sep1986,452.1,5.2
10/1/2075 0:00,263.5,31Oct1986,116.4,11.7
11/1/2075 0:00,291.7,30Nov1986,193,12.1
12/1/2075 0:00,197.3,31Dec1986,173.9,28.1
1/1/2076 0:00,265.4,31Jan1987,209.7,60.8
2/1/2076 0:00,775,28Feb1987,239.1,234.7
3/1/2076 0:00,877.3,31Mar1987,205.2,324.9
4/1/2076 0:00,420.2,30Apr1987,51.2,84.4
5/1/2076 0:00,293.6,31May1987,0,34.2
6/1/2076 0:00,252.3,30Jun1987,0,8.2
7/1/2076 0:00,297.2,31Jul1987,0,4.9
8/1/2076 0:00,302.5,31Aug1987,0,3.3
9/1/2076 0:00,233.6,30Sep1987,0.5,0
10/1/2076 0:00,185,31Oct1987,116.8,0
11/1/2076 0:00,261.4,30Nov1987,146.6,11.9
12/1/2076 0:00,499.3,31Dec1987,132.4,28.2
1/1/2077 0:00,788.3,31Jan1988,134.3,238.3
2/1/2077 0:00,389.6,29Feb1988,154.9,105
3/1/2077 0:00,285.4,31Mar1988,109.8,149.7
4/1/2077 0:00,343.2,30Apr1988,52.2,132.2
5/1/2077 0:00,246.3,31May1988,0,81.6
6/1/2077 0:00,152.9,30Jun1988,0,49.7
7/1/2077 0:00,237.8,31Jul1988,0,11.3
8/1/2077 0:00,202.7,31Aug1988,0.7,9.7
9/1/2077 0:00,261,30Sep1988,3.8,5
10/1/2077 0:00,198.5,31Oct1988,32.9,0
11/1/2077 0:00,333.7,30Nov1988,66.6,48.3
12/1/2077 0:00,541.7,31Dec1988,49.2,62.8
1/1/2078 0:00,305,31Jan1989,55.7,108.5
2/1/2078 0:00,259.6,28Feb1989,63,197.8
3/1/2078 0:00,1642,31Mar1989,34.9,1637
4/1/2078 0:00,854.8,30Apr1989,134.8,514.1
5/1/2078 0:00,408.8,31May1989,149.1,172.7
6/1/2078 0:00,197.9,30Jun1989,138.6,49.6
7/1/2078 0:00,283.4,31Jul1989,0,1.6
8/1/2078 0:00,307.4,31Aug1989,0,3.2
9/1/2078 0:00,398.5,30Sep1989,5.9,5.5
10/1/2078 0:00,314.1,31Oct1989,91.6,52.2
11/1/2078 0:00,496.8,30Nov1989,150.8,71.2
12/1/2078 0:00,273.4,31Dec1989,130.6,47.5
1/1/2079 0:00,725.3,31Jan1990,132.8,140.3
2/1/2079 0:00,815.6,28Feb1990,141.8,216.4
3/1/2079 0:00,582.1,31Mar1990,115.1,480.8
4/1/2079 0:00,345.7,30Apr1990,112,255.8
5/1/2079 0:00,481.7,31May1990,105.3,94
6/1/2079 0:00,253.2,30Jun1990,0,97.5
7/1/2079 0:00,256.1,31Jul1990,0,10.9
8/1/2079 0:00,167.1,31Aug1990,0,0
9/1/2079 0:00,199.5,30Sep1990,4.7,0
10/1/2079 0:00,100.5,31Oct1990,30.7,0
11/1/2079 0:00,171.7,30Nov1990,57.4,11.3
12/1/2079 0:00,191.8,31Dec1990,43.3,10.8
1/1/2080 0:00,147.2,31Jan1991,48.7,0
2/1/2080 0:00,234.7,28Feb1991,54.1,31.4
3/1/2080 0:00,1329,31Mar1991,35.6,785.7
4/1/2080 0:00,804.2,30Apr1991,130.4,443.9
5/1/2080 0:00,419,31May1991,119.6,287.2
6/1/2080 0:00,175.2,30Jun1991,0,113.4
7/1/2080 0:00,202.6,31Jul1991,0,4.6
8/1/2080 0:00,147.4,31Aug1991,0,0
9/1/2080 0:00,259.9,30Sep1991,4.8,0
10/1/2080 0:00,172.4,31Oct1991,35.2,0
11/1/2080 0:00,225.2,30Nov1991,65.9,11.5
12/1/2080 0:00,351,31Dec1991,49.8,27.5
1/1/2081 0:00,226.1,31Jan1992,54.6,61.4
2/1/2081 0:00,1378,29Feb1992,74.7,701.4
3/1/2081 0:00,772.3,31Mar1992,37.4,602
4/1/2081 0:00,282.6,30Apr1992,128.7,251.7
5/1/2081 0:00,195.8,31May1992,108,34.2
6/1/2081 0:00,232,30Jun1992,0,8.1
7/1/2081 0:00,235,31Jul1992,0,4.7
8/1/2081 0:00,249.2,31Aug1992,0,3.2
9/1/2081 0:00,216.8,30Sep1992,5.2,0
10/1/2081 0:00,301.4,31Oct1992,37.7,0
11/1/2081 0:00,143,30Nov1992,72.5,1.7
12/1/2081 0:00,1005,31Dec1992,70.3,288.3
1/1/2082 0:00,4603,31Jan1993,67.4,2301.3
2/1/2082 0:00,5144,28Feb1993,87.8,2107.8
3/1/2082 0:00,5505,31Mar1993,43.5,2788.5
4/1/2082 0:00,1414,30Apr1993,188.6,1785.5
5/1/2082 0:00,712.6,31May1993,964.7,735
6/1/2082 0:00,714.2,30Jun1993,901.9,286.6
7/1/2082 0:00,431,31Jul1993,475.3,0
8/1/2082 0:00,188.9,31Aug1993,347.8,0
9/1/2082 0:00,274.6,30Sep1993,477.6,0
10/1/2082 0:00,177.4,31Oct1993,153.7,0
11/1/2082 0:00,340.1,30Nov1993,225.9,1.7
12/1/2082 0:00,197.4,31Dec1993,220,68.4
1/1/2083 0:00,331.2,31Jan1994,221.3,68
2/1/2083 0:00,560.1,28Feb1994,247.5,260.6
3/1/2083 0:00,335.7,31Mar1994,211.7,239.4
4/1/2083 0:00,262.2,30Apr1994,51.8,129.2
5/1/2083 0:00,277.5,31May1994,0,110.4
6/1/2083 0:00,133.3,30Jun1994,0,14.4
7/1/2083 0:00,150.3,31Jul1994,0,1.6
8/1/2083 0:00,257.3,31Aug1994,0,3.2
9/1/2083 0:00,293.9,30Sep1994,0.5,0
10/1/2083 0:00,320.6,31Oct1994,125.1,0
11/1/2083 0:00,724.2,30Nov1994,176.1,74.1
12/1/2083 0:00,828.5,31Dec1994,146.4,259.9
1/1/2084 0:00,7603,31Jan1995,94.8,3984.7
2/1/2084 0:00,6656,28Feb1995,96,1133.1
3/1/2084 0:00,8924,31Mar1995,2389.1,4737.1
4/1/2084 0:00,4779,30Apr1995,2608.9,1952.5
5/1/2084 0:00,6441,31May1995,4666,1736.5
6/1/2084 0:00,1197,30Jun1995,1941.6,764.6
7/1/2084 0:00,639.2,31Jul1995,1065.4,239.6
8/1/2084 0:00,487.4,31Aug1995,977.8,73.6
9/1/2084 0:00,738.8,30Sep1995,677,24.4
10/1/2084 0:00,388.3,31Oct1995,96.7,0
11/1/2084 0:00,330.1,30Nov1995,176.2,11.7
12/1/2084 0:00,1395,31Dec1995,224.5,188.6
1/1/2085 0:00,2162,31Jan1996,239,861.1
2/1/2085 0:00,5932,29Feb1996,2368.1,2264.1
3/1/2085 0:00,2543,31Mar1996,1043.8,1674.9
4/1/2085 0:00,2963,30Apr1996,324.4,909
5/1/2085 0:00,2077,31May1996,1628,860.6
6/1/2085 0:00,550.3,30Jun1996,705,290.8
7/1/2085 0:00,507.4,31Jul1996,238.9,117.7
8/1/2085 0:00,473.6,31Aug1996,251.2,58.8
9/1/2085 0:00,272.9,30Sep1996,336.2,28.4
10/1/2085 0:00,487.4,31Oct1996,134.3,0
11/1/2085 0:00,971.6,30Nov1996,467.6,233.5
12/1/2085 0:00,7614,31Dec1996,3063.9,3426
1/1/2086 0:00,12485,31Jan1997,6668.9,7535.9
2/1/2086 0:00,4152,28Feb1997,2224.7,1245.4
3/1/2086 0:00,2913,31Mar1997,397.6,463.8
4/1/2086 0:00,687.2,30Apr1997,351,394.8
5/1/2086 0:00,512.3,31May1997,453,222
6/1/2086 0:00,377.3,30Jun1997,367.6,113.7
7/1/2086 0:00,515.2,31Jul1997,87.9,52.3
8/1/2086 0:00,498.5,31Aug1997,81.2,30.9
9/1/2086 0:00,279.4,30Sep1997,96,6.4
10/1/2086 0:00,421.7,31Oct1997,149.7,24.1
11/1/2086 0:00,999.5,30Nov1997,365.3,74.2
12/1/2086 0:00,753,31Dec1997,221.3,150.7
1/1/2087 0:00,2244,31Jan1998,531.8,1797.5
2/1/2087 0:00,8464,28Feb1998,2767.9,5163.9
3/1/2087 0:00,4653,31Mar1998,1348.6,2578.4
4/1/2087 0:00,1926,30Apr1998,1571.6,1881.5
5/1/2087 0:00,4211,31May1998,2682.1,1415.8
6/1/2087 0:00,2821,30Jun1998,1516.6,1025.3
7/1/2087 0:00,811,31Jul1998,874.8,294.9
8/1/2087 0:00,572.3,31Aug1998,655.9,104.4
9/1/2087 0:00,1676,30Sep1998,935.8,75.4
10/1/2087 0:00,433.2,31Oct1998,117.3,65.6
11/1/2087 0:00,841,30Nov1998,199,111.6
12/1/2087 0:00,638.4,31Dec1998,178.3,216.2
1/1/2088 0:00,2985,31Jan1999,462.8,733.5
2/1/2088 0:00,5483,28Feb1999,2246.9,3612.5
3/1/2088 0:00,2129,31Mar1999,705.3,1399.4
4/1/2088 0:00,1304,30Apr1999,344.8,989.4
5/1/2088 0:00,2101,31May1999,764,685.8
6/1/2088 0:00,485.6,30Jun1999,709.1,265.1
7/1/2088 0:00,490.8,31Jul1999,291.8,74.7
8/1/2088 0:00,459.1,31Aug1999,438.4,45.1
9/1/2088 0:00,726,30Sep1999,471.1,30.6
10/1/2088 0:00,413.5,31Oct1999,157.9,26.9
11/1/2088 0:00,539.5,30Nov1999,242.1,69.9
12/1/2088 0:00,435,31Dec1999,219,66.7
1/1/2089 0:00,1540,31Jan2000,256.2,719.3
2/1/2089 0:00,6578,29Feb2000,1282.6,3326.5
3/1/2089 0:00,2126,31Mar2000,739,1407.9
4/1/2089 0:00,1212,30Apr2000,302.3,598.9
5/1/2089 0:00,811,31May2000,449.8,447.2
6/1/2089 0:00,440.9,30Jun2000,256.3,131.2
7/1/2089 0:00,290.8,31Jul2000,127.5,49.3
8/1/2089 0:00,531.6,31Aug2000,148.3,22.3
9/1/2089 0:00,365.6,30Sep2000,154.9,32.1
10/1/2089 0:00,357.5,31Oct2000,168.2,53.6
11/1/2089 0:00,432.4,30Nov2000,246.3,60.2
12/1/2089 0:00,380.8,31Dec2000,232.2,73.3
1/1/2090 0:00,647.1,31Jan2001,226.5,130.4
2/1/2090 0:00,1071,28Feb2001,252,349.1
3/1/2090 0:00,1055,31Mar2001,212.8,431.3
4/1/2090 0:00,733.2,30Apr2001,109.4,412.2
5/1/2090 0:00,522.3,31May2001,89.7,245.5
6/1/2090 0:00,209.3,30Jun2001,0,41.5
7/1/2090 0:00,215.3,31Jul2001,0,14.4
8/1/2090 0:00,402.7,31Aug2001,0,6.5
9/1/2090 0:00,225.3,30Sep2001,5.1,6.7
10/1/2090 0:00,300.7,31Oct2001,124.7,9.8
11/1/2090 0:00,541.5,30Nov2001,155.4,57.7
12/1/2090 0:00,1372,31Dec2001,171.2,373.1
1/1/2091 0:00,1094,31Jan2002,152.7,568.6
2/1/2091 0:00,1235,28Feb2002,153.7,571.5
3/1/2091 0:00,1368,31Mar2002,113.8,804.8
4/1/2091 0:00,828.9,30Apr2002,133.8,544.1
5/1/2091 0:00,531.4,31May2002,162.1,306.7
6/1/2091 0:00,384.4,30Jun2002,118.3,99.8
7/1/2091 0:00,395.5,31Jul2002,0,22.5
8/1/2091 0:00,374.7,31Aug2002,0,8.2
9/1/2091 0:00,229.9,30Sep2002,5.3,5.1
10/1/2091 0:00,241.4,31Oct2002,90.3,8.4
11/1/2091 0:00,570.3,30Nov2002,157.9,60
12/1/2091 0:00,1555,31Dec2002,200.6,387.1
1/1/2092 0:00,880.9,31Jan2003,165.7,335.7
2/1/2092 0:00,710.6,28Feb2003,168.8,280.9
3/1/2092 0:00,840.7,31Mar2003,130.2,360.8
4/1/2092 0:00,1127,30Apr2003,150.1,1152.9
5/1/2092 0:00,1240,31May2003,179.7,1145.8
6/1/2092 0:00,351.3,30Jun2003,138.9,218.7
7/1/2092 0:00,330.5,31Jul2003,0,38.5
8/1/2092 0:00,313.9,31Aug2003,0,21.8
9/1/2092 0:00,220,30Sep2003,5.4,8.7
10/1/2092 0:00,303.6,,,
11/1/2092 0:00,306.7,,,
12/1/2092 0:00,915.2,,,
1/1/2093 0:00,738.4,,,
2/1/2093 0:00,1893,,,
3/1/2093 0:00,1644,,,
4/1/2093 0:00,444.9,,,
5/1/2093 0:00,336.5,,,
6/1/2093 0:00,211.1,,,
7/1/2093 0:00,335.8,,,
8/1/2093 0:00,337.2,,,
9/1/2093 0:00,581.5,,,
10/1/2093 0:00,398.9,,,
11/1/2093 0:00,811.8,,,
12/1/2093 0:00,942.2,,,
1/1/2094 0:00,1478,,,
2/1/2094 0:00,1771,,,
3/1/2094 0:00,2308,,,
4/1/2094 0:00,1281,,,
5/1/2094 0:00,1535,,,
6/1/2094 0:00,866.4,,,
7/1/2094 0:00,426.4,,,
8/1/2094 0:00,218.2,,,
9/1/2094 0:00,248.2,,,
10/1/2094 0:00,400.7,,,
11/1/2094 0:00,540.9,,,
12/1/2094 0:00,4154,,,
1/1/2095 0:00,4895,,,
2/1/2095 0:00,3118,,,
3/1/2095 0:00,2552,,,
4/1/2095 0:00,7296,,,
5/1/2095 0:00,3926,,,
6/1/2095 0:00,532.2,,,
7/1/2095 0:00,571.7,,,
8/1/2095 0:00,531.3,,,
9/1/2095 0:00,265.2,,,
10/1/2095 0:00,285.2,,,
11/1/2095 0:00,352.7,,,
12/1/2095 0:00,411.3,,,
1/1/2096 0:00,375.8,,,
2/1/2096 0:00,1093,,,
3/1/2096 0:00,877.7,,,
4/1/2096 0:00,498.6,,,
5/1/2096 0:00,330.7,,,
6/1/2096 0:00,422.2,,,
7/1/2096 0:00,305.4,,,
8/1/2096 0:00,307.8,,,
9/1/2096 0:00,251.7,,,
10/1/2096 0:00,192.1,,,
11/1/2096 0:00,196.6,,,
12/1/2096 0:00,402.6,,,
1/1/2097 0:00,1380,,,
2/1/2097 0:00,1315,,,
3/1/2097 0:00,736.9,,,
4/1/2097 0:00,274.3,,,
5/1/2097 0:00,244.9,,,
6/1/2097 0:00,182.5,,,
7/1/2097 0:00,261.4,,,
8/1/2097 0:00,274.6,,,
9/1/2097 0:00,241.9,,,
10/1/2097 0:00,171.2,,,
11/1/2097 0:00,413.1,,,
12/1/2097 0:00,243.7,,,
1/1/2098 0:00,330,,,
2/1/2098 0:00,1008,,,
3/1/2098 0:00,1221,,,
4/1/2098 0:00,478.1,,,
5/1/2098 0:00,393,,,
6/1/2098 0:00,352.3,,,
7/1/2098 0:00,153,,,
8/1/2098 0:00,313.7,,,
9/1/2098 0:00,163.7,,,
10/1/2098 0:00,656.5,,,
11/1/2098 0:00,224.6,,,
12/1/2098 0:00,333.9,,,
1/1/2099 0:00,1157,,,
2/1/2099 0:00,778.8,,,
3/1/2099 0:00,936,,,
4/1/2099 0:00,1016,,,
5/1/2099 0:00,879.6,,,
6/1/2099 0:00,556.8,,,
7/1/2099 0:00,301.5,,,
8/1/2099 0:00,283.4,,,
9/1/2099 0:00,409.4,,,
9/30/2099 0:00,403.3,,,
