"date is the CalLite-CV date column, the next column with the name of a CalLite-CV element is the LocalInflow node, cs_date is for my reference to avoid screwing up the 10/2014=10/1925 matching and it sounds like you can use it for something too, and the CalSim II records corresponding to the local inflows to the CalLite-CV element are listed afterward (I've got them in cfs now, to match the CalLite-CV data). 'matches for other csvs.csv' contains the mappings between the DSM streams and CalSim II elements, as a one-stop summary for which DSM streams are showing up in which specific .csvs like this one. I renamed the CalSim II elements that map to DSM streams in this csv; everything that still has a CalSim II name is one of the elements that contributes to the total (the denominator) but is NOT a DSM stream. EXAMPLE CALCULATION: For 10/2014, Cow Creek has 27.1 cfs, the total of all inflows sum(D3:I3)=405.8, and 27.1/405.8=0.066668, the fraction of total CalSim II inflow in Cow Creek. Applying that fraction to the CalLite-CV RedBluff LocalInflow number we get Cow Creek DSM flow = 0.066668*259.7=17.31 cfs.",,,,,,,,,,
date,RedBluff,cs_date,Cow Creek,Cottonwood Creek,Battle Creek,Paynes Creek,I109,I112,,
10/1/2014 0:00,259.7,31Oct1925,27.1,181,190.5,6.8,0,0.71,,
11/1/2014 0:00,535.9,30Nov1925,190.4,135,215.7,17.3,121,9.76,,
12/1/2014 0:00,790.6,31Dec1925,189.5,433,234.5,46.1,525,15.17,,
1/1/2015 0:00,1797,31Jan1926,467.1,695,392.1,53.7,1516,51.1,,
2/1/2015 0:00,4150,28Feb1926,1044.9,3119,662.0,168.4,6878,173,,
3/1/2015 0:00,1662,31Mar1926,196.3,952,304.0,27.1,60,52.2,,
4/1/2015 0:00,1925,30Apr1926,720.0,777,693.2,82.9,2018,34.73,,
5/1/2015 0:00,1087,31May1926,54.4,204,236.4,7.3,1038,1.76,,
6/1/2015 0:00,436.9,30Jun1926,15.4,73,150.5,2.0,338,0.29,,
7/1/2015 0:00,221,31Jul1926,13.1,71,148.5,0.4,200,0.03,,
8/1/2015 0:00,125.4,31Aug1926,12.1,59,145.9,0.2,312,0,,
9/1/2015 0:00,110.9,30Sep1926,15.1,58,149.7,0.7,220,0,,
10/1/2015 0:00,190.8,31Oct1926,45.3,88,191.7,7.0,299,0.19,,
11/1/2015 0:00,4824,30Nov1926,1509.8,719,715.8,73.8,1027,80.13,,
12/1/2015 0:00,3599,31Dec1926,566.7,2113,415.1,89.6,4072,86.66,,
1/1/2016 0:00,3755,31Jan1927,1315.2,2425,808.0,120.9,2882,189.33,,
2/1/2016 0:00,10557,28Feb1927,2303.6,5103,1259.8,337.3,10755,273.25,,
3/1/2016 0:00,6040,31Mar1927,749.3,2582,626.0,64.0,2630,139.3,,
4/1/2016 0:00,2062,30Apr1927,679.1,1075,671.8,79.8,3959,56.64,,
5/1/2016 0:00,1089,31May1927,355.2,656,492.5,17.8,683,7.62,,
6/1/2016 0:00,507.4,30Jun1927,58.7,291,286.3,4.2,210,1.67,,
7/1/2016 0:00,221.8,31Jul1927,20.8,107,232.4,0.7,189,0.17,,
8/1/2016 0:00,169.8,31Aug1927,17.1,76,205.9,0.3,203,0,,
9/1/2016 0:00,181.5,30Sep1927,19.6,76,194.2,0.9,185,0.02,,
10/1/2016 0:00,212,31Oct1927,37.2,89,216.5,7.7,195,0.17,,
11/1/2016 0:00,1596,30Nov1927,896.6,898,489.7,47.3,785,91.31,,
12/1/2016 0:00,2696,31Dec1927,362.2,792,320.3,65.5,1480,28.94,,
1/1/2017 0:00,2227,31Jan1928,540.2,2294,429.9,59.4,10,171.03,,
2/1/2017 0:00,2060,29Feb1928,617.4,2242,459.3,111.1,2417,132.7,,
3/1/2017 0:00,4998,31Mar1928,1796.4,3111,1219.8,132.5,1446,174.73,,
4/1/2017 0:00,2550,30Apr1928,430.5,967,498.6,57.1,3576,44.71,,
5/1/2017 0:00,1034,31May1928,143.9,357,329.9,11.1,340,3.49,,
6/1/2017 0:00,336.9,30Jun1928,25.2,202,238.2,3.3,0,1.14,,
7/1/2017 0:00,194.4,31Jul1928,17.5,93,198.6,0.6,244,0.08,,
8/1/2017 0:00,158.3,31Aug1928,16.5,59,197.8,0.3,252,0,,
9/1/2017 0:00,172.7,30Sep1928,18.9,61,187.1,0.9,239,0,,
10/1/2017 0:00,201.1,31Oct1928,31.2,69,235.8,7.3,197,0.05,,
11/1/2017 0:00,1270,30Nov1928,212.6,67,269.5,18.1,1543,0.67,,
12/1/2017 0:00,1227,31Dec1928,189.5,594,263.6,45.7,603,20.57,,
1/1/2018 0:00,1497,31Jan1929,161.4,625,277.4,29.4,112,43.71,,
2/1/2018 0:00,1415,28Feb1929,255.8,509,259.2,60.8,3441,27.68,,
3/1/2018 0:00,1192,31Mar1929,126.5,379,255.3,21.9,483,19.04,,
4/1/2018 0:00,1048,30Apr1929,66.0,240,262.8,22.7,897,8.79,,
5/1/2018 0:00,716.7,31May1929,31.1,243,368.9,6.3,164,2.23,,
6/1/2018 0:00,346.6,30Jun1929,20.1,123,290.6,2.4,592,0.42,,
7/1/2018 0:00,181.9,31Jul1929,13.1,60,226.2,0.4,138,0.01,,
8/1/2018 0:00,126.5,31Aug1929,11.7,59,194.3,0.2,124,0,,
9/1/2018 0:00,126.7,30Sep1929,14.4,59,182.9,0.7,151,0,,
10/1/2018 0:00,165.1,31Oct1929,22.1,58,196.3,5.6,244,0,,
11/1/2018 0:00,351.2,30Nov1929,28.3,63,159.4,10.0,234,0.65,,
12/1/2018 0:00,2588,31Dec1929,1550.6,1992,770.9,199.4,0,75.11,,
1/1/2019 0:00,4091,31Jan1930,1146.8,1264,730.0,107.1,561,93.91,,
2/1/2019 0:00,4377,28Feb1930,698.3,1496,414.5,122.0,2190,85.15,,
3/1/2019 0:00,2670,31Mar1930,818.5,1254,525.5,68.1,3410,69.35,,
4/1/2019 0:00,1453,30Apr1930,347.9,515,433.3,49.9,321,22.17,,
5/1/2019 0:00,1135,31May1930,174.0,220,423.5,12.0,1018,1.86,,
6/1/2019 0:00,479.3,30Jun1930,21.6,112,360.8,2.8,161,0.4,,
7/1/2019 0:00,186,31Jul1930,16.1,70,263.7,0.5,86,0.03,,
8/1/2019 0:00,132.4,31Aug1930,14.0,58,223.5,0.2,47,0,,
9/1/2019 0:00,172.9,30Sep1930,17.8,58,230.4,0.8,274,0,,
10/1/2019 0:00,189.5,31Oct1930,71.3,70,226.9,8.7,31,0.06,,
11/1/2019 0:00,334.4,30Nov1930,61.8,95,199.2,11.6,276,4.08,,
12/1/2019 0:00,334.8,31Dec1930,19.8,122,181.1,18.8,252,2.54,,
1/1/2020 0:00,1673,31Jan1931,261.5,1040,385.5,37.2,1527,72.19,,
2/1/2020 0:00,1068,28Feb1931,78.3,528,199.7,32.1,1001,27.82,,
3/1/2020 0:00,1018,31Mar1931,181.5,704,292.5,23.8,0,38.69,,
4/1/2020 0:00,587.3,30Apr1931,14.3,207,226.5,10.6,92,7.47,,
5/1/2020 0:00,895,31May1931,25.1,122,248.0,5.8,0,0.83,,
6/1/2020 0:00,523.3,30Jun1931,26.1,95,177.2,3.1,114,0.24,,
7/1/2020 0:00,119.9,31Jul1931,16.8,64,159.3,0.5,0,0.01,,
8/1/2020 0:00,99.38,31Aug1931,15.3,58,150.2,0.2,0,0,,
9/1/2020 0:00,110.8,30Sep1931,19.7,59,160.7,0.9,0,0,,
10/1/2020 0:00,173.7,31Oct1931,55.5,134,219.8,7.3,0,0.42,,
11/1/2020 0:00,522.2,30Nov1931,125.9,122,193.6,13.9,282,7.21,,
12/1/2020 0:00,3098,31Dec1931,1801.9,585,580.0,224.3,3609,18.96,,
1/1/2021 0:00,3941,31Jan1932,923.5,1253,431.7,89.7,353,89.85,,
2/1/2021 0:00,2176,29Feb1932,356.3,651,229.9,76.6,207,34.96,,
3/1/2021 0:00,1365,31Mar1932,243.8,1396,374.3,30.4,0,76.18,,
4/1/2021 0:00,1164,30Apr1932,251.7,461,404.6,41.5,133,19,,
5/1/2021 0:00,954.7,31May1932,491.3,419,557.3,21.9,52,4.46,,
6/1/2021 0:00,371.9,30Jun1932,170.3,220,438.8,6.1,0,0.94,,
7/1/2021 0:00,126.6,31Jul1932,23.5,79,263.8,0.8,0,0.06,,
8/1/2021 0:00,106.8,31Aug1932,19.0,59,202.6,0.3,0,0,,
9/1/2021 0:00,124.4,30Sep1932,22.2,58,190.2,1.1,0,0,,
10/1/2021 0:00,149.6,31Oct1932,25.3,59,203.1,6.4,0,0,,
11/1/2021 0:00,362.1,30Nov1932,31.8,65,177.3,9.3,13,0.61,,
12/1/2021 0:00,660.8,31Dec1932,23.4,109,182.3,18.6,821,1.87,,
1/1/2022 0:00,1481,31Jan1933,200.9,258,316.6,31.5,2265,14.41,,
2/1/2022 0:00,1231,28Feb1933,94.2,216,181.3,40.5,1187,9.56,,
3/1/2022 0:00,2529,31Mar1933,939.8,840,314.8,76.1,2044,42.87,,
4/1/2022 0:00,1123,30Apr1933,150.0,704,310.9,31.5,166,30.69,,
5/1/2022 0:00,786.6,31May1933,378.0,504,365.9,18.4,0,5.37,,
6/1/2022 0:00,280.6,30Jun1933,48.0,437,428.3,3.9,0,2.23,,
7/1/2022 0:00,153,31Jul1933,20.2,112,244.8,0.7,0,0.13,,
8/1/2022 0:00,76.51,31Aug1933,17.3,63,180.3,0.3,0,0,,
9/1/2022 0:00,98.63,30Sep1933,21.6,59,179.2,1.0,5,0,,
10/1/2022 0:00,151.1,31Oct1933,63.8,67,201.1,7.2,0,0.05,,
11/1/2022 0:00,408.3,30Nov1933,31.1,75,172.7,9.0,133,2.22,,
12/1/2022 0:00,1989,31Dec1933,804.3,560,415.5,113.4,1535,18.13,,
1/1/2023 0:00,2044,31Jan1934,849.2,1307,477.9,83.7,1293,93.01,,
2/1/2023 0:00,2140,28Feb1934,740.6,706,361.8,125.7,2040,41.78,,
3/1/2023 0:00,1497,31Mar1934,188.5,780,377.1,25.9,625,42.18,,
4/1/2023 0:00,684.8,30Apr1934,30.2,282,313.8,16.5,914,10.46,,
5/1/2023 0:00,700.4,31May1934,46.7,120,254.4,7.3,423,1.17,,
6/1/2023 0:00,386.8,30Jun1934,29.3,95,206.1,3.4,202,0.25,,
7/1/2023 0:00,113,31Jul1934,18.2,68,175.5,0.6,42,0.02,,
8/1/2023 0:00,94.39,31Aug1934,18.1,58,165.0,0.3,20,0,,
9/1/2023 0:00,106.4,30Sep1934,25.4,58,167.8,1.2,0,0,,
10/1/2023 0:00,160.1,31Oct1934,37.3,101,194.4,7.0,117,0.24,,
11/1/2023 0:00,1283,30Nov1934,470.7,326,340.7,28.9,2430,31.79,,
12/1/2023 0:00,1796,31Dec1934,180.1,435,282.2,42.6,662,14.92,,
1/1/2024 0:00,3787,31Jan1935,2223.3,1192,878.1,191.7,3562,85.3,,
2/1/2024 0:00,3304,28Feb1935,573.5,1110,329.0,105.2,1523,61.98,,
3/1/2024 0:00,3963,31Mar1935,1435.4,799,441.5,108.7,2324,42.61,,
4/1/2024 0:00,4241,30Apr1935,1914.1,1319,770.4,188.6,5383,60.2,,
5/1/2024 0:00,2253,31May1935,578.7,491,684.1,24.5,795,5.57,,
6/1/2024 0:00,539.5,30Jun1935,140.2,169,531.1,5.5,0,0.78,,
7/1/2024 0:00,180.4,31Jul1935,39.6,83,311.4,1.0,0,0.06,,
8/1/2024 0:00,140.6,31Aug1935,24.7,60,224.0,0.4,0,0,,
9/1/2024 0:00,157.9,30Sep1935,29.0,60,199.1,1.3,0,0,,
10/1/2024 0:00,427.5,31Oct1935,70.3,82,225.2,8.7,94,0.14,,
11/1/2024 0:00,271.1,30Nov1935,42.8,78,183.5,10.9,155,2.44,,
12/1/2024 0:00,822.2,31Dec1935,85.8,150,212.5,28.9,1085,3.83,,
1/1/2025 0:00,5700,31Jan1936,2883.7,4473,1002.6,243.7,1236,346.52,,
2/1/2025 0:00,8706,29Feb1936,2841.4,2937,708.8,407.0,2462,159.69,,
3/1/2025 0:00,4004,31Mar1936,373.5,1228,379.4,38.7,397,68.39,,
4/1/2025 0:00,1959,30Apr1936,581.6,539,486.6,70.5,877,25.23,,
5/1/2025 0:00,1062,31May1936,189.9,262,510.7,12.5,499,2.55,,
6/1/2025 0:00,722.8,30Jun1936,240.7,152,459.2,7.1,388,0.81,,
7/1/2025 0:00,265.7,31Jul1936,36.7,87,326.3,0.9,99,0.07,,
8/1/2025 0:00,161.5,31Aug1936,23.6,61,231.8,0.4,28,0,,
9/1/2025 0:00,174.7,30Sep1936,28.1,60,223.0,1.3,79,0,,
10/1/2025 0:00,178.1,31Oct1936,30.7,62,219.2,7.3,28,0.02,,
11/1/2025 0:00,399.8,30Nov1936,28.3,64,182.1,9.9,165,0.69,,
12/1/2025 0:00,473.2,31Dec1936,21.7,82,180.0,19.5,768,0.91,,
1/1/2026 0:00,901.8,31Jan1937,71.8,126,255.4,21.9,995,4.51,,
2/1/2026 0:00,2936,28Feb1937,774.4,291,408.9,132.3,5621,14.16,,
3/1/2026 0:00,6444,31Mar1937,1796.1,1109,521.6,132.8,5333,58.69,,
4/1/2026 0:00,2817,30Apr1937,1054.8,1083,491.8,112.9,786,48.08,,
5/1/2026 0:00,1270,31May1937,482.7,683,654.2,21.7,0,7.6,,
6/1/2026 0:00,618.1,30Jun1937,182.0,285,452.5,6.3,435,1.36,,
7/1/2026 0:00,246.1,31Jul1937,29.4,103,269.3,0.9,101,0.11,,
8/1/2026 0:00,143.8,31Aug1937,22.3,63,208.2,0.4,33,0,,
9/1/2026 0:00,157.5,30Sep1937,25.5,60,200.3,1.2,81,0,,
10/1/2026 0:00,530.6,31Oct1937,100.7,94,280.6,10.0,550,0.21,,
11/1/2026 0:00,3855,30Nov1937,1724.7,1345,808.2,83.1,3684,151.29,,
12/1/2026 0:00,7120,31Dec1937,2981.5,3589,1575.3,364.5,3046,144.42,,
1/1/2027 0:00,5287,31Jan1938,1214.0,1285,704.9,113.3,2205,98.54,,
2/1/2027 0:00,13050,28Feb1938,5410.7,2241,1070.8,752.9,9898,116.01,,
3/1/2027 0:00,13576,31Mar1938,5079.6,4273,1193.3,349.6,8789,230.73,,
4/1/2027 0:00,5264,30Apr1938,1346.7,2149,748.0,139.3,948,103.83,,
5/1/2027 0:00,2673,31May1938,1207.8,1488,1153.8,44.3,0,19.23,,
6/1/2027 0:00,985.5,30Jun1938,386.4,653,988.3,9.6,0,3.81,,
7/1/2027 0:00,470.3,31Jul1938,148.4,153,589.2,1.5,0,0.27,,
8/1/2027 0:00,305.4,31Aug1938,52.4,87,355.2,0.5,0,0,,
9/1/2027 0:00,344.2,30Sep1938,87.3,97,310.2,1.8,0,0.04,,
10/1/2027 0:00,474.3,31Oct1938,166.9,124,314.0,11.7,5,0.35,,
11/1/2027 0:00,633.4,30Nov1938,146.9,120,276.4,15.4,215,7.1,,
12/1/2027 0:00,901.1,31Dec1938,128.4,598,290.1,37.1,613,19.91,,
1/1/2028 0:00,1325,31Jan1939,192.5,466,317.0,31.9,387,30.61,,
2/1/2028 0:00,1049,28Feb1939,90.0,342,208.2,40.6,731,17.57,,
3/1/2028 0:00,1247,31Mar1939,418.4,909,367.1,41.4,0,50.19,,
4/1/2028 0:00,740.3,30Apr1939,27.2,321,338.6,16.3,37,11.95,,
5/1/2028 0:00,693.3,31May1939,71.6,162,288.3,8.6,109,1.47,,
6/1/2028 0:00,350.8,30Jun1939,28.8,116,225.9,3.5,0,0.34,,
7/1/2028 0:00,205.8,31Jul1939,21.5,74,207.3,0.7,0,0.03,,
8/1/2028 0:00,170.4,31Aug1939,19.2,60,190.7,0.3,0,0,,
9/1/2028 0:00,205.5,30Sep1939,23.8,59,201.4,1.1,0,0,,
10/1/2028 0:00,200.4,31Oct1939,44.9,65,238.7,7.9,0,0.05,,
11/1/2028 0:00,243.1,30Nov1939,29.0,62,191.2,9.9,0,0.73,,
12/1/2028 0:00,1072,31Dec1939,156.1,616,307.1,37.3,945,22.11,,
1/1/2029 0:00,5431,31Jan1940,4002.2,3743,1352.2,332.3,631,301.35,,
2/1/2029 0:00,14350,29Feb1940,3788.7,4993,1214.9,535.8,2992,273.86,,
3/1/2029 0:00,8836,31Mar1940,2855.8,3026,1052.3,202.8,4394,161.56,,
4/1/2029 0:00,2868,30Apr1940,978.2,919,574.9,106.3,4554,43.39,,
5/1/2029 0:00,1532,31May1940,291.5,380,567.6,15.9,294,4.07,,
6/1/2029 0:00,594.3,30Jun1940,138.1,141,485.7,5.6,0,0.76,,
7/1/2029 0:00,273,31Jul1940,38.4,81,320.6,1.0,0,0.05,,
8/1/2029 0:00,213.4,31Aug1940,24.4,63,253.7,0.4,0,0,,
9/1/2029 0:00,231.8,30Sep1940,34.4,74,266.1,1.4,12,0.02,,
10/1/2029 0:00,501,31Oct1940,93.4,86,278.5,10.1,112,0.33,,
11/1/2029 0:00,702.8,30Nov1940,218.4,118,411.0,19.4,466,10.77,,
12/1/2029 0:00,7341,31Dec1940,3510.3,4870,880.8,422.4,3570,112.03,,
1/1/2030 0:00,11564,31Jan1941,5716.7,5870,960.9,468.4,3020,340.4,,
2/1/2030 0:00,12380,28Feb1941,3315.4,7751,1693.5,474.6,5065,265.34,,
3/1/2030 0:00,6367,31Mar1941,2401.6,5285,1107.6,173.9,2991,237.26,,
4/1/2030 0:00,4549,30Apr1941,2431.5,4110,1054.1,236.5,2964,87.35,,
5/1/2030 0:00,3768,31May1941,861.3,1302,993.8,34.0,613,14.19,,
6/1/2030 0:00,2108,30Jun1941,360.0,531,650.2,9.4,0,3.73,,
7/1/2030 0:00,812,31Jul1941,137.5,169,463.2,1.5,0,0.47,,
8/1/2030 0:00,414.7,31Aug1941,60.3,100,333.2,0.6,0,0,,
9/1/2030 0:00,363.4,30Sep1941,101.6,87,283.5,1.9,0,0.07,,
10/1/2030 0:00,512.3,31Oct1941,128.1,108,284.2,11.0,0,0.35,,
11/1/2030 0:00,608.9,30Nov1941,215.3,130,367.6,19.0,224,10.58,,
12/1/2030 0:00,6231,31Dec1941,3227.5,3204,1030.6,393.2,1966,130.89,,
1/1/2031 0:00,8263,31Jan1942,4819.6,2679,1112.5,397.4,0,354.46,,
2/1/2031 0:00,7624,28Feb1942,3763.7,5313,1434.1,533.7,5573,186.77,,
3/1/2031 0:00,4076,31Mar1942,358.3,844,615.5,38.9,644,55.7,,
4/1/2031 0:00,3368,30Apr1942,1438.8,1406,983.4,148.0,2393,44.33,,
5/1/2031 0:00,3772,31May1942,1908.2,796,914.4,66.2,0,8.85,,
6/1/2031 0:00,2259,30Jun1942,690.0,443,765.8,14.4,0,2.73,,
7/1/2031 0:00,778.4,31Jul1942,182.9,97,493.5,1.6,0,0.27,,
8/1/2031 0:00,417.8,31Aug1942,91.7,58,353.0,0.6,0,0,,
9/1/2031 0:00,370.9,30Sep1942,112.6,58,304.4,2.0,0,0.03,,
10/1/2031 0:00,426.2,31Oct1942,116.7,85,286.6,10.0,0,0.15,,
11/1/2031 0:00,1055,30Nov1942,275.4,239,354.8,20.7,277,30.59,,
12/1/2031 0:00,2689,31Dec1942,412.8,765,523.1,70.9,1288,56.99,,
1/1/2032 0:00,8946,31Jan1943,3948.1,2888,1103.3,327.2,3074,336.78,,
2/1/2032 0:00,4121,28Feb1943,930.7,1567,862.9,152.5,1720,90.45,,
3/1/2032 0:00,4132,31Mar1943,1530.8,1202,1313.6,114.8,1882,78.93,,
4/1/2032 0:00,2807,30Apr1943,504.6,623,993.2,63.4,1314,23.15,,
5/1/2032 0:00,1799,31May1943,559.9,332,733.3,23.9,81,2.82,,
6/1/2032 0:00,1065,30Jun1943,313.6,161,557.2,8.2,12,0.77,,
7/1/2032 0:00,575.6,31Jul1943,91.4,58,351.3,1.2,0,0.09,,
8/1/2032 0:00,318.7,31Aug1943,56.5,51,271.0,0.5,0,0,,
9/1/2032 0:00,303.9,30Sep1943,63.5,52,247.3,1.6,0,0.01,,
10/1/2032 0:00,378.9,31Oct1943,118.1,70,281.9,10.1,0,0.18,,
11/1/2032 0:00,495.5,30Nov1943,124.5,105,281.3,14.4,32,3.88,,
12/1/2032 0:00,629.2,31Dec1943,54.9,106,290.2,28.1,481,3.21,,
1/1/2033 0:00,1460,31Jan1944,420.1,282,340.4,49.8,685,28.99,,
2/1/2033 0:00,2547,29Feb1944,591.6,726,406.3,107.4,1354,21.44,,
3/1/2033 0:00,1943,31Mar1944,924.0,609,360.1,74.9,319,38.9,,
4/1/2033 0:00,1538,30Apr1944,221.7,281,351.7,38.5,47,14.29,,
5/1/2033 0:00,1111,31May1944,206.4,265,411.8,13.0,0,3.58,,
6/1/2033 0:00,630.9,30Jun1944,132.6,177,313.9,5.4,0,0.81,,
7/1/2033 0:00,310.9,31Jul1944,35.5,59,220.6,0.9,0,0.1,,
8/1/2033 0:00,217.5,31Aug1944,21.8,40,199.1,0.3,0,0,,
9/1/2033 0:00,199.8,30Sep1944,20.3,43,188.7,1.0,0,0,,
10/1/2033 0:00,241.3,31Oct1944,131.3,65,210.1,10.4,0,0.09,,
11/1/2033 0:00,1470,30Nov1944,716.0,339,343.0,39.7,1296,29.66,,
12/1/2033 0:00,3231,31Dec1944,721.0,702,444.6,106.4,1418,33.7,,
1/1/2034 0:00,1944,31Jan1945,398.6,412,318.2,48.3,0,55.04,,
2/1/2034 0:00,2843,28Feb1945,2067.0,1815,701.7,304.8,3146,96.37,,
3/1/2034 0:00,3859,31Mar1945,678.5,856,480.6,58.9,1900,25.11,,
4/1/2034 0:00,1498,30Apr1945,295.5,593,453.0,45.2,331,26.78,,
5/1/2034 0:00,1198,31May1945,345.3,344,537.0,17.3,530,3.49,,
6/1/2034 0:00,814.9,30Jun1945,215.9,178,396.3,6.7,34,0.86,,
7/1/2034 0:00,277.1,31Jul1945,38.6,46,250.6,1.0,0,0.07,,
8/1/2034 0:00,201.1,31Aug1945,20.0,25,194.0,0.3,0,0,,
9/1/2034 0:00,181.7,30Sep1945,25.4,30,181.1,1.2,0,0,,
10/1/2034 0:00,756.4,31Oct1945,301.9,72,230.8,16.3,99,0.53,,
11/1/2034 0:00,2037,30Nov1945,813.7,498,372.5,44.5,771,51.46,,
12/1/2034 0:00,8720,31Dec1945,3995.5,3894,943.5,480.3,3386,149.18,,
1/1/2035 0:00,5321,31Jan1946,1392.2,2474,626.8,127.7,2553,231.76,,
2/1/2035 0:00,2987,28Feb1946,348.9,531,378.0,77.5,427,34.37,,
3/1/2035 0:00,1987,31Mar1946,378.1,565,411.0,40.1,576,54.86,,
4/1/2035 0:00,1294,30Apr1946,244.0,592,503.8,42.1,390,33.63,,
5/1/2035 0:00,765.7,31May1946,159.6,312,576.8,12.1,37,4.36,,
6/1/2035 0:00,367.5,30Jun1946,82.2,147,356.0,4.9,0,0.79,,
7/1/2035 0:00,255.2,31Jul1946,31.6,44,241.9,1.0,0,0.08,,
8/1/2035 0:00,214.4,31Aug1946,24.1,40,198.5,0.4,0,0,,
9/1/2035 0:00,196.7,30Sep1946,28.0,44,197.8,1.3,0,0.01,,
10/1/2035 0:00,259.3,31Oct1946,73.7,68,190.7,8.8,0,0.08,,
11/1/2035 0:00,809.3,30Nov1946,435.3,153,255.6,27.7,227,18.9,,
12/1/2035 0:00,1726,31Dec1946,353.3,356,330.3,64.3,844,14.79,,
1/1/2036 0:00,1522,31Jan1947,33.9,111,216.2,18.7,150,13.25,,
2/1/2036 0:00,1622,28Feb1947,618.6,1005,371.2,107.7,823,50.85,,
3/1/2036 0:00,2373,31Mar1947,609.4,1282,371.6,54.3,1558,62.89,,
4/1/2036 0:00,1724,30Apr1947,446.1,407,527.4,58.1,702,13.83,,
5/1/2036 0:00,831.7,31May1947,66.1,163,271.8,8.6,0,1.07,,
6/1/2036 0:00,498.5,30Jun1947,63.3,186,255.8,4.2,440,0.51,,
7/1/2036 0:00,255.4,31Jul1947,23.1,47,160.0,0.8,0,0.03,,
8/1/2036 0:00,149.2,31Aug1947,22.6,36,147.6,0.4,0,0,,
9/1/2036 0:00,165.3,30Sep1947,24.7,43,150.2,1.2,0,0,,
10/1/2036 0:00,902.1,31Oct1947,406.8,136,273.2,19.3,488,2.34,,
11/1/2036 0:00,790.5,30Nov1947,312.7,134,285.4,22.9,197,12.62,,
12/1/2036 0:00,693.2,31Dec1947,29.5,110,272.0,24.2,415,3.67,,
1/1/2037 0:00,1512,31Jan1948,1004.6,887,547.6,96.8,1799,198.42,,
2/1/2037 0:00,988.9,29Feb1948,22.0,214,288.5,24.4,403,17.53,,
3/1/2037 0:00,2354,31Mar1948,1186.2,457,539.2,91.1,2215,18.04,,
4/1/2037 0:00,5035,30Apr1948,1883.7,1874,1092.2,186.9,3902,46.48,,
5/1/2037 0:00,4015,31May1948,1579.9,904,874.0,55.9,1116,7.99,,
6/1/2037 0:00,1857,30Jun1948,703.7,428,858.7,14.6,765,2.19,,
7/1/2037 0:00,364.7,31Jul1948,128.8,97,375.6,1.4,125,0.17,,
8/1/2037 0:00,183.7,31Aug1948,28.8,47,234.7,0.5,317,0,,
9/1/2037 0:00,172.5,30Sep1948,35.6,68,222.3,1.4,302,0.04,,
10/1/2037 0:00,233,31Oct1948,61.1,80,244.1,8.4,0,0.15,,
11/1/2037 0:00,370.6,30Nov1948,96.9,85,276.3,13.3,282,4.22,,
12/1/2037 0:00,1160,31Dec1948,119.6,175,295.8,37.3,1028,8.15,,
1/1/2038 0:00,904.8,31Jan1949,83.1,144,253.1,23.3,218,11.44,,
2/1/2038 0:00,1022,28Feb1949,185.0,412,272.4,50.1,1151,20.42,,
3/1/2038 0:00,5584,31Mar1949,1717.7,3697,653.4,127.3,4674,203.67,,
4/1/2038 0:00,1922,30Apr1949,235.2,1052,449.6,39.8,284,60.54,,
5/1/2038 0:00,901.6,31May1949,123.9,428,423.1,10.5,285,5.72,,
6/1/2038 0:00,367.5,30Jun1949,54.4,156,260.9,4.1,0,1,,
7/1/2038 0:00,153.1,31Jul1949,23.9,62,175.5,0.8,0,0.08,,
8/1/2038 0:00,107.1,31Aug1949,20.4,40,163.8,0.3,41,0,,
9/1/2038 0:00,114.7,30Sep1949,24.9,42,166.9,1.2,10,0,,
10/1/2038 0:00,153,31Oct1949,36.0,49,174.9,0.6,0,0.08,,
11/1/2038 0:00,394,30Nov1949,95.0,61,214.4,1.4,160,3.72,,
12/1/2038 0:00,300,31Dec1949,108.4,53,224.4,7.8,231,2.54,,
1/1/2039 0:00,1793,31Jan1950,1215.5,668,499.2,201.1,2035,55.19,,
2/1/2039 0:00,4258,28Feb1950,1811.8,1274,723.5,319.5,2154,52.89,,
3/1/2039 0:00,4786,31Mar1950,1085.9,901,478.8,90.5,683,37.25,,
4/1/2039 0:00,1932,30Apr1950,663.9,562,578.1,44.5,504,24.25,,
5/1/2039 0:00,1050,31May1950,436.4,296,493.3,6.3,54,2.04,,
6/1/2039 0:00,423.2,30Jun1950,165.5,121,335.1,0.6,79,0.38,,
7/1/2039 0:00,163.6,31Jul1950,35.8,53,211.5,0.2,88,0.01,,
8/1/2039 0:00,102.5,31Aug1950,19.0,52,167.5,0.0,34,0,,
9/1/2039 0:00,139.3,30Sep1950,26.3,69,168.8,0.1,67,0,,
10/1/2039 0:00,945.1,31Oct1950,208.3,461,254.0,11.2,805,2.27,,
11/1/2039 0:00,2932,30Nov1950,736.0,562,495.1,110.0,906,42.24,,
12/1/2039 0:00,5381,31Dec1950,2100.8,2430,906.0,264.2,2983,80.08,,
1/1/2040 0:00,6364,31Jan1951,1895.7,2404,777.9,305.9,2581,157.67,,
2/1/2040 0:00,5432,28Feb1951,1911.3,2808,839.5,208.3,2879,116.78,,
3/1/2040 0:00,3309,31Mar1951,993.4,758,463.4,46.2,1270,37.45,,
4/1/2040 0:00,1278,30Apr1951,484.3,365,473.5,15.3,0,19.78,,
5/1/2040 0:00,1036,31May1951,456.8,464,465.3,10.8,397,6.79,,
6/1/2040 0:00,531.9,30Jun1951,106.0,137,319.2,1.6,0,0.91,,
7/1/2040 0:00,237.3,31Jul1951,41.2,61,229.7,0.1,0,0.08,,
8/1/2040 0:00,194,31Aug1951,25.4,50,197.0,0.0,109,0,,
9/1/2040 0:00,186.6,30Sep1951,31.3,54,190.7,0.0,0,0,,
10/1/2040 0:00,564.3,31Oct1951,104.6,95,242.1,6.4,76,0.25,,
11/1/2040 0:00,2203,30Nov1951,624.4,207,325.4,66.2,936,14.58,,
12/1/2040 0:00,6093,31Dec1951,2782.7,3538,857.2,321.7,3749,123.9,,
1/1/2041 0:00,11115,31Jan1952,2760.0,3021,830.0,427.6,3197,222.71,,
2/1/2041 0:00,6423,29Feb1952,2490.2,2845,913.2,309.2,2846,154.14,,
3/1/2041 0:00,5147,31Mar1952,1502.2,2285,641.5,233.9,2301,124.86,,
4/1/2041 0:00,2145,30Apr1952,904.6,1475,845.2,58.3,250,84.13,,
5/1/2041 0:00,1346,31May1952,918.8,806,930.8,25.2,701,10.79,,
6/1/2041 0:00,1009,30Jun1952,361.9,418,653.4,10.0,454,2.12,,
7/1/2041 0:00,497.8,31Jul1952,120.1,154,399.0,2.9,237,0.31,,
8/1/2041 0:00,270.7,31Aug1952,57.8,69,260.9,2.0,239,0,,
9/1/2041 0:00,253.7,30Sep1952,65.2,69,231.1,3.6,207,0.03,,
10/1/2041 0:00,320.2,31Oct1952,89.1,69,246.5,3.0,0,0.2,,
11/1/2041 0:00,691.5,30Nov1952,164.2,132,260.7,4.6,323,15.44,,
12/1/2041 0:00,5092,31Dec1952,2142.4,3430,727.8,359.3,4311,150.08,,
1/1/2042 0:00,12813,31Jan1953,3104.3,5241,1048.2,349.5,6583,349.43,,
2/1/2042 0:00,2902,28Feb1953,533.2,1105,476.8,47.1,184,57.47,,
3/1/2042 0:00,2056,31Mar1953,685.5,768,393.9,42.6,1041,39.6,,
4/1/2042 0:00,2278,30Apr1953,892.9,750,554.0,45.4,556,38.83,,
5/1/2042 0:00,2412,31May1953,941.7,620,753.3,47.2,664,7.09,,
6/1/2042 0:00,1860,30Jun1953,662.2,547,700.0,14.1,326,2.43,,
7/1/2042 0:00,612.6,31Jul1953,128.0,177,391.0,2.0,194,0.22,,
8/1/2042 0:00,277,31Aug1953,68.4,63,260.1,0.2,236,0,,
9/1/2042 0:00,256.1,30Sep1953,59.5,80,241.6,0.3,242,0.03,,
10/1/2042 0:00,312.3,31Oct1953,89.6,115,245.6,2.0,3,0.22,,
11/1/2042 0:00,965.8,30Nov1953,355.1,237,310.6,14.5,555,26.17,,
12/1/2042 0:00,993.2,31Dec1953,334.6,236,281.3,27.1,275,6.62,,
1/1/2043 0:00,4755,31Jan1954,1499.5,2704,453.9,133.8,3249,291.43,,
2/1/2043 0:00,5767,28Feb1954,1286.6,3021,685.7,260.8,3373,148.78,,
3/1/2043 0:00,4823,31Mar1954,1498.7,2632,739.2,203.5,2090,99.16,,
4/1/2043 0:00,3086,30Apr1954,1235.7,2050,855.4,100.9,966,86.39,,
5/1/2043 0:00,1882,31May1954,350.1,665,565.1,14.7,0,5.33,,
6/1/2043 0:00,721.5,30Jun1954,160.1,296,361.6,4.2,145,1.66,,
7/1/2043 0:00,386.7,31Jul1954,44.3,89,247.3,0.6,59,0.16,,
8/1/2043 0:00,243.2,31Aug1954,46.2,95,207.5,1.3,299,0,,
9/1/2043 0:00,243.6,30Sep1954,59.5,108,210.1,1.9,192,0.03,,
10/1/2043 0:00,297.8,31Oct1954,81.3,111,211.9,2.5,34,0.26,,
11/1/2043 0:00,1700,30Nov1954,644.6,537,328.5,74.6,1521,41.87,,
12/1/2043 0:00,2725,31Dec1954,1051.7,1014,427.0,162.0,1623,40.89,,
1/1/2044 0:00,2735,31Jan1955,676.0,849,357.1,125.9,1171,34.82,,
2/1/2044 0:00,2266,28Feb1955,378.4,487,295.3,51.4,321,15.09,,
3/1/2044 0:00,1505,31Mar1955,253.3,323,299.9,24.7,233,12.75,,
4/1/2044 0:00,1483,30Apr1955,598.2,531,314.1,38.5,834,30.1,,
5/1/2044 0:00,979.1,31May1955,424.9,594,417.8,18.3,259,6.05,,
6/1/2044 0:00,404.7,30Jun1955,87.7,188,286.4,2.4,86,0.79,,
7/1/2044 0:00,200.6,31Jul1955,22.7,80,180.9,0.1,187,0.08,,
8/1/2044 0:00,158.5,31Aug1955,9.5,56,155.2,0.0,301,0,,
9/1/2044 0:00,180.9,30Sep1955,21.1,67,159.4,2.2,227,0.01,,
10/1/2044 0:00,221,31Oct1955,47.8,75,187.2,3.3,0,0.1,,
11/1/2044 0:00,921.8,30Nov1955,630.5,276,305.9,29.7,1227,13.56,,
12/1/2044 0:00,12315,31Dec1955,3453.7,6013,1451.8,462.7,4920,275.32,,
1/1/2045 0:00,17163,31Jan1956,4674.2,5573,1819.5,645.8,9121,464.42,,
2/1/2045 0:00,10262,29Feb1956,1356.9,3650,980.6,307.5,3722,228.2,,
3/1/2045 0:00,4862,31Mar1956,704.7,1853,646.5,77.6,875,84.11,,
4/1/2045 0:00,1926,30Apr1956,568.9,1297,655.4,31.5,121,79.67,,
5/1/2045 0:00,2034,31May1956,1200.0,984,976.6,70.6,496,14.46,,
6/1/2045 0:00,1035,30Jun1956,331.3,412,669.5,8.4,150,2.31,,
7/1/2045 0:00,456.8,31Jul1956,96.9,124,360.5,1.7,151,0.24,,
8/1/2045 0:00,267.9,31Aug1956,53.9,83,249.4,0.4,128,0,,
9/1/2045 0:00,282.7,30Sep1956,60.4,87,232.8,1.5,124,0.03,,
10/1/2045 0:00,484.6,31Oct1956,159.5,144,240.2,2.4,307,0.51,,
11/1/2045 0:00,444.5,30Nov1956,145.3,134,254.4,7.7,264,7.09,,
12/1/2045 0:00,324.5,31Dec1956,136.1,97,237.6,8.1,182,3.7,,
1/1/2046 0:00,1227,31Jan1957,320.8,276,269.9,23.9,886,31.21,,
2/1/2046 0:00,2665,28Feb1957,886.0,1495,531.6,78.6,828,127.6,,
3/1/2046 0:00,4183,31Mar1957,1557.9,1570,738.1,133.8,2282,63.51,,
4/1/2046 0:00,1936,30Apr1957,537.1,750,482.2,32.7,333,30.59,,
5/1/2046 0:00,2176,31May1957,673.2,1013,683.1,28.3,556,6.03,,
6/1/2046 0:00,1282,30Jun1957,180.8,261,424.0,3.6,37,1.28,,
7/1/2046 0:00,247.3,31Jul1957,51.5,108,231.1,0.0,67,0.11,,
8/1/2046 0:00,171.5,31Aug1957,32.3,70,181.6,0.1,203,0,,
9/1/2046 0:00,438.5,30Sep1957,89.6,95,227.1,11.9,355,0.03,,
10/1/2046 0:00,1187,31Oct1957,377.9,892,403.0,56.7,1127,5.44,,
11/1/2046 0:00,1631,30Nov1957,643.0,595,347.2,11.1,640,24.42,,
12/1/2046 0:00,3095,31Dec1957,1102.5,1284,490.7,99.3,1075,59,,
1/1/2047 0:00,6129,31Jan1958,2187.2,3002,737.8,313.2,2490,244.41,,
2/1/2047 0:00,17278,28Feb1958,4735.6,12687,1590.8,678.4,12694,819.48,,
3/1/2047 0:00,8702,31Mar1958,2191.0,3773,1019.0,364.2,2792,254.2,,
4/1/2047 0:00,5115,30Apr1958,1825.5,3473,981.8,316.4,3764,178.34,,
5/1/2047 0:00,3377,31May1958,720.3,940,958.3,42.6,150,15.06,,
6/1/2047 0:00,1839,30Jun1958,475.7,437,753.4,41.9,721,2.88,,
7/1/2047 0:00,810.7,31Jul1958,153.9,158,413.9,7.2,423,0.38,,
8/1/2047 0:00,336.8,31Aug1958,80.0,106,280.2,1.2,405,0,,
9/1/2047 0:00,295.8,30Sep1958,75.2,86,255.8,0.2,487,0.03,,
10/1/2047 0:00,359.4,31Oct1958,94.3,95,266.1,2.4,289,0.25,,
11/1/2047 0:00,367.7,30Nov1958,143.7,104,287.5,6.6,289,6.01,,
12/1/2047 0:00,485.3,31Dec1958,183.3,112,289.4,8.9,394,4.48,,
1/1/2048 0:00,3006,31Jan1959,1209.6,1398,510.9,150.0,2070,113.59,,
2/1/2048 0:00,5727,28Feb1959,1739.8,2146,663.1,324.3,2199,110.44,,
3/1/2048 0:00,3696,31Mar1959,488.5,909,398.5,27.9,158,41.82,,
4/1/2048 0:00,1319,30Apr1959,382.2,518,364.4,10.1,0,19.91,,
5/1/2048 0:00,758.1,31May1959,227.4,275,318.3,3.4,0,1.69,,
6/1/2048 0:00,380.3,30Jun1959,64.3,95,249.9,0.5,0,0.35,,
7/1/2048 0:00,230.5,31Jul1959,11.7,51,188.3,0.0,67,0.02,,
8/1/2048 0:00,202.1,31Aug1959,9.7,48,170.5,0.5,132,0,,
9/1/2048 0:00,417.3,30Sep1959,49.3,71,189.6,2.2,314,0.03,,
10/1/2048 0:00,238.8,31Oct1959,41.4,81,199.0,1.5,47,0,,
11/1/2048 0:00,236.3,30Nov1959,59.7,78,199.2,2.7,129,0,,
12/1/2048 0:00,344.1,31Dec1959,104.4,76,209.5,3.1,316,0,,
1/1/2049 0:00,1711,31Jan1960,565.3,198,251.6,34.4,1225,4.75,,
2/1/2049 0:00,3200,29Feb1960,1830.5,3116,605.8,281.8,3402,188.24,,
3/1/2049 0:00,5067,31Mar1960,1005.3,1462,490.0,97.2,1587,33.28,,
4/1/2049 0:00,2027,30Apr1960,320.3,517,361.8,30.3,252,14.98,,
5/1/2049 0:00,1662,31May1960,304.2,399,359.2,26.4,493,3.1,,
6/1/2049 0:00,617.6,30Jun1960,65.9,168,287.7,0.9,0,0,,
7/1/2049 0:00,179.3,31Jul1960,8.9,68,173.6,0.0,0,0,,
8/1/2049 0:00,132,31Aug1960,2.3,53,153.0,0.1,70,0,,
9/1/2049 0:00,144.6,30Sep1960,9.7,59,158.6,0.2,99,0,,
10/1/2049 0:00,162.4,31Oct1960,35.9,91,171.1,0.3,120,0,,
11/1/2049 0:00,1209,30Nov1960,445.8,117,305.8,79.8,825,0,,
12/1/2049 0:00,2849,31Dec1960,1311.3,798,469.4,213.1,2121,31.21,,
1/1/2050 0:00,2115,31Jan1961,600.5,699,294.9,68.8,803,62.11,,
2/1/2050 0:00,3224,28Feb1961,2043.9,2538,749.7,283.6,1833,118.07,,
3/1/2050 0:00,3968,31Mar1961,1108.9,1133,504.3,169.8,1452,28.95,,
4/1/2050 0:00,1761,30Apr1961,589.2,573,422.7,40.7,371,6.71,,
5/1/2050 0:00,1037,31May1961,387.6,346,385.9,15.3,385,1.64,,
6/1/2050 0:00,531.6,30Jun1961,182.8,163,349.3,5.6,286,0,,
7/1/2050 0:00,167.3,31Jul1961,28.4,68,207.6,1.2,187,0,,
8/1/2050 0:00,129,31Aug1961,16.4,64,168.8,0.0,224,0,,
9/1/2050 0:00,144.2,30Sep1961,26.0,77,158.3,0.1,237,0,,
10/1/2050 0:00,199.4,31Oct1961,57.9,78,233.1,0.2,117,0,,
11/1/2050 0:00,706.9,30Nov1961,299.0,122,282.4,18.7,839,0,,
12/1/2050 0:00,2077,31Dec1961,1257.5,568,508.9,223.4,2252,38.49,,
1/1/2051 0:00,1729,31Jan1962,487.6,303,341.0,62.3,911,2.49,,
2/1/2051 0:00,4583,28Feb1962,2078.7,2437,753.3,450.5,4032,227.59,,
3/1/2051 0:00,4607,31Mar1962,1212.6,1473,498.3,137.1,2178,157.13,,
4/1/2051 0:00,1927,30Apr1962,505.5,786,512.0,22.8,50,4.72,,
5/1/2051 0:00,946,31May1962,289.1,326,480.7,11.0,330,1.33,,
6/1/2051 0:00,463.6,30Jun1962,98.5,155,391.9,3.3,148,0.03,,
7/1/2051 0:00,186.6,31Jul1962,18.3,60,248.0,0.0,234,0,,
8/1/2051 0:00,153.4,31Aug1962,13.9,68,198.7,0.0,88,0,,
9/1/2051 0:00,170.3,30Sep1962,17.0,62,193.2,0.0,131,0,,
10/1/2051 0:00,1828,31Oct1962,1064.0,563,592.7,90.3,1521,9.85,,
11/1/2051 0:00,2650,30Nov1962,293.6,226,339.1,13.4,326,0.92,,
12/1/2051 0:00,2689,31Dec1962,1347.6,713,604.0,148.0,1591,14.66,,
1/1/2052 0:00,2548,31Jan1963,731.9,540,471.4,114.3,519,88.56,,
2/1/2052 0:00,2831,28Feb1963,1364.6,2835,806.1,137.6,2029,196.4,,
3/1/2052 0:00,3571,31Mar1963,784.0,1007,449.6,72.8,1114,120.81,,
4/1/2052 0:00,4401,30Apr1963,3032.1,3177,1088.1,358.7,3328,152.2,,
5/1/2052 0:00,3036,31May1963,860.5,1021,762.9,42.5,512,17.82,,
6/1/2052 0:00,1197,30Jun1963,209.4,252,463.9,8.9,175,1.58,,
7/1/2052 0:00,331.4,31Jul1963,80.8,134,307.3,1.4,234,0,,
8/1/2052 0:00,205.4,31Aug1963,42.3,79,243.4,0.6,485,0,,
9/1/2052 0:00,213.2,30Sep1963,44.7,77,246.6,0.2,321,0,,
10/1/2052 0:00,398.5,31Oct1963,100.9,112,288.7,5.8,574,0,,
11/1/2052 0:00,2047,30Nov1963,729.3,611,427.8,61.8,1886,44.93,,
12/1/2052 0:00,1863,31Dec1963,186.7,275,304.0,15.9,464,2.53,,
1/1/2053 0:00,2829,31Jan1964,806.6,733,434.7,119.9,1394,26.17,,
2/1/2053 0:00,1848,29Feb1964,246.3,441,329.0,23.8,292,3.48,,
3/1/2053 0:00,1127,31Mar1964,196.2,233,310.9,11.9,499,3.32,,
4/1/2053 0:00,652.1,30Apr1964,216.5,219,371.6,7.2,55,0.52,,
5/1/2053 0:00,535.8,31May1964,187.6,184,366.4,3.7,270,0,,
6/1/2053 0:00,326,30Jun1964,108.0,113,310.2,2.9,198,0,,
7/1/2053 0:00,172.7,31Jul1964,17.7,50,215.4,0.0,16,0,,
8/1/2053 0:00,132.5,31Aug1964,6.8,45,184.0,0.0,18,0,,
9/1/2053 0:00,214.3,30Sep1964,17.1,57,200.0,0.0,67,0,,
10/1/2053 0:00,308,31Oct1964,36.1,79,234.8,0.1,55,0,,
11/1/2053 0:00,1419,30Nov1964,678.1,484,445.1,107.1,1718,60.87,,
12/1/2053 0:00,10668,31Dec1964,2638.4,5267,1377.9,292.9,4848,246.85,,
1/1/2054 0:00,11292,31Jan1965,2642.0,3779,1214.0,407.0,3352,303.79,,
2/1/2054 0:00,3071,28Feb1965,635.0,1192,673.6,71.8,769,24.06,,
3/1/2054 0:00,1715,31Mar1965,405.5,524,561.8,67.9,442,12.19,,
4/1/2054 0:00,2274,30Apr1965,2479.3,2544,949.0,242.2,3257,244.48,,
5/1/2054 0:00,1681,31May1965,450.4,677,671.3,20.2,202,22.44,,
6/1/2054 0:00,575.4,30Jun1965,155.9,319,537.2,5.6,220,4.04,,
7/1/2054 0:00,272.3,31Jul1965,50.9,90,367.5,0.5,210,0,,
8/1/2054 0:00,288,31Aug1965,57.7,91,309.7,0.5,359,0,,
9/1/2054 0:00,239.3,30Sep1965,42.2,71,292.6,0.4,24,0,,
10/1/2054 0:00,225,31Oct1965,52.0,100,269.8,1.1,0,0,,
11/1/2054 0:00,1730,30Nov1965,498.0,752,386.6,46.0,1919,107.22,,
12/1/2054 0:00,2082,31Dec1965,439.6,357,328.1,39.2,678,19.46,,
1/1/2055 0:00,3476,31Jan1966,1740.9,1733,394.2,94.3,1760,202.47,,
2/1/2055 0:00,3107,28Feb1966,1125.3,1352,439.0,169.9,1896,137.46,,
3/1/2055 0:00,2563,31Mar1966,825.1,1321,431.8,54.2,994,36.88,,
4/1/2055 0:00,1221,30Apr1966,788.5,905,504.2,14.1,111,10.38,,
5/1/2055 0:00,557,31May1966,259.8,347,423.1,1.7,0,1.33,,
6/1/2055 0:00,266.8,30Jun1966,70.9,124,288.4,0.1,0,0,,
7/1/2055 0:00,165.2,31Jul1966,16.0,70,232.3,0.0,0,0,,
8/1/2055 0:00,137.3,31Aug1966,4.9,57,205.6,0.0,114,0,,
9/1/2055 0:00,154.7,30Sep1966,13.7,69,210.9,0.0,124,0,,
10/1/2055 0:00,171.3,31Oct1966,28.9,71,219.4,0.2,0,0,,
11/1/2055 0:00,1861,30Nov1966,752.8,455,442.5,59.8,928,26.09,,
12/1/2055 0:00,3593,31Dec1966,1121.2,1518,567.4,240.0,1908,118.13,,
1/1/2056 0:00,9754,31Jan1967,2626.7,3067,779.1,397.4,3059,313.77,,
2/1/2056 0:00,2926,28Feb1967,765.3,1777,541.9,154.1,1446,89.06,,
3/1/2056 0:00,2908,31Mar1967,1192.0,1139,633.0,131.2,1387,48.02,,
4/1/2056 0:00,3352,30Apr1967,1892.1,1986,709.1,167.0,2714,131.75,,
5/1/2056 0:00,2673,31May1967,1774.2,1163,952.5,63.1,0,27.01,,
6/1/2056 0:00,1298,30Jun1967,668.3,583,776.1,10.8,0,16.86,,
7/1/2056 0:00,399.3,31Jul1967,106.6,118,442.7,1.3,0,0.14,,
8/1/2056 0:00,230.7,31Aug1967,44.1,68,277.5,0.4,0,0,,
9/1/2056 0:00,229.4,30Sep1967,42.5,64,257.9,1.4,0,0,,
10/1/2056 0:00,284.5,31Oct1967,91.7,96,268.4,9.7,0,0,,
11/1/2056 0:00,436.2,30Nov1967,120.6,112,269.3,15.0,205,0,,
12/1/2056 0:00,1175,31Dec1967,411.6,336,340.8,51.0,766,5.02,,
1/1/2057 0:00,4418,31Jan1968,1331.1,1399,712.9,124.6,1713,102.36,,
2/1/2057 0:00,6227,29Feb1968,2452.5,3528,890.6,270.9,2689,152.25,,
3/1/2057 0:00,3825,31Mar1968,1030.3,1047,616.9,67.3,1592,22.19,,
4/1/2057 0:00,1384,30Apr1968,385.1,464,440.3,26.7,281,5.57,,
5/1/2057 0:00,787.8,31May1968,229.4,298,386.7,9.8,168,0.93,,
6/1/2057 0:00,444.1,30Jun1968,89.4,155,301.0,4.2,0,0,,
7/1/2057 0:00,236.5,31Jul1968,16.2,51,236.0,0.8,368,0,,
8/1/2057 0:00,326.5,31Aug1968,62.1,73,244.6,0.4,587,0,,
9/1/2057 0:00,237.7,30Sep1968,29.8,61,246.5,1.3,368,0,,
10/1/2057 0:00,333.8,31Oct1968,116.2,60,283.6,11.4,278,0,,
11/1/2057 0:00,943.9,30Nov1968,320.1,137,366.9,24.7,667,0,,
12/1/2057 0:00,4896,31Dec1968,2108.7,1822,849.5,213.4,3225,141.51,,
1/1/2058 0:00,14946,31Jan1969,4488.6,4869,1802.0,809.2,5741,508.74,,
2/1/2058 0:00,12997,28Feb1969,3611.9,5629,1235.1,480.2,6495,559.99,,
3/1/2058 0:00,6304,31Mar1969,1222.0,2891,787.7,94.4,1921,159.55,,
4/1/2058 0:00,2867,30Apr1969,1280.5,2371,971.8,104.7,583,38.84,,
5/1/2058 0:00,1841,31May1969,950.1,1274,1081.0,25.7,0,7.68,,
6/1/2058 0:00,729.7,30Jun1969,343.3,425,719.9,7.9,0,1.14,,
7/1/2058 0:00,417.3,31Jul1969,106.0,125,412.4,1.3,0,0,,
8/1/2058 0:00,274.3,31Aug1969,55.3,72,327.2,0.5,0,0,,
9/1/2058 0:00,262.5,30Sep1969,54.7,81,315.9,1.6,128,0,,
10/1/2058 0:00,531.4,31Oct1969,143.0,101,361.6,12.2,392,0,,
11/1/2058 0:00,511.7,30Nov1969,196.0,75,412.7,19.0,323,0,,
12/1/2058 0:00,6095,31Dec1969,3075.7,1932,1172.6,315.9,3406,75.43,,
1/1/2059 0:00,20430,31Jan1970,6302.2,9058,2743.2,1047.4,7647,620.81,,
2/1/2059 0:00,6459,28Feb1970,1334.8,2311,1035.9,203.1,3059,138.57,,
3/1/2059 0:00,4072,31Mar1970,1260.3,1609,948.2,115.1,1127,94.15,,
4/1/2059 0:00,1605,30Apr1970,353.8,480,681.4,29.8,0,13.2,,
5/1/2059 0:00,1006,31May1970,220.7,308,671.0,13.5,68,3.7,,
6/1/2059 0:00,654.3,30Jun1970,132.4,151,587.4,5.9,158,0.36,,
7/1/2059 0:00,409.9,31Jul1970,48.6,57,444.0,1.2,54,0,,
8/1/2059 0:00,272.8,31Aug1970,30.1,49,327.6,0.5,124,0,,
9/1/2059 0:00,267.7,30Sep1970,39.4,58,331.9,1.6,108,0,,
10/1/2059 0:00,360.5,31Oct1970,101.2,95,308.3,9.8,304,0,,
11/1/2059 0:00,4005,30Nov1970,1468.5,940,767.9,75.6,3662,49.75,,
12/1/2059 0:00,6916,31Dec1970,2412.0,2838,1021.3,338.5,4546,171.61,,
1/1/2060 0:00,6592,31Jan1971,1968.9,3248,866.8,203.1,2422,100.73,,
2/1/2060 0:00,2841,28Feb1971,503.2,1146,558.1,62.2,393,19.32,,
3/1/2060 0:00,4186,31Mar1971,1899.2,2076,744.1,122.9,1787,49.95,,
4/1/2060 0:00,2139,30Apr1971,836.9,1156,695.8,52.7,482,19.79,,
5/1/2060 0:00,1969,31May1971,661.7,566,746.4,17.2,750,5.04,,
6/1/2060 0:00,1057,30Jun1971,372.6,342,643.7,7.0,454,0.88,,
7/1/2060 0:00,484.4,31Jul1971,119.3,99,406.8,1.2,579,0,,
8/1/2060 0:00,269.6,31Aug1971,57.1,57,292.1,0.4,436,0,,
9/1/2060 0:00,271,30Sep1971,64.3,83,288.0,1.5,603,0,,
10/1/2060 0:00,344.3,31Oct1971,102.7,128,283.8,9.1,306,0,,
11/1/2060 0:00,540.4,30Nov1971,192.8,147,325.3,13.3,541,0,,
12/1/2060 0:00,1545,31Dec1971,531.0,320,393.2,55.2,1155,4,,
1/1/2061 0:00,2077,31Jan1972,680.0,626,394.0,50.2,693,5.08,,
2/1/2061 0:00,2996,29Feb1972,919.6,599,486.8,81.2,885,6.42,,
3/1/2061 0:00,2327,31Mar1972,1118.1,954,703.9,32.7,951,3.38,,
4/1/2061 0:00,1536,30Apr1972,626.1,422,506.7,50.8,165,0.77,,
5/1/2061 0:00,1035,31May1972,264.2,276,443.1,11.5,195,0,,
6/1/2061 0:00,491.1,30Jun1972,107.8,119,363.7,4.6,42,0,,
7/1/2061 0:00,254.4,31Jul1972,31.8,56,259.4,0.8,15,0,,
8/1/2061 0:00,164,31Aug1972,21.8,55,228.0,0.4,0,0,,
9/1/2061 0:00,285.9,30Sep1972,34.0,64,264.5,1.3,96,0,,
10/1/2061 0:00,599.8,31Oct1972,146.8,141,361.3,10.8,397,0,,
11/1/2061 0:00,2174,30Nov1972,781.1,839,465.9,45.7,1711,139.8,,
12/1/2061 0:00,2547,31Dec1972,1398.0,1264,547.2,82.4,1327,76.35,,
1/1/2062 0:00,8571,31Jan1973,2882.0,3771,958.8,388.8,3544,363.2,,
2/1/2062 0:00,9763,28Feb1973,2258.9,3834,937.2,375.1,3718,354.62,,
3/1/2062 0:00,5114,31Mar1973,1555.6,2662,831.4,122.5,2321,221.56,,
4/1/2062 0:00,2054,30Apr1973,632.9,1125,651.9,41.2,296,38.07,,
5/1/2062 0:00,1025,31May1973,480.3,555,748.8,13.8,220,6.74,,
6/1/2062 0:00,576.5,30Jun1973,156.6,205,447.1,5.4,239,1.42,,
7/1/2062 0:00,306.6,31Jul1973,54.1,71,313.9,1.0,333,0,,
8/1/2062 0:00,237.5,31Aug1973,33.1,75,235.7,0.4,447,0,,
9/1/2062 0:00,258.8,30Sep1973,65.3,88,245.3,1.6,331,0,,
10/1/2062 0:00,592.7,31Oct1973,154.7,149,328.4,12.0,490,0,,
11/1/2062 0:00,4680,30Nov1973,2454.1,1706,1045.2,281.1,3057,72.12,,
12/1/2062 0:00,8784,31Dec1973,2617.6,3109,951.3,351.9,2623,87.31,,
1/1/2063 0:00,10049,31Jan1974,4311.7,6666,1817.8,489.6,5143,327.4,,
2/1/2063 0:00,5890,28Feb1974,1377.5,1514,704.2,136.1,1109,45.78,,
3/1/2063 0:00,9831,31Mar1974,3014.2,4020,1328.5,308.2,2415,296.49,,
4/1/2063 0:00,4277,30Apr1974,1552.5,2477,1113.7,161.2,3432,123.23,,
5/1/2063 0:00,2396,31May1974,607.3,629,815.4,22.3,226,17.9,,
6/1/2063 0:00,1157,30Jun1974,289.8,298,682.6,7.4,487,2.93,,
7/1/2063 0:00,725.1,31Jul1974,146.3,122,548.2,1.5,605,0.4,,
8/1/2063 0:00,443.1,31Aug1974,82.5,94,398.2,0.5,228,0,,
9/1/2063 0:00,352.9,30Sep1974,63.9,70,359.7,1.7,240,0,,
10/1/2063 0:00,500,31Oct1974,105.9,91,403.2,10.8,80,0,,
11/1/2063 0:00,498.5,30Nov1974,177.0,103,434.9,16.2,425,0,,
12/1/2063 0:00,1453,31Dec1974,385.4,264,474.7,47.7,1553,29.54,,
1/1/2064 0:00,1496,31Jan1975,460.7,389,470.5,44.0,940,4.33,,
2/1/2064 0:00,5017,28Feb1975,2392.2,3395,989.1,311.2,3306,223.88,,
3/1/2064 0:00,9319,31Mar1975,2382.4,5808,873.6,216.6,3892,494.97,,
4/1/2064 0:00,4702,30Apr1975,1028.7,1759,748.6,100.8,723,47.98,,
5/1/2064 0:00,2508,31May1975,716.7,1109,874.8,34.4,182,9.52,,
6/1/2064 0:00,875.5,30Jun1975,316.5,450,758.8,7.7,0,0.67,,
7/1/2064 0:00,430.6,31Jul1975,98.2,140,449.7,1.2,47,1.45,,
8/1/2064 0:00,283.9,31Aug1975,71.4,87,333.7,0.5,124,0,,
9/1/2064 0:00,260.9,30Sep1975,59.2,80,290.7,1.9,138,0,,
10/1/2064 0:00,937.5,31Oct1975,230.1,202,364.4,14.0,636,0,,
11/1/2064 0:00,1120,30Nov1975,238.9,212,398.3,19.9,222,0,,
12/1/2064 0:00,926.9,31Dec1975,330.7,236,406.8,31.8,584,0,,
1/1/2065 0:00,871.9,31Jan1976,153.4,132,351.7,20.5,358,0,,
2/1/2065 0:00,1067,29Feb1976,897.2,374,402.0,36.5,1154,1.04,,
3/1/2065 0:00,1531,31Mar1976,620.1,508,493.2,22.8,984,4.47,,
4/1/2065 0:00,1314,30Apr1976,500.4,387,443.0,23.4,506,10.81,,
5/1/2065 0:00,688.7,31May1976,178.9,235,387.8,6.8,0,0.41,,
6/1/2065 0:00,272.1,30Jun1976,52.3,78,298.1,3.7,0,0,,
7/1/2065 0:00,180.2,31Jul1976,14.0,48,253.6,0.8,0,0,,
8/1/2065 0:00,176.6,31Aug1976,52.7,132,254.0,0.4,52,0,,
9/1/2065 0:00,224.7,30Sep1976,38.3,90,254.8,1.4,146,0,,
10/1/2065 0:00,104.1,31Oct1976,44.6,98,243.7,7.8,0,0,,
11/1/2065 0:00,145.3,30Nov1976,76.5,102,248.5,10.5,40,0,,
12/1/2065 0:00,176,31Dec1976,80.6,57,236.0,18.1,60,0,,
1/1/2066 0:00,682.9,31Jan1977,110.6,95,262.1,18.7,590,0,,
2/1/2066 0:00,338.7,28Feb1977,100.7,74,253.6,18.0,389,0,,
3/1/2066 0:00,778.7,31Mar1977,115.1,143,259.7,11.5,298,7.04,,
4/1/2066 0:00,449.8,30Apr1977,61.5,130,225.6,8.1,0,0.4,,
5/1/2066 0:00,673.1,31May1977,132.6,154,259.7,7.4,535,8.11,,
6/1/2066 0:00,327.1,30Jun1977,17.7,69,218.1,2.9,44,0,,
7/1/2066 0:00,96.45,31Jul1977,0.6,48,195.7,0.6,98,0,,
8/1/2066 0:00,35.99,31Aug1977,0.7,46,186.6,0.3,0,0,,
9/1/2066 0:00,100.8,30Sep1977,42.9,88,202.1,1.4,491,0.47,,
10/1/2066 0:00,157.6,31Oct1977,42.7,85,205.5,6.9,0,0,,
11/1/2066 0:00,795.1,30Nov1977,169.6,173,262.8,12.3,795,0.21,,
12/1/2066 0:00,2810,31Dec1977,1297.4,1433,465.0,85.1,2160,96.39,,
1/1/2067 0:00,14711,31Jan1978,3036.9,6288,1058.2,442.7,5761,698.13,,
2/1/2067 0:00,7363,28Feb1978,2172.1,3625,768.9,286.7,2485,261.96,,
3/1/2067 0:00,6575,31Mar1978,2523.0,3718,1114.3,184.3,4616,271.36,,
4/1/2067 0:00,4702,30Apr1978,2059.8,1614,965.9,125.6,2770,126.8,,
5/1/2067 0:00,2462,31May1978,571.1,672,658.2,27.5,460,15.27,,
6/1/2067 0:00,889.8,30Jun1978,176.7,330,516.3,7.5,0,1.03,,
7/1/2067 0:00,285.4,31Jul1978,57.2,102,372.0,1.1,88,0,,
8/1/2067 0:00,196.1,31Aug1978,29.6,76,248.8,0.4,21,0,,
9/1/2067 0:00,285.8,30Sep1978,62.7,126,240.7,1.4,207,0,,
10/1/2067 0:00,268.7,31Oct1978,110.9,115,218.8,7.5,0,0,,
11/1/2067 0:00,474.5,30Nov1978,119.5,94,260.4,11.1,129,0,,
12/1/2067 0:00,325.3,31Dec1978,109.2,83,255.6,20.2,0,0,,
1/1/2068 0:00,1487,31Jan1979,759.9,597,341.4,49.0,1835,40.11,,
2/1/2068 0:00,4274,28Feb1979,2253.4,1638,700.0,164.9,2413,113.93,,
3/1/2068 0:00,4827,31Mar1979,941.1,1508,550.8,87.5,1088,103.34,,
4/1/2068 0:00,2099,30Apr1979,584.9,761,478.0,49.2,348,27.06,,
5/1/2068 0:00,1298,31May1979,666.1,669,655.6,29.0,15,7.45,,
6/1/2068 0:00,486.3,30Jun1979,96.0,149,362.7,5.1,0,0.19,,
7/1/2068 0:00,185.7,31Jul1979,28.2,68,250.7,0.8,317,0,,
8/1/2068 0:00,147.1,31Aug1979,21.0,51,227.9,0.4,250,0,,
9/1/2068 0:00,168.4,30Sep1979,29.4,67,231.0,1.3,282,0,,
10/1/2068 0:00,740.1,31Oct1979,221.7,200,330.3,14.0,696,0,,
11/1/2068 0:00,1880,30Nov1979,640.7,623,432.1,24.9,815,14.07,,
12/1/2068 0:00,3795,31Dec1979,1666.3,910,606.4,114.0,2305,91.25,,
1/1/2069 0:00,5031,31Jan1980,2841.1,2343,1234.6,414.2,2422,134.91,,
2/1/2069 0:00,9603,29Feb1980,2756.8,5084,1114.8,483.5,4803,379.14,,
3/1/2069 0:00,4403,31Mar1980,1404.9,2095,799.0,93.7,2870,99.08,,
4/1/2069 0:00,2044,30Apr1980,532.5,782,563.7,41.6,449,22.76,,
5/1/2069 0:00,1279,31May1980,354.1,431,607.6,19.4,314,5.51,,
6/1/2069 0:00,765.8,30Jun1980,169.5,246,467.3,6.7,134,1.44,,
7/1/2069 0:00,374.8,31Jul1980,57.8,84,352.4,1.1,145,0,,
8/1/2069 0:00,239.1,31Aug1980,34.3,66,256.6,0.4,177,0,,
9/1/2069 0:00,251,30Sep1980,53.2,70,257.7,1.3,84,0,,
10/1/2069 0:00,294.5,31Oct1980,83.6,82,264.5,8.6,98,0,,
11/1/2069 0:00,313.1,30Nov1980,98.8,63,251.8,11.1,0,0,,
12/1/2069 0:00,1273,31Dec1980,403.6,521,357.9,71.7,1018,23.29,,
1/1/2070 0:00,3502,31Jan1981,906.0,2047,508.6,113.2,2228,305.93,,
2/1/2070 0:00,3284,28Feb1981,1098.9,2216,519.7,102.7,1334,92.33,,
3/1/2070 0:00,3390,31Mar1981,1655.9,1674,576.2,60.3,2542,126.43,,
4/1/2070 0:00,1849,30Apr1981,507.5,718,462.8,29.5,296,26.64,,
5/1/2070 0:00,1293,31May1981,210.4,370,377.7,11.3,574,4.65,,
6/1/2070 0:00,508.4,30Jun1981,55.6,118,283.9,4.4,269,0.27,,
7/1/2070 0:00,211.7,31Jul1981,13.9,65,215.6,0.8,623,0,,
8/1/2070 0:00,148.4,31Aug1981,9.9,55,204.2,0.3,533,0,,
9/1/2070 0:00,200.7,30Sep1981,24.4,85,211.9,1.3,161,0,,
10/1/2070 0:00,844.6,31Oct1981,160.1,143,331.3,16.9,493,1.06,,
11/1/2070 0:00,4950,30Nov1981,2610.8,1540,1088.2,216.9,2899,100.59,,
12/1/2070 0:00,9454,31Dec1981,3360.3,4257,1093.4,359.4,3802,149.02,,
1/1/2071 0:00,6221,31Jan1982,1863.1,2297,813.2,225.3,2809,141.33,,
2/1/2071 0:00,5273,28Feb1982,2585.0,2898,1013.3,269.1,2395,104.91,,
3/1/2071 0:00,6097,31Mar1982,2023.9,2379,903.7,137.4,3035,189.09,,
4/1/2071 0:00,5416,30Apr1982,1991.1,2654,1167.0,334.1,2670,120.47,,
5/1/2071 0:00,2711,31May1982,626.5,808,821.1,30.0,329,13.69,,
6/1/2071 0:00,1505,30Jun1982,257.0,301,564.8,8.8,531,8.12,,
7/1/2071 0:00,647,31Jul1982,139.6,176,432.1,1.3,207,1.61,,
8/1/2071 0:00,366.3,31Aug1982,66.5,97,303.0,0.5,234,0,,
9/1/2071 0:00,361.7,30Sep1982,83.3,108,308.1,1.8,385,0,,
10/1/2071 0:00,942.3,31Oct1982,155.8,160,409.6,17.5,491,0.8,,
11/1/2071 0:00,2839,30Nov1982,718.3,589,560.4,63.5,1586,53.32,,
12/1/2071 0:00,5605,31Dec1982,1900.8,2587,793.7,303.0,2815,125.35,,
1/1/2072 0:00,10153,31Jan1983,2316.0,4447,1030.0,333.0,3168,402.04,,
2/1/2072 0:00,17968,28Feb1983,4677.5,8543,1336.0,575.4,6185,384.36,,
3/1/2072 0:00,16397,31Mar1983,5528.8,12002,1888.1,437.5,9654,546.73,,
4/1/2072 0:00,5929,30Apr1983,1501.3,3058,1068.9,126.7,2523,124.27,,
5/1/2072 0:00,3625,31May1983,1192.5,2139,1121.8,60.2,805,32.63,,
6/1/2072 0:00,2052,30Jun1983,646.8,711,1125.1,13.3,131,6.13,,
7/1/2072 0:00,919.3,31Jul1983,228.7,308,698.2,1.8,203,0.5,,
8/1/2072 0:00,595.7,31Aug1983,120.3,124,483.1,0.6,332,0,,
9/1/2072 0:00,536.1,30Sep1983,136.0,122,443.3,2.2,192,0.06,,
10/1/2072 0:00,671.9,31Oct1983,160.3,161,464.9,14.6,99,0.59,,
11/1/2072 0:00,5047,30Nov1983,1142.9,1560,964.0,102.2,2628,142.47,,
12/1/2072 0:00,11540,31Dec1983,4312.0,6603,1758.4,596.2,6429,302.26,,
1/1/2073 0:00,5195,31Jan1984,862.3,1713,912.2,126.4,1184,140.92,,
2/1/2073 0:00,3030,29Feb1984,1076.6,781,736.6,104.6,1007,45.78,,
3/1/2073 0:00,3207,31Mar1984,757.3,793,742.1,79.6,1156,43.24,,
4/1/2073 0:00,1884,30Apr1984,566.8,534,669.0,45.2,0,21.2,,
5/1/2073 0:00,1501,31May1984,457.3,296,715.0,15.1,0,2.44,,
6/1/2073 0:00,1033,30Jun1984,216.8,127,601.2,7.1,0,0.69,,
7/1/2073 0:00,654.5,31Jul1984,68.7,59,435.3,1.2,246,0.07,,
8/1/2073 0:00,407,31Aug1984,51.9,57,381.7,0.6,0,0,,
9/1/2073 0:00,389.4,30Sep1984,52.8,85,353.1,2.0,27,0.01,,
10/1/2073 0:00,665.9,31Oct1984,177.1,137,371.5,11.9,529,0.3,,
11/1/2073 0:00,4312,30Nov1984,1360.7,2221,607.4,60.1,2395,132.42,,
12/1/2073 0:00,3369,31Dec1984,631.5,1127,547.2,58.5,712,39.4,,
1/1/2074 0:00,1686,31Jan1985,240.6,425,406.1,29.7,260,25.4,,
2/1/2074 0:00,1712,28Feb1985,476.9,605,397.8,81.7,708,37.81,,
3/1/2074 0:00,1657,31Mar1985,483.8,437,420.0,28.7,733,25.71,,
4/1/2074 0:00,1108,30Apr1985,430.2,620,513.4,29.1,94,31.17,,
5/1/2074 0:00,696.8,31May1985,168.5,261,433.7,7.9,215,2.09,,
6/1/2074 0:00,379.6,30Jun1985,69.4,109,346.6,3.6,111,0.48,,
7/1/2074 0:00,257.2,31Jul1985,26.1,54,270.1,0.8,197,0.03,,
8/1/2074 0:00,205.5,31Aug1985,19.8,48,257.3,0.3,140,0,,
9/1/2074 0:00,322.5,30Sep1985,98.6,79,283.5,1.7,509,0.03,,
10/1/2074 0:00,489.7,31Oct1985,117.9,104,321.0,9.6,343,0.28,,
11/1/2074 0:00,1360,30Nov1985,343.2,104,465.4,24.9,739,10.66,,
12/1/2074 0:00,1573,31Dec1985,708.3,386,438.7,57.9,1228,21.95,,
1/1/2075 0:00,3357,31Jan1986,1329.7,1100,597.7,120.0,2230,122.9,,
2/1/2075 0:00,16918,28Feb1986,4786.1,8270,1981.9,873.8,5645,560.61,,
3/1/2075 0:00,7520,31Mar1986,2830.2,3502,1343.5,179.3,5578,192.95,,
4/1/2075 0:00,2725,30Apr1986,507.6,683,681.1,42.3,91,36.37,,
5/1/2075 0:00,1884,31May1986,446.3,396,649.1,21.1,346,3.9,,
6/1/2075 0:00,762.4,30Jun1986,141.8,146,504.8,6.2,0,0.9,,
7/1/2075 0:00,335.6,31Jul1986,58.3,74,364.0,1.1,124,0.1,,
8/1/2075 0:00,205.5,31Aug1986,35.7,54,332.9,0.4,0,0,,
9/1/2075 0:00,412.4,30Sep1986,99.1,97,394.5,2.1,222,0.03,,
10/1/2075 0:00,562.7,31Oct1986,108.5,116,354.3,10.5,333,0.28,,
11/1/2075 0:00,431.2,30Nov1986,113.7,71,348.0,18.7,39,4.62,,
12/1/2075 0:00,434.7,31Dec1986,130.3,83,339.5,41.2,288,3.29,,
1/1/2076 0:00,1514,31Jan1987,732.8,260,450.1,48.6,1233,12.11,,
2/1/2076 0:00,2197,28Feb1987,1133.7,808,530.5,87.3,1484,31.38,,
3/1/2076 0:00,4590,31Mar1987,1837.3,1339,738.1,83.3,2160,58.29,,
4/1/2076 0:00,1738,30Apr1987,320.6,424,430.1,29.2,0,15.2,,
5/1/2076 0:00,817.2,31May1987,124.1,219,352.3,6.0,161,1.31,,
6/1/2076 0:00,331.4,30Jun1987,39.3,88,259.8,2.3,284,0.27,,
7/1/2076 0:00,186.3,31Jul1987,20.9,38,246.3,0.5,402,0.01,,
8/1/2076 0:00,148.2,31Aug1987,13.7,38,214.4,0.2,428,0,,
9/1/2076 0:00,163.6,30Sep1987,18.2,50,212.8,0.9,25,0,,
10/1/2076 0:00,180.1,31Oct1987,32.8,68,235.1,7.2,0,0.07,,
11/1/2076 0:00,425.5,30Nov1987,105.6,52,266.8,14.4,521,6.09,,
12/1/2076 0:00,2030,31Dec1987,1117.4,1559,497.5,98.4,2279,85.86,,
1/1/2077 0:00,5340,31Jan1988,1618.4,1790,655.4,99.8,2677,160.27,,
2/1/2077 0:00,2285,29Feb1988,252.7,601,391.4,43.3,0,39.78,,
3/1/2077 0:00,1046,31Mar1988,255.2,328,350.0,20.8,42,24.67,,
4/1/2077 0:00,822.1,30Apr1988,306.9,305,337.9,21.0,301,28.92,,
5/1/2077 0:00,805.3,31May1988,348.5,437,336.0,6.0,342,5.34,,
6/1/2077 0:00,505.3,30Jun1988,154.0,179,304.7,2.5,321,1.37,,
7/1/2077 0:00,177.8,31Jul1988,24.9,54,225.2,0.5,629,0.08,,
8/1/2077 0:00,127.6,31Aug1988,15.5,38,208.1,0.2,0,0,,
9/1/2077 0:00,132.5,30Sep1988,14.5,41,206.6,0.8,0,0,,
10/1/2077 0:00,159.9,31Oct1988,26.5,60,200.1,6.2,0,0.08,,
11/1/2077 0:00,1451,30Nov1988,701.8,508,314.8,26.1,1254,28.85,,
12/1/2077 0:00,2113,31Dec1988,366.9,249,289.2,37.4,431,8.29,,
1/1/2078 0:00,1641,31Jan1989,772.8,544,386.5,42.9,628,27.12,,
2/1/2078 0:00,1099,28Feb1989,388.2,303,338.1,40.6,20,11.48,,
3/1/2078 0:00,7242,31Mar1989,3235.8,2604,1359.3,137.4,3313,113.68,,
4/1/2078 0:00,2699,30Apr1989,1084.9,743,791.3,53.7,232,24.87,,
5/1/2078 0:00,1319,31May1989,318.9,311,487.7,7.8,166,2.23,,
6/1/2078 0:00,509.9,30Jun1989,104.7,115,373.2,2.8,42,0.49,,
7/1/2078 0:00,179.8,31Jul1989,35.6,79,265.9,0.6,228,0.03,,
8/1/2078 0:00,134.2,31Aug1989,23.2,43,225.7,0.2,224,0,,
9/1/2078 0:00,841.5,30Sep1989,85.4,127,273.2,1.1,146,0.06,,
10/1/2078 0:00,1314,31Oct1989,266.5,230,320.8,13.8,333,1.11,,
11/1/2078 0:00,964.3,30Nov1989,138.3,128,286.6,19.0,0,6.73,,
12/1/2078 0:00,465.7,31Dec1989,109.6,97,263.4,36.1,130,3.25,,
1/1/2079 0:00,1885,31Jan1990,1128.1,610,442.9,69.0,1685,38.85,,
2/1/2079 0:00,1574,28Feb1990,440.3,290,330.5,52.8,344,12.98,,
3/1/2079 0:00,1517,31Mar1990,710.3,414,414.3,31.2,681,15.4,,
4/1/2079 0:00,748.4,30Apr1990,210.2,164,316.3,18.3,0,5.12,,
5/1/2079 0:00,1094,31May1990,538.7,343,314.1,5.9,733,3.63,,
6/1/2079 0:00,663,30Jun1990,306.5,332,308.2,3.0,175,0.93,,
7/1/2079 0:00,179.1,31Jul1990,33.1,105,209.6,0.5,26,0.03,,
8/1/2079 0:00,116.8,31Aug1990,15.9,71,193.0,0.2,0,0,,
9/1/2079 0:00,131,30Sep1990,21.4,81,188.7,0.8,0,0,,
10/1/2079 0:00,120.2,31Oct1990,28.7,97,186.4,6.2,8,0.04,,
11/1/2079 0:00,418.2,30Nov1990,74.7,51,232.3,12.6,134,1.98,,
12/1/2079 0:00,433.1,31Dec1990,72.5,49,225.7,26.8,81,1.64,,
1/1/2080 0:00,519.6,31Jan1991,76.9,57,222.7,23.4,57,3.96,,
2/1/2080 0:00,772.7,28Feb1991,153.7,127,260.0,26.8,342,5.7,,
3/1/2080 0:00,2920,31Mar1991,1135.9,1587,515.0,64.7,2436,101.33,,
4/1/2080 0:00,1807,30Apr1991,242.1,744,393.8,37.4,229,38.06,,
5/1/2080 0:00,907.7,31May1991,167.6,364,335.7,8.0,31,5.04,,
6/1/2080 0:00,254.4,30Jun1991,41.7,116,289.7,2.4,0,0.69,,
7/1/2080 0:00,77.38,31Jul1991,7.9,53,213.4,0.5,0,0.05,,
8/1/2080 0:00,58.36,31Aug1991,2.8,43,177.7,0.2,0,0,,
9/1/2080 0:00,83.89,30Sep1991,3.3,55,168.7,0.7,0,0,,
10/1/2080 0:00,177.5,31Oct1991,19.1,61,221.5,5.9,168,0.03,,
11/1/2080 0:00,447.3,30Nov1991,57.5,54,211.1,11.6,387,3.34,,
12/1/2080 0:00,920,31Dec1991,162.7,106,221.0,31.1,696,6.92,,
1/1/2081 0:00,1189,31Jan1992,252.5,267,266.1,40.2,711,30.95,,
2/1/2081 0:00,3330,29Feb1992,1491.7,2162,502.5,151.7,3185,161.36,,
3/1/2081 0:00,2836,31Mar1992,634.4,1652,338.7,40.8,1316,146.02,,
4/1/2081 0:00,1452,30Apr1992,307.7,725,338.6,31.4,546,49.04,,
5/1/2081 0:00,604.1,31May1992,53.4,302,265.6,5.5,0,3.37,,
6/1/2081 0:00,430.6,30Jun1992,13.3,115,204.0,2.3,104,0.81,,
7/1/2081 0:00,116.1,31Jul1992,10.1,93,166.1,0.5,166,0.15,,
8/1/2081 0:00,87.42,31Aug1992,1.7,49,158.3,0.2,104,0,,
9/1/2081 0:00,114.5,30Sep1992,3.1,48,151.6,0.7,166,0,,
10/1/2081 0:00,313.6,31Oct1992,90.0,83,137.4,6.2,166,0.2,,
11/1/2081 0:00,254.2,30Nov1992,107.9,76,203.0,12.9,339,4.64,,
12/1/2081 0:00,1828,31Dec1992,1194.8,646,314.4,69.3,1615,39.73,,
1/1/2082 0:00,9180,31Jan1993,3055.7,3245,963.1,248.9,4251,300.06,,
2/1/2082 0:00,8927,28Feb1993,2119.2,3217,836.6,188.8,2420,207.22,,
3/1/2082 0:00,6147,31Mar1993,1962.4,2872,898.3,102.6,2391,140.42,,
4/1/2082 0:00,3210,30Apr1993,1532.3,1100,808.1,85.7,2674,53,,
5/1/2082 0:00,2306,31May1993,957.2,765,808.2,20.2,651,12.29,,
6/1/2082 0:00,1750,30Jun1993,941.8,907,767.4,7.3,716,6.41,,
7/1/2082 0:00,431.9,31Jul1993,131.4,150,399.4,0.8,52,0.4,,
8/1/2082 0:00,226.7,31Aug1993,84.9,82,287.8,0.3,52,0,,
9/1/2082 0:00,193.8,30Sep1993,56.7,61,228.9,1.0,103,0.04,,
10/1/2082 0:00,318.2,31Oct1993,216.7,99,268.4,8.9,506,0.42,,
11/1/2082 0:00,464.4,30Nov1993,135.5,71,261.4,16.4,380,5.69,,
12/1/2082 0:00,1019,31Dec1993,503.7,164,380.1,59.4,914,7.02,,
1/1/2083 0:00,1671,31Jan1994,299.3,289,324.2,41.1,916,22.19,,
2/1/2083 0:00,2570,28Feb1994,1249.7,733,514.3,71.0,1599,40.69,,
3/1/2083 0:00,1498,31Mar1994,446.9,492,413.9,26.8,743,22.67,,
4/1/2083 0:00,875.2,30Apr1994,268.1,219,325.2,18.1,336,9.74,,
5/1/2083 0:00,794.6,31May1994,268.5,283,352.8,6.3,198,2.44,,
6/1/2083 0:00,345.4,30Jun1994,61.7,84,264.9,2.0,0,0.31,,
7/1/2083 0:00,155,31Jul1994,11.8,35,196.2,0.4,0,0.01,,
8/1/2083 0:00,104.1,31Aug1994,5.3,33,169.3,0.2,0,0,,
9/1/2083 0:00,114.5,30Sep1994,11.6,47,179.3,0.7,119,0,,
10/1/2083 0:00,146.9,31Oct1994,31.2,47,210.8,6.3,200,0.05,,
11/1/2083 0:00,994.9,30Nov1994,157.6,64,265.8,15.1,598,5.72,,
12/1/2083 0:00,1824,31Dec1994,750.2,193,455.6,69.6,989,8.09,,
1/1/2084 0:00,20887,31Jan1995,4711.7,10347,1865.4,599.6,8644,982.94,,
2/1/2084 0:00,7799,28Feb1995,1452.0,3936,966.1,186.9,3183,186.93,,
3/1/2084 0:00,15587,31Mar1995,4746.6,7475,1752.6,250.8,9230,417.57,,
4/1/2084 0:00,6202,30Apr1995,1713.4,2336,1223.6,140.1,1264,91.4,,
5/1/2084 0:00,4277,31May1995,1526.3,1311,1377.6,56.6,1823,18.82,,
6/1/2084 0:00,2357,30Jun1995,548.1,520,938.0,11.3,380,3.56,,
7/1/2084 0:00,867.4,31Jul1995,159.8,183,605.6,1.6,246,0.36,,
8/1/2084 0:00,362.4,31Aug1995,75.9,85,450.3,0.5,0,0,,
9/1/2084 0:00,313.5,30Sep1995,66.6,74,354.3,1.5,339,0.03,,
10/1/2084 0:00,338,31Oct1995,74.0,75,331.4,10.7,29,0.25,,
11/1/2084 0:00,341.6,30Nov1995,111.3,60,316.0,19.5,175,4.85,,
12/1/2084 0:00,2721,31Dec1995,922.9,1110,593.4,121.9,2085,47.96,,
1/1/2085 0:00,6691,31Jan1996,1873.0,2951,808.3,147.7,1974,175.73,,
2/1/2085 0:00,8646,29Feb1996,2603.1,4604,1188.8,339.1,2013,232.04,,
3/1/2085 0:00,4657,31Mar1996,1242.6,2937,822.0,84.9,1908,147.49,,
4/1/2085 0:00,2564,30Apr1996,1121.6,962,834.3,80.4,1131,45.85,,
5/1/2085 0:00,2731,31May1996,1087.4,734,971.3,30.5,355,6.99,,
6/1/2085 0:00,1664,30Jun1996,255.8,276,563.6,6.2,52,1.43,,
7/1/2085 0:00,559.3,31Jul1996,93.9,123,369.8,1.0,75,0.14,,
8/1/2085 0:00,312.4,31Aug1996,48.4,69,292.1,0.4,99,0,,
9/1/2085 0:00,299.7,30Sep1996,62.8,67,287.2,1.3,94,0.02,,
10/1/2085 0:00,535.6,31Oct1996,87.2,87,309.8,10.9,564,0.34,,
11/1/2085 0:00,591.9,30Nov1996,190.8,203,392.2,28.4,689,24.44,,
12/1/2085 0:00,8262,31Dec1996,2158.0,2561,1691.9,504.1,1805,177.52,,
1/1/2086 0:00,15022,31Jan1997,3934.8,5484,3145.8,685.9,3565,491.97,,
2/1/2086 0:00,4180,28Feb1997,773.5,1615,445.4,151.7,1714,86.64,,
3/1/2086 0:00,2118,31Mar1997,527.0,555,509.7,44.8,1366,38.52,,
4/1/2086 0:00,1348,30Apr1997,467.6,380,521.3,39.9,807,16.19,,
5/1/2086 0:00,1016,31May1997,208.9,294,470.4,10.1,293,2,,
6/1/2086 0:00,680,30Jun1997,117.5,139,422.0,3.9,237,0.55,,
7/1/2086 0:00,417.6,31Jul1997,52.8,79,296.7,0.8,120,0.05,,
8/1/2086 0:00,289,31Aug1997,41.0,52,260.4,0.3,119,0,,
9/1/2086 0:00,300.8,30Sep1997,64.5,69,266.5,1.2,0,0.01,,
10/1/2086 0:00,422,31Oct1997,131.1,73,299.7,10.5,281,0.25,,
11/1/2086 0:00,1604,30Nov1997,658.8,436,340.2,33.1,1487,40.26,,
12/1/2086 0:00,2400,31Dec1997,844.0,730,456.0,93.2,1330,45.97,,
1/1/2087 0:00,10971,31Jan1998,4905.8,5290,1531.8,326.3,4786,386.25,,
2/1/2087 0:00,17262,28Feb1998,5978.8,14781,1899.6,515.4,8688,642.72,,
3/1/2087 0:00,11617,31Mar1998,2204.4,4400,1152.4,105.7,3206,244.87,,
4/1/2087 0:00,4600,30Apr1998,1770.8,2019,1045.5,89.0,2405,125.39,,
5/1/2087 0:00,6378,31May1998,2519.9,2048,1673.7,43.2,0,43.14,,
6/1/2087 0:00,4128,30Jun1998,1470.7,1654,1541.7,17.2,425,14.55,,
7/1/2087 0:00,1341,31Jul1998,343.3,428,866.4,1.8,150,0.87,,
8/1/2087 0:00,585.1,31Aug1998,156.7,105,573.2,0.6,96,0,,
9/1/2087 0:00,474.8,30Sep1998,127.5,110,476.1,1.8,380,0.07,,
10/1/2087 0:00,680.7,31Oct1998,151.8,130,448.7,12.6,420,0.52,,
11/1/2087 0:00,2384,30Nov1998,1219.0,988,651.2,55.4,405,38.53,,
12/1/2087 0:00,2905,31Dec1998,1055.2,988,699.0,141.2,423,22.7,,
1/1/2088 0:00,3203,31Jan1999,903.6,673,562.7,112.3,1005,38.2,,
2/1/2088 0:00,7010,28Feb1999,3028.7,3099,1074.1,288.0,2337,114.59,,
3/1/2088 0:00,5974,31Mar1999,1459.7,2885,908.3,92.8,1618,127.61,,
4/1/2088 0:00,3070,30Apr1999,852.2,2174,739.6,69.6,134,91.69,,
5/1/2088 0:00,1852,31May1999,532.8,764,722.0,17.8,0,8.99,,
6/1/2088 0:00,925.6,30Jun1999,285.5,331,570.6,4.8,89,1.64,,
7/1/2088 0:00,566,31Jul1999,95.8,91,390.2,0.9,0,0.16,,
8/1/2088 0:00,397.5,31Aug1999,67.1,72,328.7,0.4,140,0,,
9/1/2088 0:00,367.6,30Sep1999,60.8,56,319.4,1.4,425,0.02,,
10/1/2088 0:00,425.1,31Oct1999,90.0,70,348.0,10.7,426,0.2,,
11/1/2088 0:00,1133,30Nov1999,320.8,191,413.1,26.0,528,13.38,,
12/1/2088 0:00,1084,31Dec1999,268.0,211,368.0,45.6,195,7.34,,
1/1/2089 0:00,2928,31Jan2000,1704.9,948,604.9,104.5,1721,69.22,,
2/1/2089 0:00,9893,29Feb2000,2973.5,5494,968.9,307.2,5276,250.1,,
3/1/2089 0:00,5562,31Mar2000,1750.3,3363,812.7,76.2,3853,131.66,,
4/1/2089 0:00,2845,30Apr2000,675.5,1262,620.7,48.9,0,102.92,,
5/1/2089 0:00,2133,31May2000,329.0,714,539.6,11.3,0,8.48,,
6/1/2089 0:00,942.4,30Jun2000,126.1,242,418.9,3.8,0,1.56,,
7/1/2089 0:00,480.8,31Jul2000,61.8,108,312.1,0.8,0,0.21,,
8/1/2089 0:00,300.4,31Aug2000,30.7,56,262.6,0.3,0,0,,
9/1/2089 0:00,325.8,30Sep2000,67.9,76,269.5,1.2,215,0.04,,
10/1/2089 0:00,720.6,31Oct2000,146.5,127,312.8,10.1,298,0.4,,
11/1/2089 0:00,619.5,30Nov2000,164.2,107,306.0,18.1,329,7.29,,
12/1/2089 0:00,722.9,31Dec2000,315.5,153,313.9,41.3,496,4.93,,
1/1/2090 0:00,1750,31Jan2001,637.1,563,360.0,49.0,1420,46.36,,
2/1/2090 0:00,2326,28Feb2001,1077.0,1720,437.4,103.9,2087,86,,
3/1/2090 0:00,2906,31Mar2001,687.8,2244,448.3,45.0,2004,170.54,,
4/1/2090 0:00,1724,30Apr2001,321.0,496,351.2,30.1,393,31.26,,
5/1/2090 0:00,935.3,31May2001,134.7,293,353.9,6.9,0,3.44,,
6/1/2090 0:00,406.1,30Jun2001,36.0,102,266.0,2.4,0,0.55,,
7/1/2090 0:00,240.7,31Jul2001,18.5,82,231.5,0.6,0,0.07,,
8/1/2090 0:00,174.6,31Aug2001,12.3,69,203.4,0.2,198,0,,
9/1/2090 0:00,196.5,30Sep2001,18.0,67,213.0,0.9,620,0.01,,
10/1/2090 0:00,227.1,31Oct2001,32.7,56,240.7,7.5,569,0.1,,
11/1/2090 0:00,1763,30Nov2001,532.3,424,349.7,28.2,1516,37.6,,
12/1/2090 0:00,6043,31Dec2001,2623.0,2928,646.1,159.0,4172,129.95,,
1/1/2091 0:00,5428,31Jan2002,1457.0,3836,679.2,139.7,2814,338.32,,
2/1/2091 0:00,3572,28Feb2002,1130.1,1315,520.7,73.3,1397,50.79,,
3/1/2091 0:00,1942,31Mar2002,751.5,787,476.2,45.6,1269,38.19,,
4/1/2091 0:00,1177,30Apr2002,500.7,449,496.7,46.8,702,26.79,,
5/1/2091 0:00,773,31May2002,312.4,300,441.4,8.6,651,3.01,,
6/1/2091 0:00,380.2,30Jun2002,97.8,141,354.6,2.8,593,0.64,,
7/1/2091 0:00,199.2,31Jul2002,25.4,41,244.7,0.6,366,0.07,,
8/1/2091 0:00,146.4,31Aug2002,15.9,54,213.8,0.2,418,0,,
9/1/2091 0:00,162.2,30Sep2002,17.0,62,214.5,0.9,654,0,,
10/1/2091 0:00,180.7,31Oct2002,23.7,68,230.3,7.4,683,0.08,,
11/1/2091 0:00,573.3,30Nov2002,97.2,124,272.7,19.9,916,7.36,,
12/1/2091 0:00,7982,31Dec2002,2167.7,4353,805.6,329.1,5256,251.53,,
1/1/2092 0:00,9554,31Jan2003,2324.7,4009,1056.0,218.0,4271,307.95,,
2/1/2092 0:00,3162,28Feb2003,968.5,1250,627.7,107.7,1124,57.35,,
3/1/2092 0:00,3687,31Mar2003,1195.1,993,737.9,78.9,1726,77.1,,
4/1/2092 0:00,3679,30Apr2003,1297.4,1327,843.4,98.7,1712,61.64,,
5/1/2092 0:00,2792,31May2003,1082.8,1741,959.3,34.0,2251,18.87,,
6/1/2092 0:00,1035,30Jun2003,221.1,401,637.9,5.7,506,2.22,,
7/1/2092 0:00,352.7,31Jul2003,72.8,104,377.0,1.0,237,0.22,,
8/1/2092 0:00,236,31Aug2003,53.9,75,292.7,0.4,579,0,,
9/1/2092 0:00,239.6,30Sep2003,39.8,60,273.2,1.2,499,0.02,,
10/1/2092 0:00,260.3,,,,,,,,,
11/1/2092 0:00,865.2,,,,,,,,,
12/1/2092 0:00,4675,,,,,,,,,
1/1/2093 0:00,5089,,,,,,,,,
2/1/2093 0:00,9737,,,,,,,,,
3/1/2093 0:00,4260,,,,,,,,,
4/1/2093 0:00,1571,,,,,,,,,
5/1/2093 0:00,887.9,,,,,,,,,
6/1/2093 0:00,553.8,,,,,,,,,
7/1/2093 0:00,283.2,,,,,,,,,
8/1/2093 0:00,230.4,,,,,,,,,
9/1/2093 0:00,242.8,,,,,,,,,
10/1/2093 0:00,667.6,,,,,,,,,
11/1/2093 0:00,532,,,,,,,,,
12/1/2093 0:00,2878,,,,,,,,,
1/1/2094 0:00,3831,,,,,,,,,
2/1/2094 0:00,2880,,,,,,,,,
3/1/2094 0:00,3533,,,,,,,,,
4/1/2094 0:00,1927,,,,,,,,,
5/1/2094 0:00,3365,,,,,,,,,
6/1/2094 0:00,2481,,,,,,,,,
7/1/2094 0:00,544.9,,,,,,,,,
8/1/2094 0:00,219,,,,,,,,,
9/1/2094 0:00,215.6,,,,,,,,,
10/1/2094 0:00,261.2,,,,,,,,,
11/1/2094 0:00,996.7,,,,,,,,,
12/1/2094 0:00,10704,,,,,,,,,
1/1/2095 0:00,10148,,,,,,,,,
2/1/2095 0:00,6736,,,,,,,,,
3/1/2095 0:00,8148,,,,,,,,,
4/1/2095 0:00,6801,,,,,,,,,
5/1/2095 0:00,4165,,,,,,,,,
6/1/2095 0:00,1912,,,,,,,,,
7/1/2095 0:00,687.4,,,,,,,,,
8/1/2095 0:00,394.8,,,,,,,,,
9/1/2095 0:00,370.9,,,,,,,,,
10/1/2095 0:00,485.4,,,,,,,,,
11/1/2095 0:00,656.4,,,,,,,,,
12/1/2095 0:00,2444,,,,,,,,,
1/1/2096 0:00,1734,,,,,,,,,
2/1/2096 0:00,3685,,,,,,,,,
3/1/2096 0:00,2177,,,,,,,,,
4/1/2096 0:00,1395,,,,,,,,,
5/1/2096 0:00,899,,,,,,,,,
6/1/2096 0:00,462.9,,,,,,,,,
7/1/2096 0:00,342.3,,,,,,,,,
8/1/2096 0:00,242.6,,,,,,,,,
9/1/2096 0:00,262.6,,,,,,,,,
10/1/2096 0:00,353.9,,,,,,,,,
11/1/2096 0:00,434,,,,,,,,,
12/1/2096 0:00,877,,,,,,,,,
1/1/2097 0:00,4315,,,,,,,,,
2/1/2097 0:00,6166,,,,,,,,,
3/1/2097 0:00,2907,,,,,,,,,
4/1/2097 0:00,1062,,,,,,,,,
5/1/2097 0:00,620.5,,,,,,,,,
6/1/2097 0:00,312.7,,,,,,,,,
7/1/2097 0:00,185.7,,,,,,,,,
8/1/2097 0:00,151.7,,,,,,,,,
9/1/2097 0:00,169.6,,,,,,,,,
10/1/2097 0:00,197.3,,,,,,,,,
11/1/2097 0:00,667.1,,,,,,,,,
12/1/2097 0:00,966.7,,,,,,,,,
1/1/2098 0:00,968.4,,,,,,,,,
2/1/2098 0:00,3342,,,,,,,,,
3/1/2098 0:00,3169,,,,,,,,,
4/1/2098 0:00,1448,,,,,,,,,
5/1/2098 0:00,958.2,,,,,,,,,
6/1/2098 0:00,615.5,,,,,,,,,
7/1/2098 0:00,213.3,,,,,,,,,
8/1/2098 0:00,137.7,,,,,,,,,
9/1/2098 0:00,153.7,,,,,,,,,
10/1/2098 0:00,608.6,,,,,,,,,
11/1/2098 0:00,385.9,,,,,,,,,
12/1/2098 0:00,824.8,,,,,,,,,
1/1/2099 0:00,5365,,,,,,,,,
2/1/2099 0:00,6002,,,,,,,,,
3/1/2099 0:00,3800,,,,,,,,,
4/1/2099 0:00,3208,,,,,,,,,
5/1/2099 0:00,2513,,,,,,,,,
6/1/2099 0:00,948.7,,,,,,,,,
7/1/2099 0:00,269,,,,,,,,,
8/1/2099 0:00,150.8,,,,,,,,,
9/1/2099 0:00,161.8,,,,,,,,,
9/30/2099 0:00,161.8,,,,,,,,,
