"date is the CalLite-CV date  column, WilkinsSlough_Inflow is the inflow record (not the LocalInflow used in WilkinsSlough.csv in the field named WilkinsSlough) representing flow into this stretch of the Sacramento River in CL, cs_date is the CalSim II date column, C112 is the CalSim II arc corresponding to WilkinsSlough_Inflow, and the 4 D* arcs are the weir overflows from CalSim II which I'd recommend you sum and plot on the Y axis of a scatter plot against C112 on the X axis so you can come up with some Y=f(X) relationship that we can apply to the CalLite-CV data so that Sutter_estimated_inflow=f(WilkinsSlough_Inflow). Finally, I've included I217, labeled Butte Creek here in keeping with my convention of renaming the CalSim II arcs we've identified with DSM streams as noted in notesforlocalinflowcsvs.csv. You might want to make the final DSM input for Sutter flow be the Y from that equation above + I217 aka Butte Creek; it depends on whether the R code sends Butte Creek fish (and therefore flow) into the Sutter every single month or if the Sutter only activates as a juvenile rearing habitat when it gets Sacramento flows/fish. In either case, this is the best value we've got for Butte Creek DSM flows, so it can be used for that. I figure you can read the R code better than I can, but if deciding whether to include Butte Creek in the Sutter flows is a tougher task than I'm anticipating I can reacquaint myself with the code and we can talk it through.",,,,,,,,
date,WilkinsSlough_Inflow,cs_date,C112,D117,D124,D125,D126,Butte Creek
10/1/2014 0:00,6979,31Oct1925,6017,0,0,0,0,111.9
11/1/2014 0:00,5529,30Nov1925,6402,0,0,0,0,148.7
12/1/2014 0:00,4812,31Dec1925,5383,0,0,0,0,191.9
1/1/2015 0:00,5153,31Jan1926,6718,0,0,0,0,255.8
2/1/2015 0:00,8628,28Feb1926,15585,0,0,0,5600,778.8
3/1/2015 0:00,10117,31Mar1926,4960,0,0,0,0,335.8
4/1/2015 0:00,9452,30Apr1926,7800,0,0,0,0,826.1
5/1/2015 0:00,16025,31May1926,10358,0,0,0,0,239.8
6/1/2015 0:00,16931,30Jun1926,12297,0,0,0,0,148.7
7/1/2015 0:00,12318,31Jul1926,14671,0,0,0,0,95.9
8/1/2015 0:00,8548,31Aug1926,12229,0,0,0,0,79.9
9/1/2015 0:00,5725,30Sep1926,6882,0,0,0,0,82.6
10/1/2015 0:00,5350,31Oct1926,5566,0,0,0,0,114.8
11/1/2015 0:00,8270,30Nov1926,7688,0,0,0,0,542.5
12/1/2015 0:00,7007,31Dec1926,10874,0,0,0,0,360.9
1/1/2016 0:00,7205,31Jan1927,11293,0,0,0,0,541.4
2/1/2016 0:00,32438,28Feb1927,52745,0,5660,31799,16248,1434.9
3/1/2016 0:00,21229,31Mar1927,10996,0,0,0,0,607
4/1/2016 0:00,12959,30Apr1927,16323,0,0,0,2446,695.1
5/1/2016 0:00,11144,31May1927,9644,0,0,0,0,508.6
6/1/2016 0:00,12910,30Jun1927,10136,0,0,0,0,271.2
7/1/2016 0:00,15691,31Jul1927,14658,0,0,0,0,196.9
8/1/2016 0:00,10338,31Aug1927,10137,0,0,0,0,114.8
9/1/2016 0:00,6387,30Sep1927,9678,0,0,0,0,118.7
10/1/2016 0:00,6332,31Oct1927,7776,0,0,0,0,127
11/1/2016 0:00,5134,30Nov1927,10617,0,0,0,0,377.4
12/1/2016 0:00,6147,31Dec1927,6620,0,0,0,0,270
1/1/2017 0:00,5670,31Jan1928,7109,0,0,0,0,285.8
2/1/2017 0:00,6182,29Feb1928,9581,0,0,0,0,475.3
3/1/2017 0:00,18766,31Mar1928,23577,0,0,4669,10082,1254.5
4/1/2017 0:00,12273,30Apr1928,8792,0,0,0,0,508.7
5/1/2017 0:00,13500,31May1928,8154,0,0,0,0,301.7
6/1/2017 0:00,14692,30Jun1928,13254,0,0,0,0,196.9
7/1/2017 0:00,16932,31Jul1928,14812,0,0,0,0,127
8/1/2017 0:00,8788,31Aug1928,10393,0,0,0,0,142.9
9/1/2017 0:00,5212,30Sep1928,10795,0,0,0,0,114.9
10/1/2017 0:00,6958,31Oct1928,8100,0,0,0,0,126
11/1/2017 0:00,4775,30Nov1928,8611,0,0,0,0,162.7
12/1/2017 0:00,4684,31Dec1928,5301,0,0,0,0,189
1/1/2018 0:00,4945,31Jan1929,4859,0,0,0,0,157.5
2/1/2018 0:00,4869,28Feb1929,8172,0,0,0,0,296.4
3/1/2018 0:00,6040,31Mar1929,4848,0,0,0,0,283.5
4/1/2018 0:00,6541,30Apr1929,5591,0,0,0,0,276.6
5/1/2018 0:00,7129,31May1929,7233,0,0,0,0,220.5
6/1/2018 0:00,13531,30Jun1929,9250,0,0,0,0,179
7/1/2018 0:00,11708,31Jul1929,10186,0,0,0,0,141.7
8/1/2018 0:00,9827,31Aug1929,7511,0,0,0,0,126
9/1/2018 0:00,6086,30Sep1929,5087,0,0,0,0,97.6
10/1/2018 0:00,6894,31Oct1929,5358,0,0,0,0,63.7
11/1/2018 0:00,6929,30Nov1929,4872,0,0,0,0,82.3
12/1/2018 0:00,6035,31Dec1929,7825,0,0,0,0,701.1
1/1/2019 0:00,7547,31Jan1930,7460,0,0,0,0,509.9
2/1/2019 0:00,7787,28Feb1930,8581,0,0,0,0,599.8
3/1/2019 0:00,6070,31Mar1930,9701,0,0,0,0,701.1
4/1/2019 0:00,5114,30Apr1930,6946,0,0,0,0,526.9
5/1/2019 0:00,9170,31May1930,8001,0,0,0,0,366.5
6/1/2019 0:00,12395,30Jun1930,10653,0,0,0,0,197.6
7/1/2019 0:00,10056,31Jul1930,13079,0,0,0,0,143.4
8/1/2019 0:00,8768,31Aug1930,9084,0,0,0,0,127.5
9/1/2019 0:00,5105,30Sep1930,5345,0,0,0,0,98.8
10/1/2019 0:00,4967,31Oct1930,5848,0,0,0,0,91.4
11/1/2019 0:00,5347,30Nov1930,4895,0,0,0,0,89.6
12/1/2019 0:00,3967,31Dec1930,4260,0,0,0,0,97.7
1/1/2020 0:00,5079,31Jan1931,6862,0,0,0,0,217.6
2/1/2020 0:00,4476,28Feb1931,5392,0,0,0,0,206
3/1/2020 0:00,4389,31Mar1931,4377,0,0,0,0,285.4
4/1/2020 0:00,4547,30Apr1931,6425,0,0,0,0,205.3
5/1/2020 0:00,7028,31May1931,6182,0,0,0,0,145
6/1/2020 0:00,9436,30Jun1931,7155,0,0,0,0,101
7/1/2020 0:00,9566,31Jul1931,9284,0,0,0,0,64.6
8/1/2020 0:00,6866,31Aug1931,7277,0,0,0,0,44.1
9/1/2020 0:00,3867,30Sep1931,4232,0,0,0,0,70.1
10/1/2020 0:00,6355,31Oct1931,4505,0,0,0,0,106.1
11/1/2020 0:00,4671,30Nov1931,4266,0,0,0,0,131.2
12/1/2020 0:00,6511,31Dec1931,10349,0,0,0,0,449.9
1/1/2021 0:00,7349,31Jan1932,6616,0,0,0,0,355.1
2/1/2021 0:00,5470,29Feb1932,5084,0,0,0,0,300.6
3/1/2021 0:00,4620,31Mar1932,5037,0,0,0,0,437.1
4/1/2021 0:00,4555,30Apr1932,4759,0,0,0,0,476.5
5/1/2021 0:00,6552,31May1932,4931,0,0,0,0,437.1
6/1/2021 0:00,11900,30Jun1932,5242,0,0,0,0,229.1
7/1/2021 0:00,11118,31Jul1932,6407,0,0,0,0,120.5
8/1/2021 0:00,5107,31Aug1932,5358,0,0,0,0,86.8
9/1/2021 0:00,4756,30Sep1932,3971,0,0,0,0,84.7
10/1/2021 0:00,3859,31Oct1932,4320,0,0,0,0,111.7
11/1/2021 0:00,4194,30Nov1932,3826,0,0,0,0,105.5
12/1/2021 0:00,4064,31Dec1932,4629,0,0,0,0,110.1
1/1/2022 0:00,4784,31Jan1933,6553,0,0,0,0,153.2
2/1/2022 0:00,4565,28Feb1933,5188,0,0,0,0,137.8
3/1/2022 0:00,5812,31Mar1933,7688,0,0,0,0,370.3
4/1/2022 0:00,6619,30Apr1933,4915,0,0,0,0,341.4
5/1/2022 0:00,8006,31May1933,5381,0,0,0,0,365.5
6/1/2022 0:00,9835,30Jun1933,5951,0,0,0,0,229.2
7/1/2022 0:00,6242,31Jul1933,9499,0,0,0,0,87.8
8/1/2022 0:00,6624,31Aug1933,6629,0,0,0,0,92.6
9/1/2022 0:00,4931,30Sep1933,4219,0,0,0,0,87.4
10/1/2022 0:00,4173,31Oct1933,4756,0,0,0,0,93.8
11/1/2022 0:00,4500,30Nov1933,4119,0,0,0,0,85.4
12/1/2022 0:00,5411,31Dec1933,6971,0,0,0,0,305.2
1/1/2023 0:00,5453,31Jan1934,7602,0,0,0,0,371.9
2/1/2023 0:00,5454,28Feb1934,7523,0,0,0,0,524.4
3/1/2023 0:00,5082,31Mar1934,5530,0,0,0,0,386.2
4/1/2023 0:00,7020,30Apr1934,7371,0,0,0,0,223.4
5/1/2023 0:00,8137,31May1934,7156,0,0,0,0,158.9
6/1/2023 0:00,12227,30Jun1934,8563,0,0,0,0,126.5
7/1/2023 0:00,11006,31Jul1934,8836,0,0,0,0,84.2
8/1/2023 0:00,4922,31Aug1934,6765,0,0,0,0,68.3
9/1/2023 0:00,3775,30Sep1934,4370,0,0,0,0,72.3
10/1/2023 0:00,4147,31Oct1934,4602,0,0,0,0,96.6
11/1/2023 0:00,4711,30Nov1934,7160,0,0,0,0,196.3
12/1/2023 0:00,5207,31Dec1934,5118,0,0,0,0,180.5
1/1/2024 0:00,7192,31Jan1935,11654,0,0,0,0,486
2/1/2024 0:00,6716,28Feb1935,7176,0,0,0,0,373.3
3/1/2024 0:00,7365,31Mar1935,8664,0,0,0,0,623.7
4/1/2024 0:00,7501,30Apr1935,13128,0,0,0,5160,1388.7
5/1/2024 0:00,10176,31May1935,8010,0,0,0,0,721.8
6/1/2024 0:00,17364,30Jun1935,11186,0,0,0,0,274.8
7/1/2024 0:00,11251,31Jul1935,11354,0,0,0,0,133
8/1/2024 0:00,9442,31Aug1935,10197,0,0,0,0,96.6
9/1/2024 0:00,6476,30Sep1935,6053,0,0,0,0,96.5
10/1/2024 0:00,5022,31Oct1935,6303,0,0,0,0,115.7
11/1/2024 0:00,4260,30Nov1935,5978,0,0,0,0,106.5
12/1/2024 0:00,4205,31Dec1935,5286,0,0,0,0,137.9
1/1/2025 0:00,9101,31Jan1936,13714,0,0,0,961,859.3
2/1/2025 0:00,12113,29Feb1936,12984,0,0,0,5523,1386.3
3/1/2025 0:00,13216,31Mar1936,5947,0,0,0,0,502.6
4/1/2025 0:00,10255,30Apr1936,7334,0,0,0,0,642.2
5/1/2025 0:00,11084,31May1936,7959,0,0,0,0,285.4
6/1/2025 0:00,12861,30Jun1936,9845,0,0,0,0,235.9
7/1/2025 0:00,11588,31Jul1936,13820,0,0,0,0,137.9
8/1/2025 0:00,9760,31Aug1936,9609,0,0,0,0,120.5
9/1/2025 0:00,6021,30Sep1936,5545,0,0,0,0,104.8
10/1/2025 0:00,6032,31Oct1936,6050,0,0,0,0,95.6
11/1/2025 0:00,5209,30Nov1936,5701,0,0,0,0,97.2
12/1/2025 0:00,4060,31Dec1936,4821,0,0,0,0,108.6
1/1/2026 0:00,4303,31Jan1937,5004,0,0,0,0,118.3
2/1/2026 0:00,6327,28Feb1937,10777,0,0,0,0,358.9
3/1/2026 0:00,9854,31Mar1937,12420,0,0,0,0,723
4/1/2026 0:00,6207,30Apr1937,6898,0,0,0,0,872.7
5/1/2026 0:00,7495,31May1937,7344,0,0,0,0,617.6
6/1/2026 0:00,12813,30Jun1937,10290,0,0,0,0,343.4
7/1/2026 0:00,11732,31Jul1937,12017,0,0,0,0,154
8/1/2026 0:00,9161,31Aug1937,9391,0,0,0,0,115.1
9/1/2026 0:00,5108,30Sep1937,5755,0,0,0,0,98.8
10/1/2026 0:00,4526,31Oct1937,5686,0,0,0,0,123.6
11/1/2026 0:00,7355,30Nov1937,11382,0,0,0,0,466.2
12/1/2026 0:00,10580,31Dec1937,26747,0,0,4814,10115,1249.8
1/1/2027 0:00,8742,31Jan1938,9937,0,0,0,0,474.5
2/1/2027 0:00,41442,28Feb1938,57462,0,5822,32050,16305,1972
3/1/2027 0:00,50205,31Mar1938,55343,0,6693,33400,16611,1936.5
4/1/2027 0:00,20349,30Apr1938,16622,0,0,0,4730,1213.8
5/1/2027 0:00,9524,31May1938,10303,0,0,0,0,1042.6
6/1/2027 0:00,14255,30Jun1938,9964,0,0,0,0,466.2
7/1/2027 0:00,10624,31Jul1938,10792,0,0,0,0,225.6
8/1/2027 0:00,10028,31Aug1938,9884,0,0,0,0,158.7
9/1/2027 0:00,6965,30Sep1938,15854,0,0,0,0,124.3
10/1/2027 0:00,5269,31Oct1938,6332,0,0,0,0,165.2
11/1/2027 0:00,4956,30Nov1938,8849,0,0,0,0,180.6
12/1/2027 0:00,5805,31Dec1938,6694,0,0,0,0,201.8
1/1/2028 0:00,4734,31Jan1939,5015,0,0,0,0,192.2
2/1/2028 0:00,5341,28Feb1939,4961,0,0,0,0,207.6
3/1/2028 0:00,9369,31Mar1939,4813,0,0,0,0,367
4/1/2028 0:00,7384,30Apr1939,8438,0,0,0,0,303.7
5/1/2028 0:00,11541,31May1939,9827,0,0,0,0,216.1
6/1/2028 0:00,17302,30Jun1939,11472,0,0,0,0,137.9
7/1/2028 0:00,16758,31Jul1939,14298,0,0,0,0,84.2
8/1/2028 0:00,9061,31Aug1939,14195,0,0,0,0,74.7
9/1/2028 0:00,5662,30Sep1939,5428,0,0,0,0,91.9
10/1/2028 0:00,5240,31Oct1939,6412,0,0,0,0,113.4
11/1/2028 0:00,5294,30Nov1939,7008,0,0,0,0,93.4
12/1/2028 0:00,4477,31Dec1939,5652,0,0,0,0,174.3
1/1/2029 0:00,8868,31Jan1940,13940,0,0,0,682,950.2
2/1/2029 0:00,35634,29Feb1940,39474,0,0,5860,10353,1741.5
3/1/2029 0:00,29802,31Mar1940,33758,0,0,11970,11741,1507.5
4/1/2029 0:00,13421,30Apr1940,10378,0,0,0,2140,961.5
5/1/2029 0:00,10124,31May1940,6832,0,0,0,0,350.2
6/1/2029 0:00,13389,30Jun1940,9968,0,0,0,0,198.7
7/1/2029 0:00,15364,31Jul1940,14547,0,0,0,0,124.9
8/1/2029 0:00,9644,31Aug1940,10880,0,0,0,0,113.4
9/1/2029 0:00,6278,30Sep1940,9696,0,0,0,0,118.9
10/1/2029 0:00,5714,31Oct1940,7486,0,0,0,0,154.5
11/1/2029 0:00,4574,30Nov1940,8580,0,0,0,0,185.1
12/1/2029 0:00,10791,31Dec1940,21375,0,0,0,7083,1074.8
1/1/2030 0:00,40964,31Jan1941,43827,0,2884,27502,15271,1478.7
2/1/2030 0:00,41584,28Feb1941,43339,0,1464,25303,14771,1934.6
3/1/2030 0:00,21547,31Mar1941,26414,0,0,10530,11414,1259.2
4/1/2030 0:00,19701,30Apr1941,24531,0,0,11427,11618,1384.6
5/1/2030 0:00,10762,31May1941,14878,0,0,0,0,758.7
6/1/2030 0:00,14071,30Jun1941,10112,0,0,0,0,388.3
7/1/2030 0:00,12823,31Jul1941,12528,0,0,0,0,191.4
8/1/2030 0:00,9941,31Aug1941,10255,0,0,0,0,152.8
9/1/2030 0:00,5548,30Sep1941,14780,0,0,0,0,148.8
10/1/2030 0:00,7031,31Oct1941,8998,0,0,0,0,159.7
11/1/2030 0:00,6055,30Nov1941,11371,0,0,0,0,188.1
12/1/2030 0:00,17226,31Dec1941,22091,0,0,0,9021,1191.5
1/1/2031 0:00,26623,31Jan1942,28509,0,0,7153,10647,1237.9
2/1/2031 0:00,33629,28Feb1942,47930,0,4317,29721,15775,1811.5
3/1/2031 0:00,17975,31Mar1942,5975,0,0,0,0,470.4
4/1/2031 0:00,16250,30Apr1942,10080,0,0,0,0,979.3
5/1/2031 0:00,10455,31May1942,12792,0,0,0,0,678.2
6/1/2031 0:00,10741,30Jun1942,9277,0,0,0,0,498.5
7/1/2031 0:00,11173,31Jul1942,11133,0,0,0,0,226.6
8/1/2031 0:00,10146,31Aug1942,10059,0,0,0,0,168.3
9/1/2031 0:00,6283,30Sep1942,13491,0,0,0,0,156.1
10/1/2031 0:00,5942,31Oct1942,9677,0,0,0,0,126.7
11/1/2031 0:00,7007,30Nov1942,11733,0,0,0,0,198.9
12/1/2031 0:00,10225,31Dec1942,6676,0,0,0,0,344.2
1/1/2032 0:00,22919,31Jan1943,18099,0,0,0,6584,929.3
2/1/2032 0:00,13279,28Feb1943,14054,0,0,0,5902,649.6
3/1/2032 0:00,18756,31Mar1943,17402,0,0,0,5717,1031
4/1/2032 0:00,13094,30Apr1943,7329,0,0,0,0,666.1
5/1/2032 0:00,9223,31May1943,8424,0,0,0,0,408.3
6/1/2032 0:00,11906,30Jun1943,10012,0,0,0,0,266.8
7/1/2032 0:00,12072,31Jul1943,14206,0,0,0,0,161.1
8/1/2032 0:00,8838,31Aug1943,9490,0,0,0,0,136.1
9/1/2032 0:00,5932,30Sep1943,14964,0,0,0,0,114.8
10/1/2032 0:00,5296,31Oct1943,8081,0,0,0,0,114.9
11/1/2032 0:00,4292,30Nov1943,12247,0,0,0,0,130.1
12/1/2032 0:00,4082,31Dec1943,4697,0,0,0,0,148
1/1/2033 0:00,4884,31Jan1944,5415,0,0,0,0,196.8
2/1/2033 0:00,6019,29Feb1944,6805,0,0,0,0,368.6
3/1/2033 0:00,9762,31Mar1944,5843,0,0,0,0,508.5
4/1/2033 0:00,8419,30Apr1944,7234,0,0,0,0,411.6
5/1/2033 0:00,6656,31May1944,6342,0,0,0,0,398.3
6/1/2033 0:00,12616,30Jun1944,10693,0,0,0,0,232.6
7/1/2033 0:00,12475,31Jul1944,13178,0,0,0,0,141.7
8/1/2033 0:00,9115,31Aug1944,9725,0,0,0,0,116.5
9/1/2033 0:00,5909,30Sep1944,4590,0,0,0,0,105.7
10/1/2033 0:00,5150,31Oct1944,5764,0,0,0,0,124.2
11/1/2033 0:00,5022,30Nov1944,6343,0,0,0,0,258.3
12/1/2033 0:00,6687,31Dec1944,6992,0,0,0,0,350.2
1/1/2034 0:00,5392,31Jan1945,4702,0,0,0,0,262.7
2/1/2034 0:00,6959,28Feb1945,11720,0,0,0,1838,1094.6
3/1/2034 0:00,13876,31Mar1945,7515,0,0,0,0,507.9
4/1/2034 0:00,8739,30Apr1945,6232,0,0,0,0,472.1
5/1/2034 0:00,7083,31May1945,6853,0,0,0,0,439.4
6/1/2034 0:00,10681,30Jun1945,9295,0,0,0,0,268.1
7/1/2034 0:00,10463,31Jul1945,12173,0,0,0,0,156
8/1/2034 0:00,9208,31Aug1945,8813,0,0,0,0,129
9/1/2034 0:00,5358,30Sep1945,5181,0,0,0,0,118.4
10/1/2034 0:00,4247,31Oct1945,5666,0,0,0,0,152.2
11/1/2034 0:00,5538,30Nov1945,8646,0,0,0,0,289.9
12/1/2034 0:00,22816,31Dec1945,44683,0,0,18524,13231,1229.8
1/1/2035 0:00,17978,31Jan1946,16464,0,0,0,7510,634.6
2/1/2035 0:00,7438,28Feb1946,5369,0,0,0,0,392
3/1/2035 0:00,15945,31Mar1946,5641,0,0,0,0,415.6
4/1/2035 0:00,9487,30Apr1946,7880,0,0,0,0,429.5
5/1/2035 0:00,11459,31May1946,7777,0,0,0,0,280.5
6/1/2035 0:00,14336,30Jun1946,9962,0,0,0,0,194.4
7/1/2035 0:00,14601,31Jul1946,14065,0,0,0,0,138.5
8/1/2035 0:00,10832,31Aug1946,10563,0,0,0,0,118
9/1/2035 0:00,5471,30Sep1946,10621,0,0,0,0,97.2
10/1/2035 0:00,6767,31Oct1946,8251,0,0,0,0,98.9
11/1/2035 0:00,4723,30Nov1946,8849,0,0,0,0,192.9
12/1/2035 0:00,5198,31Dec1946,5527,0,0,0,0,236.2
1/1/2036 0:00,4962,31Jan1947,4134,0,0,0,0,150
2/1/2036 0:00,5072,28Feb1947,6581,0,0,0,0,420.5
3/1/2036 0:00,11644,31Mar1947,7500,0,0,0,0,505.9
4/1/2036 0:00,9592,30Apr1947,7371,0,0,0,0,484.8
5/1/2036 0:00,10606,31May1947,9111,0,0,0,0,217
6/1/2036 0:00,14748,30Jun1947,11316,0,0,0,0,178.1
7/1/2036 0:00,12137,31Jul1947,14580,0,0,0,0,121.3
8/1/2036 0:00,8438,31Aug1947,11298,0,0,0,0,94.2
9/1/2036 0:00,5562,30Sep1947,4528,0,0,0,0,92.4
10/1/2036 0:00,5270,31Oct1947,5582,0,0,0,0,190.7
11/1/2036 0:00,4264,30Nov1947,4550,0,0,0,0,190.2
12/1/2036 0:00,4149,31Dec1947,4436,0,0,0,0,140.5
1/1/2037 0:00,4959,31Jan1948,8107,0,0,0,0,414.9
2/1/2037 0:00,7142,29Feb1948,4507,0,0,0,0,203.9
3/1/2037 0:00,5758,31Mar1948,8080,0,0,0,0,513.6
4/1/2037 0:00,8504,30Apr1948,13326,0,0,0,0,1189.3
5/1/2037 0:00,10056,31May1948,10650,0,0,0,0,878.3
6/1/2037 0:00,11092,30Jun1948,10757,0,0,0,0,466.7
7/1/2037 0:00,12700,31Jul1948,12613,0,0,0,0,205.8
8/1/2037 0:00,11211,31Aug1948,10180,0,0,0,0,147.2
9/1/2037 0:00,7385,30Sep1948,5854,0,0,0,0,141.8
10/1/2037 0:00,6300,31Oct1948,7098,0,0,0,0,108.1
11/1/2037 0:00,4669,30Nov1948,5072,0,0,0,0,146.2
12/1/2037 0:00,4599,31Dec1948,5247,0,0,0,0,174.8
1/1/2038 0:00,4350,31Jan1949,4306,0,0,0,0,108.1
2/1/2038 0:00,4471,28Feb1949,5677,0,0,0,0,176
3/1/2038 0:00,14914,31Mar1949,22513,0,0,1188,9291,681.8
4/1/2038 0:00,9807,30Apr1949,6933,0,0,0,0,533.7
5/1/2038 0:00,11936,31May1949,7308,0,0,0,0,341.7
6/1/2038 0:00,15220,30Jun1949,10135,0,0,0,0,170.8
7/1/2038 0:00,10951,31Jul1949,14227,0,0,0,0,109.7
8/1/2038 0:00,8523,31Aug1949,10383,0,0,0,0,106.5
9/1/2038 0:00,5750,30Sep1949,5184,0,0,0,0,83.8
10/1/2038 0:00,10081,31Oct1949,6150,0,0,0,0,91.9
11/1/2038 0:00,3892,30Nov1949,5371,0,0,0,0,114.6
12/1/2038 0:00,3757,31Dec1949,4787,0,0,0,0,107.7
1/1/2039 0:00,5246,31Jan1950,8247,0,0,0,0,289.9
2/1/2039 0:00,7719,28Feb1950,9882,0,0,0,0,777
3/1/2039 0:00,8237,31Mar1950,6800,0,0,0,0,502.2
4/1/2039 0:00,5323,30Apr1950,6195,0,0,0,0,713.7
5/1/2039 0:00,8907,31May1950,7941,0,0,0,0,475.2
6/1/2039 0:00,11931,30Jun1950,9768,0,0,0,0,225.9
7/1/2039 0:00,12359,31Jul1950,10453,0,0,0,0,122
8/1/2039 0:00,7469,31Aug1950,9170,0,0,0,0,114.1
9/1/2039 0:00,5454,30Sep1950,4973,0,0,0,0,113
10/1/2039 0:00,4564,31Oct1950,8262,0,0,0,0,211
11/1/2039 0:00,6400,30Nov1950,11670,0,0,0,0,596
12/1/2039 0:00,8846,31Dec1950,24863,0,0,2217,9525,963
1/1/2040 0:00,9823,31Jan1951,17335,0,0,0,4812,835.4
2/1/2040 0:00,11913,28Feb1951,26819,0,0,2535,9597,1086.9
3/1/2040 0:00,17913,31Mar1951,7041,0,0,0,0,701
4/1/2040 0:00,9847,30Apr1951,7860,0,0,0,0,520.4
5/1/2040 0:00,8966,31May1951,6489,0,0,0,0,447.5
6/1/2040 0:00,14048,30Jun1951,10162,0,0,0,0,225
7/1/2040 0:00,15754,31Jul1951,14121,0,0,0,0,153.1
8/1/2040 0:00,10045,31Aug1951,10504,0,0,0,0,125.9
9/1/2040 0:00,6638,30Sep1951,9818,0,0,0,0,124.8
10/1/2040 0:00,5285,31Oct1951,7109,0,0,0,0,136.6
11/1/2040 0:00,5701,30Nov1951,11077,0,0,0,0,234.1
12/1/2040 0:00,9547,31Dec1951,21938,0,0,0,5778,891.3
1/1/2041 0:00,28971,31Jan1952,22737,0,0,7801,10794,901.3
2/1/2041 0:00,23546,29Feb1952,31420,0,0,8559,10966,1328.5
3/1/2041 0:00,20333,31Mar1952,20009,0,0,0,7763,904.6
4/1/2041 0:00,13914,30Apr1952,20061,0,0,0,3020,1189.6
5/1/2041 0:00,8312,31May1952,9886,0,0,0,0,1012.9
6/1/2041 0:00,13369,30Jun1952,8739,0,0,0,0,392.5
7/1/2041 0:00,11528,31Jul1952,10127,0,0,0,0,213.2
8/1/2041 0:00,9729,31Aug1952,9350,0,0,0,0,151.6
9/1/2041 0:00,7487,30Sep1952,11928,0,0,0,0,139.4
10/1/2041 0:00,6610,31Oct1952,9091,0,0,0,0,130.5
11/1/2041 0:00,4662,30Nov1952,11417,0,0,0,0,138.4
12/1/2041 0:00,9193,31Dec1952,17942,0,0,0,5177,497.9
1/1/2042 0:00,48267,31Jan1953,48886,0,2137,26346,15008,1591.6
2/1/2042 0:00,7339,28Feb1953,5776,0,0,0,0,435.3
3/1/2042 0:00,15793,31Mar1953,6592,0,0,0,0,568.3
4/1/2042 0:00,11963,30Apr1953,8377,0,0,0,0,718.5
5/1/2042 0:00,7113,31May1953,12455,0,0,0,0,667.9
6/1/2042 0:00,9634,30Jun1953,10345,0,0,0,0,457.7
7/1/2042 0:00,13833,31Jul1953,14356,0,0,0,0,219.8
8/1/2042 0:00,9230,31Aug1953,9844,0,0,0,0,171.7
9/1/2042 0:00,6490,30Sep1953,14991,0,0,0,0,159.7
10/1/2042 0:00,4981,31Oct1953,8656,0,0,0,0,156.4
11/1/2042 0:00,7140,30Nov1953,13039,0,0,0,0,217.7
12/1/2042 0:00,7457,31Dec1953,5907,0,0,0,0,228.3
1/1/2043 0:00,21545,31Jan1954,17292,0,0,0,0,550.7
2/1/2043 0:00,22232,28Feb1954,26918,0,0,7346,10691,906.7
3/1/2043 0:00,20013,31Mar1954,18162,0,0,0,4983,830.1
4/1/2043 0:00,13957,30Apr1954,16387,0,0,0,947,1233.8
5/1/2043 0:00,11697,31May1954,8414,0,0,0,0,469.3
6/1/2043 0:00,13289,30Jun1954,10181,0,0,0,0,254
7/1/2043 0:00,16091,31Jul1954,14560,0,0,0,0,172.4
8/1/2043 0:00,8387,31Aug1954,11007,0,0,0,0,154.8
9/1/2043 0:00,6014,30Sep1954,10484,0,0,0,0,146.8
10/1/2043 0:00,5698,31Oct1954,7686,0,0,0,0,132
11/1/2043 0:00,5165,30Nov1954,11627,0,0,0,0,189
12/1/2043 0:00,6189,31Dec1954,7862,0,0,0,0,300.6
1/1/2044 0:00,6181,31Jan1955,6787,0,0,0,0,294.2
2/1/2044 0:00,5712,28Feb1955,5559,0,0,0,0,250
3/1/2044 0:00,9146,31Mar1955,4558,0,0,0,0,292.6
4/1/2044 0:00,9104,30Apr1955,8600,0,0,0,0,438.8
5/1/2044 0:00,9142,31May1955,7630,0,0,0,0,480.3
6/1/2044 0:00,13278,30Jun1955,10510,0,0,0,0,230.1
7/1/2044 0:00,15734,31Jul1955,14613,0,0,0,0,151.1
8/1/2044 0:00,16307,31Aug1955,10876,0,0,0,0,125.6
9/1/2044 0:00,5054,30Sep1955,5480,0,0,0,0,131.5
10/1/2044 0:00,10356,31Oct1955,6131,0,0,0,0,121.9
11/1/2044 0:00,4433,30Nov1955,7383,0,0,0,0,163.7
12/1/2044 0:00,15773,31Dec1955,39100,0,0,16104,12681,2205.5
1/1/2045 0:00,43990,31Jan1956,56439,0,7058,33965,16740,1979.2
2/1/2045 0:00,40155,29Feb1956,34480,0,0,10996,11520,1490.5
3/1/2045 0:00,19947,31Mar1956,8509,0,0,0,0,739.8
4/1/2045 0:00,12195,30Apr1956,5937,0,0,0,0,667.3
5/1/2045 0:00,6767,31May1956,13282,0,0,0,0,720.7
6/1/2045 0:00,14513,30Jun1956,9946,0,0,0,0,363.3
7/1/2045 0:00,11825,31Jul1956,11025,0,0,0,0,201.9
8/1/2045 0:00,9823,31Aug1956,8833,0,0,0,0,161.9
9/1/2045 0:00,5519,30Sep1956,15546,0,0,0,0,161.9
10/1/2045 0:00,6182,31Oct1956,8047,0,0,0,0,182.9
11/1/2045 0:00,5273,30Nov1956,13732,0,0,0,0,150.9
12/1/2045 0:00,4776,31Dec1956,6475,0,0,0,0,141.2
1/1/2046 0:00,4660,31Jan1957,5399,0,0,0,0,178.1
2/1/2046 0:00,7567,28Feb1957,7551,0,0,0,0,602.2
3/1/2046 0:00,19372,31Mar1957,12712,0,0,0,106,678.7
4/1/2046 0:00,11134,30Apr1957,6767,0,0,0,0,434.4
5/1/2046 0:00,7125,31May1957,11980,0,0,0,0,659.4
6/1/2046 0:00,14180,30Jun1957,9456,0,0,0,0,283.5
7/1/2046 0:00,13336,31Jul1957,14602,0,0,0,0,168.5
8/1/2046 0:00,10845,31Aug1957,10747,0,0,0,0,147.6
9/1/2046 0:00,5340,30Sep1957,10061,0,0,0,0,149.2
10/1/2046 0:00,4771,31Oct1957,8689,0,0,0,0,209
11/1/2046 0:00,5079,30Nov1957,11827,0,0,0,0,252.5
12/1/2046 0:00,7470,31Dec1957,15104,0,0,0,0,507.3
1/1/2047 0:00,20550,31Jan1958,24513,0,0,0,9021,716.3
2/1/2047 0:00,69455,28Feb1958,63295,0,15551,47115,19728,2207.5
3/1/2047 0:00,31488,31Mar1958,54692,0,2545,26977,15152,1377
4/1/2047 0:00,20267,30Apr1958,22231,0,0,3503,9817,1384.6
5/1/2047 0:00,10540,31May1958,9466,0,0,0,0,874.7
6/1/2047 0:00,11755,30Jun1958,9531,0,0,0,0,494.6
7/1/2047 0:00,10696,31Jul1958,12199,0,0,0,0,256.2
8/1/2047 0:00,9993,31Aug1958,11123,0,0,0,0,190.5
9/1/2047 0:00,6926,30Sep1958,13967,0,0,0,0,174.2
10/1/2047 0:00,8708,31Oct1958,9489,0,0,0,0,163
11/1/2047 0:00,6701,30Nov1958,12270,0,0,0,0,166.7
12/1/2047 0:00,4777,31Dec1958,6246,0,0,0,0,153.2
1/1/2048 0:00,12588,31Jan1959,9053,0,0,0,0,477.6
2/1/2048 0:00,24255,28Feb1959,21855,0,0,261,9081,759.7
3/1/2048 0:00,17527,31Mar1959,5479,0,0,0,0,482.5
4/1/2048 0:00,8943,30Apr1959,8657,0,0,0,0,432.9
5/1/2048 0:00,8374,31May1959,7546,0,0,0,0,296.7
6/1/2048 0:00,16270,30Jun1959,12332,0,0,0,0,183.6
7/1/2048 0:00,15298,31Jul1959,14595,0,0,0,0,140.2
8/1/2048 0:00,9728,31Aug1959,11542,0,0,0,0,125.5
9/1/2048 0:00,5526,30Sep1959,7697,0,0,0,0,131.4
10/1/2048 0:00,6045,31Oct1959,6798,0,0,0,0,107.4
11/1/2048 0:00,4623,30Nov1959,7667,0,0,0,0,114.3
12/1/2048 0:00,3882,31Dec1959,4496,0,0,0,0,122
1/1/2049 0:00,5094,31Jan1960,5863,0,0,0,0,248.9
2/1/2049 0:00,6699,29Feb1960,12996,0,0,0,1369,688.8
3/1/2049 0:00,14393,31Mar1960,8183,0,0,0,0,738.7
4/1/2049 0:00,9810,30Apr1960,8821,0,0,0,0,438.8
5/1/2049 0:00,5148,31May1960,6158,0,0,0,0,354.7
6/1/2049 0:00,12412,30Jun1960,14245,0,0,0,0,203.4
7/1/2049 0:00,13167,31Jul1960,14538,0,0,0,0,133.4
8/1/2049 0:00,9557,31Aug1960,11003,0,0,0,0,118.8
9/1/2049 0:00,4656,30Sep1960,6459,0,0,0,0,116
10/1/2049 0:00,4360,31Oct1960,6253,0,0,0,0,115.4
11/1/2049 0:00,4738,30Nov1960,5352,0,0,0,0,208.3
12/1/2049 0:00,6315,31Dec1960,8519,0,0,0,0,305.6
1/1/2050 0:00,5574,31Jan1961,6068,0,0,0,0,258.5
2/1/2050 0:00,7983,28Feb1961,14490,0,0,0,4104,594
3/1/2050 0:00,19084,31Mar1961,10955,0,0,0,0,507.2
4/1/2050 0:00,10628,30Apr1961,8144,0,0,0,0,451.9
5/1/2050 0:00,8435,31May1961,9109,0,0,0,0,373.9
6/1/2050 0:00,15232,30Jun1961,11989,0,0,0,0,235.2
7/1/2050 0:00,14625,31Jul1961,14834,0,0,0,0,162.6
8/1/2050 0:00,8475,31Aug1961,12847,0,0,0,0,115.4
9/1/2050 0:00,4320,30Sep1961,6597,0,0,0,0,102.5
10/1/2050 0:00,6673,31Oct1961,7427,0,0,0,0,71.1
11/1/2050 0:00,4201,30Nov1961,6887,0,0,0,0,99.1
12/1/2050 0:00,5537,31Dec1961,8416,0,0,0,0,224.9
1/1/2051 0:00,5179,31Jan1962,5856,0,0,0,0,167
2/1/2051 0:00,11177,28Feb1962,29647,0,0,6622,10526,1070.9
3/1/2051 0:00,19644,31Mar1962,9089,0,0,0,0,560.5
4/1/2051 0:00,10529,30Apr1962,6838,0,0,0,0,580.9
5/1/2051 0:00,8931,31May1962,7560,0,0,0,0,423.3
6/1/2051 0:00,14661,30Jun1962,9661,0,0,0,0,244.3
7/1/2051 0:00,13202,31Jul1962,14758,0,0,0,0,153.8
8/1/2051 0:00,9672,31Aug1962,10636,0,0,0,0,127.3
9/1/2051 0:00,6111,30Sep1962,5132,0,0,0,0,119.6
10/1/2051 0:00,5466,31Oct1962,12638,0,0,0,0,780.9
11/1/2051 0:00,6099,30Nov1962,7039,0,0,0,0,225
12/1/2051 0:00,6143,31Dec1962,13831,0,0,0,0,558.3
1/1/2052 0:00,5979,31Jan1963,5983,0,0,0,0,568.1
2/1/2052 0:00,7409,28Feb1963,19347,0,0,0,8715,966.1
3/1/2052 0:00,18243,31Mar1963,10068,0,0,0,0,579.6
4/1/2052 0:00,19591,30Apr1963,42327,0,0,16122,12685,1431.2
5/1/2052 0:00,10414,31May1963,7652,0,0,0,0,702.3
6/1/2052 0:00,13488,30Jun1963,9092,0,0,0,0,314.7
7/1/2052 0:00,11622,31Jul1963,14676,0,0,0,0,191.5
8/1/2052 0:00,10147,31Aug1963,9994,0,0,0,0,158.8
9/1/2052 0:00,6631,30Sep1963,15232,0,0,0,0,147.2
10/1/2052 0:00,5169,31Oct1963,6965,0,0,0,0,147.9
11/1/2052 0:00,5544,30Nov1963,10538,0,0,0,0,305.6
12/1/2052 0:00,7273,31Dec1963,4796,0,0,0,0,171.7
1/1/2053 0:00,6271,31Jan1964,7110,0,0,0,0,394.4
2/1/2053 0:00,5952,29Feb1964,4906,0,0,0,0,299.2
3/1/2053 0:00,8796,31Mar1964,4703,0,0,0,0,279.9
4/1/2053 0:00,6863,30Apr1964,10152,0,0,0,0,402.6
5/1/2053 0:00,8892,31May1964,8513,0,0,0,0,345.1
6/1/2053 0:00,14002,30Jun1964,10865,0,0,0,0,235
7/1/2053 0:00,14250,31Jul1964,14241,0,0,0,0,143.1
8/1/2053 0:00,9471,31Aug1964,11425,0,0,0,0,116.1
9/1/2053 0:00,4766,30Sep1964,6523,0,0,0,0,113.4
10/1/2053 0:00,4725,31Oct1964,5753,0,0,0,0,129.4
11/1/2053 0:00,4927,30Nov1964,7073,0,0,0,0,246.1
12/1/2053 0:00,16714,31Dec1964,30522,0,0,8461,10944,2083
1/1/2054 0:00,31550,31Jan1965,36858,0,0,18211,13160,1805.1
2/1/2054 0:00,8364,28Feb1965,6796,0,0,0,0,638.2
3/1/2054 0:00,13482,31Mar1965,5583,0,0,0,0,486.7
4/1/2054 0:00,12983,30Apr1965,16820,0,0,0,2158,1028.9
5/1/2054 0:00,9783,31May1965,7845,0,0,0,0,557.4
6/1/2054 0:00,11145,30Jun1965,9754,0,0,0,0,315.6
7/1/2054 0:00,12950,31Jul1965,14620,0,0,0,0,207.1
8/1/2054 0:00,7822,31Aug1965,8764,0,0,0,0,177.8
9/1/2054 0:00,4614,30Sep1965,12121,0,0,0,0,155.1
10/1/2054 0:00,5196,31Oct1965,8669,0,0,0,0,122.6
11/1/2054 0:00,5196,30Nov1965,11509,0,0,0,0,274.7
12/1/2054 0:00,9555,31Dec1965,5885,0,0,0,0,219.7
1/1/2055 0:00,10707,31Jan1966,10225,0,0,0,0,468
2/1/2055 0:00,9084,28Feb1966,12052,0,0,0,0,408.9
3/1/2055 0:00,16532,31Mar1966,14597,0,0,0,0,476
4/1/2055 0:00,9212,30Apr1966,8380,0,0,0,0,656.4
5/1/2055 0:00,14021,31May1966,8497,0,0,0,0,353.4
6/1/2055 0:00,16211,30Jun1966,13029,0,0,0,0,187.5
7/1/2055 0:00,14026,31Jul1966,14341,0,0,0,0,130.5
8/1/2055 0:00,9794,31Aug1966,12357,0,0,0,0,114.6
9/1/2055 0:00,6010,30Sep1966,7905,0,0,0,0,106.9
10/1/2055 0:00,5854,31Oct1966,5887,0,0,0,0,107.7
11/1/2055 0:00,5423,30Nov1966,6250,0,0,0,0,330.5
12/1/2055 0:00,7048,31Dec1966,17410,0,0,0,5086,620.5
1/1/2056 0:00,13335,31Jan1967,21098,0,0,0,7365,1069
2/1/2056 0:00,8070,28Feb1967,13093,0,0,0,4641,752.8
3/1/2056 0:00,17435,31Mar1967,18893,0,0,0,3638,917.9
4/1/2056 0:00,18474,30Apr1967,18041,0,0,0,2074,940.1
5/1/2056 0:00,9669,31May1967,15736,0,0,0,0,1096.3
6/1/2056 0:00,9903,30Jun1967,9354,0,0,0,0,558.1
7/1/2056 0:00,11297,31Jul1967,11419,0,0,0,0,242.7
8/1/2056 0:00,9982,31Aug1967,9189,0,0,0,0,173.6
9/1/2056 0:00,6691,30Sep1967,12174,0,0,0,0,172.7
10/1/2056 0:00,8878,31Oct1967,8896,0,0,0,0,141.4
11/1/2056 0:00,5821,30Nov1967,10600,0,0,0,0,139.5
12/1/2056 0:00,5431,31Dec1967,6562,0,0,0,0,209.7
1/1/2057 0:00,7862,31Jan1968,8963,0,0,0,0,411.5
2/1/2057 0:00,22846,29Feb1968,21618,0,0,0,9021,874.6
3/1/2057 0:00,17000,31Mar1968,7858,0,0,0,0,627.5
4/1/2057 0:00,10139,30Apr1968,7913,0,0,0,0,443.2
5/1/2057 0:00,7589,31May1968,7487,0,0,0,0,328.8
6/1/2057 0:00,16547,30Jun1968,12905,0,0,0,0,205.2
7/1/2057 0:00,15490,31Jul1968,14824,0,0,0,0,133.4
8/1/2057 0:00,8569,31Aug1968,9724,0,0,0,0,130.3
9/1/2057 0:00,5830,30Sep1968,6850,0,0,0,0,123.1
10/1/2057 0:00,5981,31Oct1968,5790,0,0,0,0,151.8
11/1/2057 0:00,4446,30Nov1968,5196,0,0,0,0,209.2
12/1/2057 0:00,8351,31Dec1968,11934,0,0,0,0,516.5
1/1/2058 0:00,22596,31Jan1969,43939,0,1027,24626,14618,2233.5
2/1/2058 0:00,42327,28Feb1969,43804,0,0,22926,14231,1570.6
3/1/2058 0:00,21491,31Mar1969,13712,0,0,0,2899,734.6
4/1/2058 0:00,14726,30Apr1969,14985,0,0,0,0,1029.6
5/1/2058 0:00,7200,31May1969,12116,0,0,0,0,987.6
6/1/2058 0:00,14577,30Jun1969,9995,0,0,0,0,420.1
7/1/2058 0:00,10665,31Jul1969,11150,0,0,0,0,225.1
8/1/2058 0:00,9497,31Aug1969,9931,0,0,0,0,183.2
9/1/2058 0:00,6045,30Sep1969,10215,0,0,0,0,173.1
10/1/2058 0:00,5121,31Oct1969,6398,0,0,0,0,172.3
11/1/2058 0:00,4460,30Nov1969,9390,0,0,0,0,174.2
12/1/2058 0:00,12397,31Dec1969,26321,0,0,652,9169,866.9
1/1/2059 0:00,74619,31Jan1970,88719,13067,12727,42742,18734,3055.1
2/1/2059 0:00,18921,28Feb1970,21523,0,0,1119,9275,959.8
3/1/2059 0:00,18371,31Mar1970,8760,0,0,0,0,918.2
4/1/2059 0:00,10790,30Apr1970,7445,0,0,0,0,431.8
5/1/2059 0:00,7010,31May1970,7548,0,0,0,0,353.7
6/1/2059 0:00,13278,30Jun1970,11759,0,0,0,0,267
7/1/2059 0:00,16325,31Jul1970,14669,0,0,0,0,168.6
8/1/2059 0:00,9634,31Aug1970,10108,0,0,0,0,146.6
9/1/2059 0:00,4402,30Sep1970,15210,0,0,0,0,149.6
10/1/2059 0:00,4630,31Oct1970,9074,0,0,0,0,125.7
11/1/2059 0:00,7515,30Nov1970,12369,0,0,0,0,372.8
12/1/2059 0:00,19655,31Dec1970,19359,0,0,0,8581,669.3
1/1/2060 0:00,23824,31Jan1971,25933,0,0,2719,9639,587.7
2/1/2060 0:00,7325,28Feb1971,6175,0,0,0,0,453.7
3/1/2060 0:00,19109,31Mar1971,24180,0,0,0,6459,927.3
4/1/2060 0:00,12135,30Apr1971,7846,0,0,0,0,720.3
5/1/2060 0:00,7185,31May1971,10444,0,0,0,0,600.8
6/1/2060 0:00,10946,30Jun1971,9365,0,0,0,0,377.9
7/1/2060 0:00,12314,31Jul1971,15568,0,0,0,0,222
8/1/2060 0:00,9159,31Aug1971,9052,0,0,0,0,176.3
9/1/2060 0:00,5763,30Sep1971,13421,0,0,0,0,148.4
10/1/2060 0:00,5051,31Oct1971,9767,0,0,0,0,120
11/1/2060 0:00,5189,30Nov1971,12958,0,0,0,0,140.1
12/1/2060 0:00,5982,31Dec1971,5995,0,0,0,0,219.8
1/1/2061 0:00,5517,31Jan1972,6038,0,0,0,0,261.9
2/1/2061 0:00,7071,29Feb1972,6562,0,0,0,0,404.9
3/1/2061 0:00,12143,31Mar1972,10592,0,0,0,0,528.4
4/1/2061 0:00,9451,30Apr1972,8588,0,0,0,0,517
5/1/2061 0:00,6875,31May1972,7618,0,0,0,0,318
6/1/2061 0:00,15082,30Jun1972,13596,0,0,0,0,198.1
7/1/2061 0:00,14420,31Jul1972,14757,0,0,0,0,134
8/1/2061 0:00,8216,31Aug1972,8585,0,0,0,0,116.9
9/1/2061 0:00,4137,30Sep1972,4539,0,0,0,0,114.4
10/1/2061 0:00,4153,31Oct1972,5218,0,0,0,0,138
11/1/2061 0:00,5643,30Nov1972,11625,0,0,0,0,270.1
12/1/2061 0:00,6005,31Dec1972,11892,0,0,0,0,313.4
1/1/2062 0:00,16233,31Jan1973,27326,0,0,8509,10955,1055.3
2/1/2062 0:00,40847,28Feb1973,32335,0,0,11619,11662,1150.4
3/1/2062 0:00,19946,31Mar1973,16115,0,0,0,5581,901.1
4/1/2062 0:00,10622,30Apr1973,5782,0,0,0,0,622.4
5/1/2062 0:00,7482,31May1973,7388,0,0,0,0,571.5
6/1/2062 0:00,16183,30Jun1973,13096,0,0,0,0,302
7/1/2062 0:00,11876,31Jul1973,14657,0,0,0,0,185.1
8/1/2062 0:00,9087,31Aug1973,9027,0,0,0,0,138
9/1/2062 0:00,4807,30Sep1973,8616,0,0,0,0,129.2
10/1/2062 0:00,5121,31Oct1973,6364,0,0,0,0,142.3
11/1/2062 0:00,13289,30Nov1973,40530,0,0,12661,11898,1275.6
12/1/2062 0:00,31508,31Dec1973,33827,0,0,10604,11431,1069.4
1/1/2063 0:00,43913,31Jan1974,58898,0,5275,31203,16112,1844.4
2/1/2063 0:00,17820,28Feb1974,10397,0,0,0,0,689.7
3/1/2063 0:00,45195,31Mar1974,46781,0,0,16140,12689,1922.9
4/1/2063 0:00,19372,30Apr1974,14843,0,0,0,5334,1176
5/1/2063 0:00,9778,31May1974,7921,0,0,0,0,569
6/1/2063 0:00,15053,30Jun1974,10486,0,0,0,0,370
7/1/2063 0:00,11123,31Jul1974,12288,0,0,0,0,251.8
8/1/2063 0:00,9816,31Aug1974,9201,0,0,0,0,188
9/1/2063 0:00,5856,30Sep1974,12555,0,0,0,0,162.2
10/1/2063 0:00,4841,31Oct1974,7735,0,0,0,0,148.7
11/1/2063 0:00,5140,30Nov1974,13120,0,0,0,0,167.5
12/1/2063 0:00,6835,31Dec1974,6291,0,0,0,0,228.9
1/1/2064 0:00,4934,31Jan1975,5896,0,0,0,0,239
2/1/2064 0:00,11415,28Feb1975,15379,0,0,0,6549,856.6
3/1/2064 0:00,43273,31Mar1975,42197,0,0,18209,13159,1236.5
4/1/2064 0:00,18566,30Apr1975,7458,0,0,0,0,706.2
5/1/2064 0:00,7056,31May1975,12445,0,0,0,0,818.8
6/1/2064 0:00,13473,30Jun1975,10514,0,0,0,0,481.7
7/1/2064 0:00,9396,31Jul1975,12841,0,0,0,0,275.7
8/1/2064 0:00,8497,31Aug1975,8864,0,0,0,0,228.9
9/1/2064 0:00,5984,30Sep1975,15209,0,0,0,0,153.7
10/1/2064 0:00,6035,31Oct1975,8660,0,0,0,0,168.3
11/1/2064 0:00,5948,30Nov1975,8581,0,0,0,0,190.8
12/1/2064 0:00,4465,31Dec1975,5153,0,0,0,0,191.1
1/1/2065 0:00,4085,31Jan1976,4604,0,0,0,0,153.6
2/1/2065 0:00,4600,29Feb1976,6967,0,0,0,0,213.1
3/1/2065 0:00,8116,31Mar1976,6004,0,0,0,0,305.5
4/1/2065 0:00,5861,30Apr1976,8089,0,0,0,0,302.2
5/1/2065 0:00,6676,31May1976,11743,0,0,0,0,217.3
6/1/2065 0:00,10814,30Jun1976,10707,0,0,0,0,138.4
7/1/2065 0:00,12803,31Jul1976,13571,0,0,0,0,102.9
8/1/2065 0:00,5972,31Aug1976,9270,0,0,0,0,114.4
9/1/2065 0:00,4793,30Sep1976,6194,0,0,0,0,103
10/1/2065 0:00,5790,31Oct1976,7652,0,0,0,0,82.5
11/1/2065 0:00,4176,30Nov1976,6455,0,0,0,0,91.8
12/1/2065 0:00,3627,31Dec1976,5626,0,0,0,0,93.6
1/1/2066 0:00,4112,31Jan1977,4743,0,0,0,0,112.7
2/1/2066 0:00,3905,28Feb1977,4402,0,0,0,0,110.7
3/1/2066 0:00,4102,31Mar1977,4378,0,0,0,0,120.6
4/1/2066 0:00,6031,30Apr1977,6194,0,0,0,0,111.5
5/1/2066 0:00,4132,31May1977,5227,0,0,0,0,130.2
6/1/2066 0:00,13097,30Jun1977,8796,0,0,0,0,77.1
7/1/2066 0:00,11683,31Jul1977,12218,0,0,0,0,52.4
8/1/2066 0:00,8626,31Aug1977,7858,0,0,0,0,49.2
9/1/2066 0:00,3892,30Sep1977,4149,0,0,0,0,65.6
10/1/2066 0:00,11022,31Oct1977,4762,0,0,0,0,88.1
11/1/2066 0:00,4230,30Nov1977,4848,0,0,0,0,134.9
12/1/2066 0:00,6230,31Dec1977,9043,0,0,0,0,308.5
1/1/2067 0:00,18128,31Jan1978,28237,0,0,13400,12066,1346.6
2/1/2067 0:00,18886,28Feb1978,26477,0,0,7193,10656,921.7
3/1/2067 0:00,21762,31Mar1978,26676,0,0,6697,10543,1364.6
4/1/2067 0:00,19890,30Apr1978,13255,0,0,0,7,973.2
5/1/2067 0:00,8311,31May1978,9979,0,0,0,0,649.7
6/1/2067 0:00,14029,30Jun1978,11019,0,0,0,0,396.4
7/1/2067 0:00,13010,31Jul1978,13066,0,0,0,0,218.7
8/1/2067 0:00,9977,31Aug1978,9424,0,0,0,0,161.6
9/1/2067 0:00,5613,30Sep1978,7614,0,0,0,0,113
10/1/2067 0:00,5539,31Oct1978,7931,0,0,0,0,114.2
11/1/2067 0:00,4705,30Nov1978,9846,0,0,0,0,124.6
12/1/2067 0:00,4168,31Dec1978,5959,0,0,0,0,117.4
1/1/2068 0:00,4877,31Jan1979,7198,0,0,0,0,258.9
2/1/2068 0:00,8247,28Feb1979,10849,0,0,0,0,543
3/1/2068 0:00,18481,31Mar1979,7802,0,0,0,0,614.3
4/1/2068 0:00,10029,30Apr1979,5407,0,0,0,0,538.4
5/1/2068 0:00,6999,31May1979,7340,0,0,0,0,559.6
6/1/2068 0:00,15672,30Jun1979,10922,0,0,0,0,242.6
7/1/2068 0:00,10519,31Jul1979,12530,0,0,0,0,149.6
8/1/2068 0:00,8419,31Aug1979,8814,0,0,0,0,157.6
9/1/2068 0:00,5276,30Sep1979,5289,0,0,0,0,108
10/1/2068 0:00,4184,31Oct1979,5742,0,0,0,0,152.2
11/1/2068 0:00,5382,30Nov1979,6118,0,0,0,0,211.5
12/1/2068 0:00,7252,31Dec1979,9248,0,0,0,0,326.5
1/1/2069 0:00,8484,31Jan1980,27547,0,0,9871,11264,1546.1
2/1/2069 0:00,42524,29Feb1980,47020,0,270,23454,14351,1712.4
3/1/2069 0:00,19597,31Mar1980,10737,0,0,0,0,830.6
4/1/2069 0:00,12238,30Apr1980,7001,0,0,0,0,564.6
5/1/2069 0:00,7577,31May1980,8136,0,0,0,0,492.3
6/1/2069 0:00,12055,30Jun1980,11553,0,0,0,0,309.4
7/1/2069 0:00,10771,31Jul1980,11499,0,0,0,0,196.2
8/1/2069 0:00,9574,31Aug1980,9250,0,0,0,0,170.9
9/1/2069 0:00,5096,30Sep1980,5872,0,0,0,0,117.1
10/1/2069 0:00,5097,31Oct1980,6543,0,0,0,0,115.4
11/1/2069 0:00,3811,30Nov1980,11342,0,0,0,0,132.4
12/1/2069 0:00,4731,31Dec1980,5918,0,0,0,0,260.9
1/1/2070 0:00,6951,31Jan1981,9782,0,0,0,0,324.2
2/1/2070 0:00,7973,28Feb1981,8903,0,0,0,0,423.7
3/1/2070 0:00,15510,31Mar1981,10174,0,0,0,0,526.6
4/1/2070 0:00,10362,30Apr1981,5361,0,0,0,0,400.3
5/1/2070 0:00,7977,31May1981,9090,0,0,0,0,289.4
6/1/2070 0:00,16449,30Jun1981,14862,0,0,0,0,178.1
7/1/2070 0:00,14615,31Jul1981,14939,0,0,0,0,142.3
8/1/2070 0:00,9264,31Aug1981,10064,0,0,0,0,104.4
9/1/2070 0:00,5792,30Sep1981,6168,0,0,0,0,68.6
10/1/2070 0:00,4296,31Oct1981,4919,0,0,0,0,143.8
11/1/2070 0:00,8445,30Nov1981,15718,0,0,0,2599,1124.9
12/1/2070 0:00,32106,31Dec1981,38357,0,0,13123,12003,1269.2
1/1/2071 0:00,18269,31Jan1982,16779,0,0,0,5899,887.9
2/1/2071 0:00,22866,28Feb1982,33666,0,0,8174,10879,1192.3
3/1/2071 0:00,22602,31Mar1982,22114,0,0,0,7579,1021.7
4/1/2071 0:00,22072,30Apr1982,33955,0,0,10595,11429,1900.7
5/1/2071 0:00,9090,31May1982,6119,0,0,0,0,749.1
6/1/2071 0:00,10307,30Jun1982,9051,0,0,0,0,364.6
7/1/2071 0:00,9466,31Jul1982,10343,0,0,0,0,242.5
8/1/2071 0:00,9431,31Aug1982,8416,0,0,0,0,180.6
9/1/2071 0:00,10995,30Sep1982,8610,0,0,0,0,152.1
10/1/2071 0:00,9239,31Oct1982,8836,0,0,0,0,207.9
11/1/2071 0:00,11018,30Nov1982,10202,0,0,0,0,417.4
12/1/2071 0:00,17766,31Dec1982,24051,0,0,2611,9615,773.8
1/1/2072 0:00,40583,31Jan1983,31948,0,0,12621,11889,1032.9
2/1/2072 0:00,60366,28Feb1983,63831,0,8977,36936,17415,1924.8
3/1/2072 0:00,56431,31Mar1983,69136,0,13267,43579,18925,2638.5
4/1/2072 0:00,21098,30Apr1983,29758,0,0,7842,10803,1035.6
5/1/2072 0:00,11598,31May1983,14227,0,0,0,752,956.2
6/1/2072 0:00,11289,30Jun1983,14143,0,0,0,0,699.2
7/1/2072 0:00,9207,31Jul1983,13123,0,0,0,0,335.8
8/1/2072 0:00,8378,31Aug1983,13096,0,0,0,0,231.8
9/1/2072 0:00,11934,30Sep1983,12828,0,0,0,0,174.4
10/1/2072 0:00,10688,31Oct1983,9940,0,0,0,0,189.2
11/1/2072 0:00,17720,30Nov1983,20697,0,0,0,6719,673.3
12/1/2072 0:00,37583,31Dec1983,53470,0,4588,30140,15871,1740.5
1/1/2073 0:00,16824,31Jan1984,14930,0,0,0,2670,756.9
2/1/2073 0:00,11112,29Feb1984,8407,0,0,0,0,624
3/1/2073 0:00,17823,31Mar1984,13056,0,0,0,0,755.1
4/1/2073 0:00,11614,30Apr1984,6779,0,0,0,0,518.3
5/1/2073 0:00,7101,31May1984,8106,0,0,0,0,415.9
6/1/2073 0:00,12517,30Jun1984,10908,0,0,0,0,293.3
7/1/2073 0:00,13182,31Jul1984,14619,0,0,0,0,207.1
8/1/2073 0:00,7630,31Aug1984,8365,0,0,0,0,178.5
9/1/2073 0:00,5590,30Sep1984,15351,0,0,0,0,136.5
10/1/2073 0:00,6518,31Oct1984,8692,0,0,0,0,140.7
11/1/2073 0:00,14787,30Nov1984,10346,0,0,0,0,408.8
12/1/2073 0:00,14068,31Dec1984,6663,0,0,0,0,283.1
1/1/2074 0:00,5127,31Jan1985,4964,0,0,0,0,188.7
2/1/2074 0:00,5921,28Feb1985,5904,0,0,0,0,353.7
3/1/2074 0:00,11166,31Mar1985,5692,0,0,0,0,336.1
4/1/2074 0:00,8827,30Apr1985,7013,0,0,0,0,437.9
5/1/2074 0:00,10233,31May1985,9116,0,0,0,0,288.1
6/1/2074 0:00,14269,30Jun1985,11410,0,0,0,0,165.9
7/1/2074 0:00,14888,31Jul1985,14439,0,0,0,0,144
8/1/2074 0:00,7948,31Aug1985,13512,0,0,0,0,130.8
9/1/2074 0:00,4375,30Sep1985,6028,0,0,0,0,104.4
10/1/2074 0:00,5473,31Oct1985,6042,0,0,0,0,115.9
11/1/2074 0:00,4867,30Nov1985,6787,0,0,0,0,168.4
12/1/2074 0:00,5021,31Dec1985,6398,0,0,0,0,245.2
1/1/2075 0:00,6801,31Jan1986,9056,0,0,0,0,577.8
2/1/2075 0:00,57191,28Feb1986,68192,0,11633,41049,18350,3019.9
3/1/2075 0:00,26876,31Mar1986,33474,0,0,16030,12664,1409.2
4/1/2075 0:00,14188,30Apr1986,5516,0,0,0,0,609.2
5/1/2075 0:00,6341,31May1986,9063,0,0,0,0,480.4
6/1/2075 0:00,13177,30Jun1986,11380,0,0,0,0,251.7
7/1/2075 0:00,11510,31Jul1986,13864,0,0,0,0,146.1
8/1/2075 0:00,8811,31Aug1986,9758,0,0,0,0,110.9
9/1/2075 0:00,4128,30Sep1986,7102,0,0,0,0,175.3
10/1/2075 0:00,4649,31Oct1986,5407,0,0,0,0,150.7
11/1/2075 0:00,3923,30Nov1986,8774,0,0,0,0,132.6
12/1/2075 0:00,3881,31Dec1986,4504,0,0,0,0,128.3
1/1/2076 0:00,4932,31Jan1987,6316,0,0,0,0,194
2/1/2076 0:00,5671,28Feb1987,7641,0,0,0,0,387.1
3/1/2076 0:00,16389,31Mar1987,9756,0,0,0,0,769.7
4/1/2076 0:00,9396,30Apr1987,7873,0,0,0,0,356.3
5/1/2076 0:00,7510,31May1987,9860,0,0,0,0,234.1
6/1/2076 0:00,14406,30Jun1987,14947,0,0,0,0,129.3
7/1/2076 0:00,12090,31Jul1987,15025,0,0,0,0,113.9
8/1/2076 0:00,9297,31Aug1987,10639,0,0,0,0,104.2
9/1/2076 0:00,4663,30Sep1987,5191,0,0,0,0,71.3
10/1/2076 0:00,4799,31Oct1987,7069,0,0,0,0,81
11/1/2076 0:00,3986,30Nov1987,5924,0,0,0,0,116.1
12/1/2076 0:00,5491,31Dec1987,9202,0,0,0,0,456
1/1/2077 0:00,8791,31Jan1988,10531,0,0,0,0,507.2
2/1/2077 0:00,6341,29Feb1988,4848,0,0,0,0,307.3
3/1/2077 0:00,8598,31Mar1988,5215,0,0,0,0,317.2
4/1/2077 0:00,7703,30Apr1988,6855,0,0,0,0,322.6
5/1/2077 0:00,5647,31May1988,7985,0,0,0,0,294.1
6/1/2077 0:00,11978,30Jun1988,13510,0,0,0,0,199.7
7/1/2077 0:00,14413,31Jul1988,14570,0,0,0,0,123.9
8/1/2077 0:00,9159,31Aug1988,8748,0,0,0,0,107.4
9/1/2077 0:00,4655,30Sep1988,4706,0,0,0,0,59.7
10/1/2077 0:00,4598,31Oct1988,5694,0,0,0,0,73.7
11/1/2077 0:00,4906,30Nov1988,6383,0,0,0,0,198.7
12/1/2077 0:00,5528,31Dec1988,4933,0,0,0,0,165.1
1/1/2078 0:00,5093,31Jan1989,5961,0,0,0,0,193.9
2/1/2078 0:00,4504,28Feb1989,4658,0,0,0,0,204
3/1/2078 0:00,10656,31Mar1989,14319,0,0,0,3844,1248.3
4/1/2078 0:00,10646,30Apr1989,6142,0,0,0,0,576.3
5/1/2078 0:00,7202,31May1989,11694,0,0,0,0,298.1
6/1/2078 0:00,11661,30Jun1989,9872,0,0,0,0,167.2
7/1/2078 0:00,12704,31Jul1989,14798,0,0,0,0,126.6
8/1/2078 0:00,8502,31Aug1989,10531,0,0,0,0,113.8
9/1/2078 0:00,4407,30Sep1989,4046,0,0,0,0,81.1
10/1/2078 0:00,4769,31Oct1989,5426,0,0,0,0,162.9
11/1/2078 0:00,4372,30Nov1989,5226,0,0,0,0,158.5
12/1/2078 0:00,3862,31Dec1989,4519,0,0,0,0,124.9
1/1/2079 0:00,5287,31Jan1990,7484,0,0,0,0,302
2/1/2079 0:00,4982,28Feb1990,4959,0,0,0,0,245.1
3/1/2079 0:00,9398,31Mar1990,5759,0,0,0,0,392.1
4/1/2079 0:00,6930,30Apr1990,4594,0,0,0,0,269.6
5/1/2079 0:00,5183,31May1990,5849,0,0,0,0,243.5
6/1/2079 0:00,14944,30Jun1990,6858,0,0,0,0,236.9
7/1/2079 0:00,12589,31Jul1990,9946,0,0,0,0,140.7
8/1/2079 0:00,8473,31Aug1990,6044,0,0,0,0,99.6
9/1/2079 0:00,5195,30Sep1990,4373,0,0,0,0,67
10/1/2079 0:00,4096,31Oct1990,4328,0,0,0,0,72.9
11/1/2079 0:00,3781,30Nov1990,4204,0,0,0,0,91.3
12/1/2079 0:00,3871,31Dec1990,3972,0,0,0,0,85.3
1/1/2080 0:00,3896,31Jan1991,3984,0,0,0,0,86.8
2/1/2080 0:00,4229,28Feb1991,4421,0,0,0,0,113.3
3/1/2080 0:00,6242,31Mar1991,9332,0,0,0,0,678.9
4/1/2080 0:00,5071,30Apr1991,5041,0,0,0,0,477.3
5/1/2080 0:00,6178,31May1991,5996,0,0,0,0,341
6/1/2080 0:00,9278,30Jun1991,6855,0,0,0,0,179.4
7/1/2080 0:00,6598,31Jul1991,8938,0,0,0,0,117.8
8/1/2080 0:00,6419,31Aug1991,7464,0,0,0,0,76
9/1/2080 0:00,5195,30Sep1991,4281,0,0,0,0,83.3
10/1/2080 0:00,5092,31Oct1991,5007,0,0,0,0,64.2
11/1/2080 0:00,3996,30Nov1991,6012,0,0,0,0,76.3
12/1/2080 0:00,4342,31Dec1991,4711,0,0,0,0,104.4
1/1/2081 0:00,4479,31Jan1992,5065,0,0,0,0,144.5
2/1/2081 0:00,6666,29Feb1992,11153,0,0,0,410,638.4
3/1/2081 0:00,6144,31Mar1992,7569,0,0,0,0,499.3
4/1/2081 0:00,8058,30Apr1992,5359,0,0,0,0,398.1
5/1/2081 0:00,11495,31May1992,8059,0,0,0,0,242.4
6/1/2081 0:00,11238,30Jun1992,9075,0,0,0,0,137.7
7/1/2081 0:00,11553,31Jul1992,11699,0,0,0,0,123.6
8/1/2081 0:00,9110,31Aug1992,8081,0,0,0,0,85.1
9/1/2081 0:00,5895,30Sep1992,3913,0,0,0,0,51.4
10/1/2081 0:00,4205,31Oct1992,4609,0,0,0,0,112.7
11/1/2081 0:00,3825,30Nov1992,4488,0,0,0,0,101.5
12/1/2081 0:00,5246,31Dec1992,7381,0,0,0,0,262.3
1/1/2082 0:00,12592,31Jan1993,15538,0,0,2809,9660,1002.7
2/1/2082 0:00,12345,28Feb1993,14697,0,0,1526,9368,1049.6
3/1/2082 0:00,21276,31Mar1993,27213,0,0,2492,9588,1054.2
4/1/2082 0:00,15496,30Apr1993,10617,0,0,0,0,821.6
5/1/2082 0:00,7087,31May1993,12530,0,0,0,0,634.1
6/1/2082 0:00,12545,30Jun1993,10992,0,0,0,0,477.3
7/1/2082 0:00,11650,31Jul1993,14294,0,0,0,0,209.2
8/1/2082 0:00,10118,31Aug1993,8502,0,0,0,0,157.7
9/1/2082 0:00,6201,30Sep1993,9596,0,0,0,0,119.7
10/1/2082 0:00,6572,31Oct1993,7062,0,0,0,0,119.8
11/1/2082 0:00,4879,30Nov1993,10703,0,0,0,0,120.6
12/1/2082 0:00,4457,31Dec1993,5555,0,0,0,0,234.9
1/1/2083 0:00,5106,31Jan1994,5464,0,0,0,0,200.2
2/1/2083 0:00,6013,28Feb1994,7782,0,0,0,0,389.3
3/1/2083 0:00,10189,31Mar1994,5639,0,0,0,0,346.9
4/1/2083 0:00,7063,30Apr1994,8377,0,0,0,0,299.8
5/1/2083 0:00,6481,31May1994,7236,0,0,0,0,285.4
6/1/2083 0:00,16514,30Jun1994,11714,0,0,0,0,156.4
7/1/2083 0:00,15605,31Jul1994,14129,0,0,0,0,115.1
8/1/2083 0:00,15681,31Aug1994,10584,0,0,0,0,77.3
9/1/2083 0:00,7669,30Sep1994,4402,0,0,0,0,78.2
10/1/2083 0:00,11173,31Oct1994,5263,0,0,0,0,84.1
11/1/2083 0:00,4486,30Nov1994,5501,0,0,0,0,122.3
12/1/2083 0:00,5233,31Dec1994,6018,0,0,0,0,245.4
1/1/2084 0:00,24291,31Jan1995,41560,0,3599,28609,15523,2318.2
2/1/2084 0:00,15973,28Feb1995,17121,0,0,61,9035,792.2
3/1/2084 0:00,64225,31Mar1995,71497,0,11188,40360,18193,2743.8
4/1/2084 0:00,21383,30Apr1995,14032,0,0,0,0,1594
5/1/2084 0:00,12793,31May1995,16306,0,0,0,3807,1386.5
6/1/2084 0:00,10238,30Jun1995,9771,0,0,0,0,645.4
7/1/2084 0:00,13490,31Jul1995,9824,0,0,0,0,279.7
8/1/2084 0:00,14227,31Aug1995,10981,0,0,0,0,185.3
9/1/2084 0:00,12754,30Sep1995,12261,0,0,0,0,120.6
10/1/2084 0:00,9451,31Oct1995,8318,0,0,0,0,132
11/1/2084 0:00,6847,30Nov1995,12667,0,0,0,0,120.5
12/1/2084 0:00,7494,31Dec1995,8414,0,0,0,0,387.5
1/1/2085 0:00,14611,31Jan1996,13466,0,0,0,1971,504.1
2/1/2085 0:00,41287,29Feb1996,48339,0,2087,26268,14991,1525
3/1/2085 0:00,19841,31Mar1996,19587,0,0,0,7041,973.9
4/1/2085 0:00,14147,30Apr1996,7222,0,0,0,0,786.7
5/1/2085 0:00,9939,31May1996,13769,0,0,0,0,838.5
6/1/2085 0:00,10896,30Jun1996,9283,0,0,0,0,368.5
7/1/2085 0:00,11446,31Jul1996,13659,0,0,0,0,181.8
8/1/2085 0:00,9265,31Aug1996,8698,0,0,0,0,125.2
9/1/2085 0:00,5113,30Sep1996,12183,0,0,0,0,171.9
10/1/2085 0:00,8622,31Oct1996,10867,0,0,0,0,141.9
11/1/2085 0:00,7654,30Nov1996,12659,0,0,0,0,227.9
12/1/2085 0:00,39559,31Dec1996,30430,0,0,2926,9686,1901.2
1/1/2086 0:00,52672,31Jan1997,54280,0,6429,32990,16518,2993.8
2/1/2086 0:00,12710,28Feb1997,8491,0,0,0,0,670.1
3/1/2086 0:00,17169,31Mar1997,6588,0,0,0,0,335.1
4/1/2086 0:00,11232,30Apr1997,8926,0,0,0,0,300.3
5/1/2086 0:00,7527,31May1997,9383,0,0,0,0,218.8
6/1/2086 0:00,13097,30Jun1997,10809,0,0,0,0,187.3
7/1/2086 0:00,13695,31Jul1997,14017,0,0,0,0,167.6
8/1/2086 0:00,8636,31Aug1997,8039,0,0,0,0,157.3
9/1/2086 0:00,5183,30Sep1997,15022,0,0,0,0,127.2
10/1/2086 0:00,6917,31Oct1997,9668,0,0,0,0,151.8
11/1/2086 0:00,5099,30Nov1997,13070,0,0,0,0,279.9
12/1/2086 0:00,10592,31Dec1997,7027,0,0,0,0,358.8
1/1/2087 0:00,40619,31Jan1998,30402,0,0,12950,11964,1469.9
2/1/2087 0:00,67056,28Feb1998,85747,10307,16820,49080,20175,2402.9
3/1/2087 0:00,36040,31Mar1998,29943,0,0,8067,10855,1057.6
4/1/2087 0:00,19764,30Apr1998,10842,0,0,0,0,941.3
5/1/2087 0:00,17476,31May1998,20692,0,0,0,5248,1161.1
6/1/2087 0:00,18277,30Jun1998,20659,0,0,0,6562,820.1
7/1/2087 0:00,14568,31Jul1998,14297,0,0,0,0,377.8
8/1/2087 0:00,14149,31Aug1998,12976,0,0,0,0,224.3
9/1/2087 0:00,12663,30Sep1998,12638,0,0,0,0,194.3
10/1/2087 0:00,10329,31Oct1998,10470,0,0,0,0,189.8
11/1/2087 0:00,13030,30Nov1998,15176,0,0,0,0,375
12/1/2087 0:00,16129,31Dec1998,15819,0,0,0,1531,486.1
1/1/2088 0:00,16628,31Jan1999,11631,0,0,0,0,551.1
2/1/2088 0:00,30719,28Feb1999,38053,0,0,20109,13591,1382.4
3/1/2088 0:00,22714,31Mar1999,20922,0,0,94,9043,950.6
4/1/2088 0:00,17503,30Apr1999,7592,0,0,0,0,669.2
5/1/2088 0:00,7141,31May1999,10052,0,0,0,0,469.5
6/1/2088 0:00,11262,30Jun1999,9734,0,0,0,0,338.9
7/1/2088 0:00,12716,31Jul1999,14491,0,0,0,0,201.4
8/1/2088 0:00,8657,31Aug1999,8849,0,0,0,0,181.5
9/1/2088 0:00,6088,30Sep1999,14454,0,0,0,0,153.1
10/1/2088 0:00,7554,31Oct1999,11067,0,0,0,0,133
11/1/2088 0:00,7777,30Nov1999,14956,0,0,0,0,205.3
12/1/2088 0:00,6982,31Dec1999,7089,0,0,0,0,188.9
1/1/2089 0:00,13569,31Jan2000,8728,0,0,0,0,438.5
2/1/2089 0:00,52476,29Feb2000,47931,0,561,23905,14454,1467.6
3/1/2089 0:00,20741,31Mar2000,18775,0,0,1244,9304,1115.1
4/1/2089 0:00,16892,30Apr2000,7676,0,0,0,0,641.5
5/1/2089 0:00,7724,31May2000,7313,0,0,0,0,390.9
6/1/2089 0:00,13098,30Jun2000,12204,0,0,0,0,268.1
7/1/2089 0:00,11420,31Jul2000,13618,0,0,0,0,169.1
8/1/2089 0:00,9181,31Aug2000,9801,0,0,0,0,157.7
9/1/2089 0:00,4693,30Sep2000,10646,0,0,0,0,149.3
10/1/2089 0:00,6111,31Oct2000,9509,0,0,0,0,147.8
11/1/2089 0:00,5242,30Nov2000,12518,0,0,0,0,124.5
12/1/2089 0:00,4153,31Dec2000,7054,0,0,0,0,136.5
1/1/2090 0:00,5155,31Jan2001,6643,0,0,0,0,173.5
2/1/2090 0:00,5785,28Feb2001,9086,0,0,0,0,417.9
3/1/2090 0:00,12170,31Mar2001,9131,0,0,0,0,541.3
4/1/2090 0:00,9707,30Apr2001,7584,0,0,0,0,386.7
5/1/2090 0:00,10788,31May2001,10616,0,0,0,0,290.7
6/1/2090 0:00,16043,30Jun2001,13878,0,0,0,0,189.2
7/1/2090 0:00,12765,31Jul2001,14151,0,0,0,0,131.7
8/1/2090 0:00,9147,31Aug2001,9522,0,0,0,0,114
9/1/2090 0:00,4727,30Sep2001,5429,0,0,0,0,101.2
10/1/2090 0:00,4551,31Oct2001,9663,0,0,0,0,97.8
11/1/2090 0:00,5264,30Nov2001,6401,0,0,0,0,233.5
12/1/2090 0:00,9500,31Dec2001,14218,0,0,0,1341,605.4
1/1/2091 0:00,12067,31Jan2002,20820,0,0,3015,9706,696.4
2/1/2091 0:00,9077,28Feb2002,8011,0,0,0,0,444.3
3/1/2091 0:00,12591,31Mar2002,6910,0,0,0,0,548
4/1/2091 0:00,8924,30Apr2002,7681,0,0,0,0,454.8
5/1/2091 0:00,8972,31May2002,9185,0,0,0,0,278.2
6/1/2091 0:00,13353,30Jun2002,12253,0,0,0,0,202.1
7/1/2091 0:00,13070,31Jul2002,14021,0,0,0,0,129.8
8/1/2091 0:00,9771,31Aug2002,9369,0,0,0,0,123.1
9/1/2091 0:00,5285,30Sep2002,5885,0,0,0,0,104.5
10/1/2091 0:00,5351,31Oct2002,8396,0,0,0,0,87.9
11/1/2091 0:00,4119,30Nov2002,7308,0,0,0,0,146
12/1/2091 0:00,17201,31Dec2002,22684,0,0,0,8990,1039
1/1/2092 0:00,28453,31Jan2003,29147,0,0,10361,11376,1156.2
2/1/2092 0:00,7858,28Feb2003,7585,0,0,0,0,591.4
3/1/2092 0:00,16252,31Mar2003,8396,0,0,0,0,754.7
4/1/2092 0:00,16895,30Apr2003,16467,0,0,0,0,1191.2
5/1/2092 0:00,8166,31May2003,18463,0,0,0,5235,1018.3
6/1/2092 0:00,15306,30Jun2003,9938,0,0,0,0,416.6
7/1/2092 0:00,13044,31Jul2003,14695,0,0,0,0,191.3
8/1/2092 0:00,8556,31Aug2003,9717,0,0,0,0,163.7
9/1/2092 0:00,6562,30Sep2003,10789,0,0,0,0,137.1
10/1/2092 0:00,6403,,,,,,,
11/1/2092 0:00,4369,,,,,,,
12/1/2092 0:00,12621,,,,,,,
1/1/2093 0:00,14165,,,,,,,
2/1/2093 0:00,45098,,,,,,,
3/1/2093 0:00,18740,,,,,,,
4/1/2093 0:00,9977,,,,,,,
5/1/2093 0:00,10602,,,,,,,
6/1/2093 0:00,15351,,,,,,,
7/1/2093 0:00,16502,,,,,,,
8/1/2093 0:00,10907,,,,,,,
9/1/2093 0:00,7236,,,,,,,
10/1/2093 0:00,4373,,,,,,,
11/1/2093 0:00,4187,,,,,,,
12/1/2093 0:00,6334,,,,,,,
1/1/2094 0:00,7283,,,,,,,
2/1/2094 0:00,7604,,,,,,,
3/1/2094 0:00,18276,,,,,,,
4/1/2094 0:00,10772,,,,,,,
5/1/2094 0:00,8813,,,,,,,
6/1/2094 0:00,11108,,,,,,,
7/1/2094 0:00,11252,,,,,,,
8/1/2094 0:00,9022,,,,,,,
9/1/2094 0:00,4926,,,,,,,
10/1/2094 0:00,6336,,,,,,,
11/1/2094 0:00,5891,,,,,,,
12/1/2094 0:00,30574,,,,,,,
1/1/2095 0:00,33936,,,,,,,
2/1/2095 0:00,25734,,,,,,,
3/1/2095 0:00,25861,,,,,,,
4/1/2095 0:00,24799,,,,,,,
5/1/2095 0:00,18790,,,,,,,
6/1/2095 0:00,13035,,,,,,,
7/1/2095 0:00,10539,,,,,,,
8/1/2095 0:00,9390,,,,,,,
9/1/2095 0:00,11297,,,,,,,
10/1/2095 0:00,9297,,,,,,,
11/1/2095 0:00,7073,,,,,,,
12/1/2095 0:00,9639,,,,,,,
1/1/2096 0:00,5161,,,,,,,
2/1/2096 0:00,7808,,,,,,,
3/1/2096 0:00,11873,,,,,,,
4/1/2096 0:00,8513,,,,,,,
5/1/2096 0:00,7226,,,,,,,
6/1/2096 0:00,11956,,,,,,,
7/1/2096 0:00,12775,,,,,,,
8/1/2096 0:00,9508,,,,,,,
9/1/2096 0:00,4998,,,,,,,
10/1/2096 0:00,5624,,,,,,,
11/1/2096 0:00,4223,,,,,,,
12/1/2096 0:00,4333,,,,,,,
1/1/2097 0:00,7766,,,,,,,
2/1/2097 0:00,11667,,,,,,,
3/1/2097 0:00,12913,,,,,,,
4/1/2097 0:00,8333,,,,,,,
5/1/2097 0:00,6958,,,,,,,
6/1/2097 0:00,13765,,,,,,,
7/1/2097 0:00,12126,,,,,,,
8/1/2097 0:00,10387,,,,,,,
9/1/2097 0:00,4802,,,,,,,
10/1/2097 0:00,5157,,,,,,,
11/1/2097 0:00,4129,,,,,,,
12/1/2097 0:00,4425,,,,,,,
1/1/2098 0:00,4404,,,,,,,
2/1/2098 0:00,6829,,,,,,,
3/1/2098 0:00,12494,,,,,,,
4/1/2098 0:00,9390,,,,,,,
5/1/2098 0:00,7199,,,,,,,
6/1/2098 0:00,13510,,,,,,,
7/1/2098 0:00,12029,,,,,,,
8/1/2098 0:00,7967,,,,,,,
9/1/2098 0:00,5060,,,,,,,
10/1/2098 0:00,4090,,,,,,,
11/1/2098 0:00,3798,,,,,,,
12/1/2098 0:00,4313,,,,,,,
1/1/2099 0:00,8815,,,,,,,
2/1/2099 0:00,13720,,,,,,,
3/1/2099 0:00,18946,,,,,,,
4/1/2099 0:00,13954,,,,,,,
5/1/2099 0:00,7249,,,,,,,
6/1/2099 0:00,12041,,,,,,,
7/1/2099 0:00,12546,,,,,,,
8/1/2099 0:00,8749,,,,,,,
9/1/2099 0:00,5742,,,,,,,
9/30/2099 0:00,5734,,,,,,,
