"date is the CalLite-CV date column, the next column with the name of a CalLite-CV element is the LocalInflow node (note occasional negative values...), cs_date is for my reference to avoid screwing up the 10/2014=10/1925 matching and it sounds like you can use it for something too, and the CalSim II records corresponding to the local inflows to the CalLite-CV element are listed afterward (I've got them in cfs now, to match the CalLite-CV data). 'matches for other csvs.csv' contains the mappings between the DSM streams and CalSim II elements, as a one-stop summary for which DSM streams are showing up in which specific .csvs like this one. I renamed the CalSim II elements that map to DSM streams in this csv; everything that still has a CalSim II name is one of the elements that contributes to the total (the denominator) but is NOT a DSM stream. Here we have only the Bear River (C282) and a small 'projected gain in DSA69' element I207 in the area the documentation considers the YubaFeather node's Local Inflow area. EXAMPLE CALCULATION: For 1/2015, Bear River has 12.24 cfs, the total of all inflows sum(D6:E6)=3138.24, and 12.24/3138.24=0.003901, the fraction of total CalSim II inflow in the Bear River. Applying that fraction to the CalLite-CV YubaFeather LocalInflow number we get Bear River DSM flow = 0.003901*258.1=1.01 cfs. Given the bizarre spikiness of I207, maybe the CSII Bear River numbers unadjusted for anything or the YubaFeather LocalInflows alone would be better representations of the Bear River...",,,,
date,YubaFeather,cs_date,Bear River,I207
10/1/2014 0:00,9.044,31Oct1925,11.79663096,0
11/1/2014 0:00,41.6,30Nov1925,10.04765156,0
12/1/2014 0:00,102.3,31Dec1925,11.21365139,0
1/1/2015 0:00,258.1,31Jan1926,12.24102738,3126
2/1/2015 0:00,749.3,28Feb1926,569.752426,83
3/1/2015 0:00,549.1,31Mar1926,165.3113431,964
4/1/2015 0:00,726.7,30Apr1926,1441.041958,570
5/1/2015 0:00,403.6,31May1926,20.91691501,325
6/1/2015 0:00,67.23,30Jun1926,15.01847376,0
7/1/2015 0:00,1.32,31Jul1926,8.868835159,0
8/1/2015 0:00,2.488,31Aug1926,16.3926278,0
9/1/2015 0:00,2.385,30Sep1926,11.09236,0
10/1/2015 0:00,20.32,31Oct1926,8.596690035,0
11/1/2015 0:00,1128,30Nov1926,16.71317227,1976
12/1/2015 0:00,604,31Dec1926,12.85212724,0
1/1/2016 0:00,447.2,31Jan1927,248.0702014,5151
2/1/2016 0:00,1182,28Feb1927,4474.770839,8004
3/1/2016 0:00,559.7,31Mar1927,1205.815569,4659
4/1/2016 0:00,496.4,30Apr1927,1702.517872,1173
5/1/2016 0:00,417.6,31May1927,187.4586464,244
6/1/2016 0:00,490.1,30Jun1927,1.680555581,558
7/1/2016 0:00,17.9,31Jul1927,0,0
8/1/2016 0:00,1.419,31Aug1927,0.062276692,0
9/1/2016 0:00,21.9,30Sep1927,4.690540484,0
10/1/2016 0:00,58.42,31Oct1927,12.01465539,0
11/1/2016 0:00,300.9,30Nov1927,13.13818044,0
12/1/2016 0:00,423.5,31Dec1927,14.47259027,0
1/1/2017 0:00,353.2,31Jan1928,11.17849403,3996
2/1/2017 0:00,440.4,29Feb1928,774.4319165,0
3/1/2017 0:00,924,31Mar1928,2259.529104,9587
4/1/2017 0:00,587.6,30Apr1928,971.2974851,694
5/1/2017 0:00,552,31May1928,0,0
6/1/2017 0:00,115.7,30Jun1928,1.680555581,0
7/1/2017 0:00,9.484,31Jul1928,0,0
8/1/2017 0:00,5.397,31Aug1928,8.601972842,0
9/1/2017 0:00,28.8,30Sep1928,9.871485218,0
10/1/2017 0:00,23.62,31Oct1928,9.011978732,0
11/1/2017 0:00,243.8,30Nov1928,11.36999609,0
12/1/2017 0:00,165.9,31Dec1928,11.01121065,0
1/1/2018 0:00,115.6,31Jan1929,10.892969,1748
2/1/2018 0:00,290,28Feb1929,17.27634829,0
3/1/2018 0:00,334.1,31Mar1929,12.36268124,924
4/1/2018 0:00,342.5,30Apr1929,14.28380373,0
5/1/2018 0:00,369.9,31May1929,1.62634411,0
6/1/2018 0:00,87.18,30Jun1929,1.680555581,0
7/1/2018 0:00,4.818,31Jul1929,0,0
8/1/2018 0:00,3.944,31Aug1929,0,0
9/1/2018 0:00,24.6,30Sep1929,0,0
10/1/2018 0:00,1.811,31Oct1929,0.12815852,0
11/1/2018 0:00,88.22,30Nov1929,10.19987025,0
12/1/2018 0:00,325.3,31Dec1929,16.93917731,0
1/1/2019 0:00,542.6,31Jan1930,17.66351635,4123
2/1/2019 0:00,635.4,28Feb1930,14.41863507,0
3/1/2019 0:00,617.2,31Mar1930,744.6429297,5538
4/1/2019 0:00,444.2,30Apr1930,553.7861954,2168
5/1/2019 0:00,431.7,31May1930,15.46887556,1591
6/1/2019 0:00,326,30Jun1930,11.69709685,602
7/1/2019 0:00,4.33,31Jul1930,5.653358641,0
8/1/2019 0:00,8.715,31Aug1930,15.64060869,0
9/1/2019 0:00,34.67,30Sep1930,2.286231898,24
10/1/2019 0:00,25.94,31Oct1930,0,0
11/1/2019 0:00,67.25,30Nov1930,9.482099862,0
12/1/2019 0:00,51.35,31Dec1930,9.277117421,0
1/1/2020 0:00,346.4,31Jan1931,10.41458552,0
2/1/2020 0:00,266.7,28Feb1931,11.76373989,423
3/1/2020 0:00,354.8,31Mar1931,10.66467887,0
4/1/2020 0:00,365.9,30Apr1931,16.58052311,0
5/1/2020 0:00,229,31May1931,0,0
6/1/2020 0:00,41.52,30Jun1931,28.66785194,0
7/1/2020 0:00,-4.761,31Jul1931,33.98223945,0
8/1/2020 0:00,-11.79,31Aug1931,46.60700161,0
9/1/2020 0:00,-11.97,30Sep1931,19.3286309,0
10/1/2020 0:00,-0.6742,31Oct1931,12.17890111,0
11/1/2020 0:00,78.14,30Nov1931,11.64104015,0
12/1/2020 0:00,451.3,31Dec1931,27.08908896,0
1/1/2021 0:00,487.8,31Jan1932,21.18613598,7795
2/1/2021 0:00,417.5,29Feb1932,352.7878562,1683
3/1/2021 0:00,428.5,31Mar1932,181.0496145,0
4/1/2021 0:00,364.5,30Apr1932,98.28205335,0
5/1/2021 0:00,231.7,31May1932,220.596375,67
6/1/2021 0:00,313.1,30Jun1932,1.494580136,141
7/1/2021 0:00,-19.37,31Jul1932,0,0
8/1/2021 0:00,-22.17,31Aug1932,6.68657771,0
9/1/2021 0:00,2.332,30Sep1932,11.24756573,0
10/1/2021 0:00,-18.39,31Oct1932,9.124763762,0
11/1/2021 0:00,-18.95,30Nov1932,9.982866314,0
12/1/2021 0:00,90.82,31Dec1932,9.808067289,59
1/1/2022 0:00,175.2,31Jan1933,10.90447453,444
2/1/2022 0:00,143.6,28Feb1933,13.63928906,2226
3/1/2022 0:00,382,31Mar1933,41.43662964,0
4/1/2022 0:00,259.8,30Apr1933,19.20686722,965
5/1/2022 0:00,216.9,31May1933,3.252688221,0
6/1/2022 0:00,364.7,30Jun1933,0,435
7/1/2022 0:00,-27.34,31Jul1933,0,0
8/1/2022 0:00,-35.59,31Aug1933,3.255822033,0
9/1/2022 0:00,-35.77,30Sep1933,0,0
10/1/2022 0:00,-24.14,31Oct1933,10.65699922,0
11/1/2022 0:00,-35,30Nov1933,11.41126906,0
12/1/2022 0:00,295.2,31Dec1933,14.29308692,0
1/1/2023 0:00,151,31Jan1934,13.66267514,3567
2/1/2023 0:00,322.3,28Feb1934,17.44235251,0
3/1/2023 0:00,377.2,31Mar1934,10.89844113,358
4/1/2023 0:00,229.3,30Apr1934,17.2615836,1755
5/1/2023 0:00,78.4,31May1934,0,0
6/1/2023 0:00,-18.19,30Jun1934,0,0
7/1/2023 0:00,-37.77,31Jul1934,0,0
8/1/2023 0:00,-43.11,31Aug1934,5.37827601,0
9/1/2023 0:00,-9.785,30Sep1934,6.424696827,0
10/1/2023 0:00,-19.87,31Oct1934,9.609153502,0
11/1/2023 0:00,216.9,30Nov1934,11.46449845,0
12/1/2023 0:00,211.2,31Dec1934,12.96890708,150
1/1/2024 0:00,655.8,31Jan1935,347.3691956,6548
2/1/2024 0:00,499.5,28Feb1935,764.762824,0
3/1/2024 0:00,663.2,31Mar1935,948.5096495,3807
4/1/2024 0:00,944.4,30Apr1935,1960.628035,719
5/1/2024 0:00,772.2,31May1935,272.4293304,2872
6/1/2024 0:00,198.3,30Jun1935,10.41845428,1079
7/1/2024 0:00,-33.4,31Jul1935,1.840808168,0
8/1/2024 0:00,-32.8,31Aug1935,8.91853247,0
9/1/2024 0:00,-6.727,30Sep1935,9.157336935,0
10/1/2024 0:00,59.45,31Oct1935,7.389693644,0
11/1/2024 0:00,-0.2426,30Nov1935,9.069673378,0
12/1/2024 0:00,114.4,31Dec1935,10.51006427,0
1/1/2025 0:00,663.7,31Jan1936,411.8032646,2978
2/1/2025 0:00,1794,29Feb1936,4200.365389,3133
3/1/2025 0:00,748.1,31Mar1936,1081.507501,6993
4/1/2025 0:00,700.5,30Apr1936,941.2510542,2185
5/1/2025 0:00,623.9,31May1936,106.3274755,0
6/1/2025 0:00,224.3,30Jun1936,1.680555581,91
7/1/2025 0:00,1.216,31Jul1936,0,0
8/1/2025 0:00,-17.8,31Aug1936,0,0
9/1/2025 0:00,35.3,30Sep1936,0,0
10/1/2025 0:00,-2.625,31Oct1936,11.02000749,0
11/1/2025 0:00,12.78,30Nov1936,10.35430869,0
12/1/2025 0:00,113.9,31Dec1936,11.74034278,0
1/1/2026 0:00,194.4,31Jan1937,11.28840099,891
2/1/2026 0:00,751.4,28Feb1937,602.021281,7271
3/1/2026 0:00,981.9,31Mar1937,1008.515892,7951
4/1/2026 0:00,691.5,30Apr1937,649.6008514,2027
5/1/2026 0:00,573.4,31May1937,215.0614051,346
6/1/2026 0:00,178.8,30Jun1937,13.65165048,103
7/1/2026 0:00,-5.421,31Jul1937,6.794958584,0
8/1/2026 0:00,-5.842,31Aug1937,17.02289321,0
9/1/2026 0:00,16.39,30Sep1937,12.86071802,0
10/1/2026 0:00,97.6,31Oct1937,8.092974803,0
11/1/2026 0:00,367,30Nov1937,11.03415675,0
12/1/2026 0:00,892,31Dec1937,334.890865,5982
1/1/2027 0:00,584.3,31Jan1938,819.1929857,2222
2/1/2027 0:00,1605,28Feb1938,4304.611568,2514
3/1/2027 0:00,1788,31Mar1938,3108.713292,5487
4/1/2027 0:00,788.4,30Apr1938,1447.124099,6126
5/1/2027 0:00,1117,31May1938,367.4031621,0
6/1/2027 0:00,490.5,30Jun1938,2.805590921,3924
7/1/2027 0:00,46.96,31Jul1938,0,18
8/1/2027 0:00,9.005,31Aug1938,0.693348623,0
9/1/2027 0:00,88.39,30Sep1938,4.501133082,0
10/1/2027 0:00,86.95,31Oct1938,9.918206277,0
11/1/2027 0:00,120.7,30Nov1938,10.10912423,0
12/1/2027 0:00,131.1,31Dec1938,11.20904394,0
1/1/2028 0:00,136.8,31Jan1939,10.87528757,0
2/1/2028 0:00,203.8,28Feb1939,13.64950736,0
3/1/2028 0:00,362.8,31Mar1939,197.9671936,0
4/1/2028 0:00,405.5,30Apr1939,20.7852008,0
5/1/2028 0:00,263.3,31May1939,1.62634411,0
6/1/2028 0:00,69.42,30Jun1939,1.262637006,0
7/1/2028 0:00,13.85,31Jul1939,0.881171849,0
8/1/2028 0:00,6.272,31Aug1939,5.849253455,0
9/1/2028 0:00,84.32,30Sep1939,0,0
10/1/2028 0:00,32.77,31Oct1939,7.639934683,0
11/1/2028 0:00,29.3,30Nov1939,9.983149792,0
12/1/2028 0:00,166.6,31Dec1939,9.582850081,0
1/1/2029 0:00,805.1,31Jan1940,22.33712821,1091
2/1/2029 0:00,1935,29Feb1940,1697.936988,0
3/1/2029 0:00,1517,31Mar1940,2399.296026,12993
4/1/2029 0:00,666.2,30Apr1940,909.0784909,20728
5/1/2029 0:00,903.6,31May1940,139.7654162,947
6/1/2029 0:00,143.4,30Jun1940,5.937528372,304
7/1/2029 0:00,30.35,31Jul1940,0,0
8/1/2029 0:00,24.43,31Aug1940,7.040733641,0
9/1/2029 0:00,48.33,30Sep1940,7.939555365,0
10/1/2029 0:00,100.7,31Oct1940,11.85844459,0
11/1/2029 0:00,143.5,30Nov1940,10.3036182,807
12/1/2029 0:00,1009,31Dec1940,28.83417528,464
1/1/2030 0:00,1656,31Jan1941,1423.688698,2828
2/1/2030 0:00,1204,28Feb1941,2399.531581,2215
3/1/2030 0:00,791.3,31Mar1941,1717.998983,5099
4/1/2030 0:00,733.4,30Apr1941,1309.45735,0
5/1/2030 0:00,1042,31May1941,353.6298993,771
6/1/2030 0:00,325.3,30Jun1941,31.69058191,187
7/1/2030 0:00,71.06,31Jul1941,22.21819032,0
8/1/2030 0:00,35.41,31Aug1941,28.41367334,0
9/1/2030 0:00,72.64,30Sep1941,17.14406913,0
10/1/2030 0:00,94.29,31Oct1941,9.009687125,0
11/1/2030 0:00,166.4,30Nov1941,9.840355996,0
12/1/2030 0:00,718.8,31Dec1941,1411.774691,0
1/1/2031 0:00,1549,31Jan1942,2110.450706,0
2/1/2031 0:00,781.2,28Feb1942,3459.588783,7431
3/1/2031 0:00,667.9,31Mar1942,975.2603126,1901
4/1/2031 0:00,873.7,30Apr1942,1676.133309,4422
5/1/2031 0:00,639,31May1942,711.3073747,1615
6/1/2031 0:00,895,30Jun1942,87.42411214,956
7/1/2031 0:00,202.8,31Jul1942,0,0
8/1/2031 0:00,46.98,31Aug1942,0,0
9/1/2031 0:00,82.57,30Sep1942,6.070291186,0
10/1/2031 0:00,74.13,31Oct1942,10.65654167,0
11/1/2031 0:00,266.8,30Nov1942,13.7334192,0
12/1/2031 0:00,724.2,31Dec1942,674.0130265,0
1/1/2032 0:00,1555,31Jan1943,2475.540138,0
2/1/2032 0:00,616.4,28Feb1943,1254.6926,2751
3/1/2032 0:00,742.4,31Mar1943,2054.031013,21
4/1/2032 0:00,834.1,30Apr1943,741.0504503,1457
5/1/2032 0:00,750.7,31May1943,204.5395897,634
6/1/2032 0:00,274.9,30Jun1943,9.297908676,0
7/1/2032 0:00,65.9,31Jul1943,0.33574628,0
8/1/2032 0:00,43.36,31Aug1943,8.451215391,0
9/1/2032 0:00,91.83,30Sep1943,10.22177191,0
10/1/2032 0:00,68.67,31Oct1943,9.495209097,0
11/1/2032 0:00,148.3,30Nov1943,9.980516352,0
12/1/2032 0:00,172.8,31Dec1943,9.657193513,0
1/1/2033 0:00,259.8,31Jan1944,12.44009953,808
2/1/2033 0:00,501.3,29Feb1944,305.9803807,2999
3/1/2033 0:00,540.3,31Mar1944,493.3599137,2344
4/1/2033 0:00,489.4,30Apr1944,64.6711025,0
5/1/2033 0:00,562.8,31May1944,5.573386015,0
6/1/2033 0:00,236.2,30Jun1944,1.680555581,0
7/1/2033 0:00,42.94,31Jul1944,0,0
8/1/2033 0:00,30.97,31Aug1944,1.605555283,0
9/1/2033 0:00,74.13,30Sep1944,7.529584022,0
10/1/2033 0:00,44.72,31Oct1944,10.66484341,0
11/1/2033 0:00,327.1,30Nov1944,15.32432773,492
12/1/2033 0:00,477.1,31Dec1944,13.18917077,358
1/1/2034 0:00,369.2,31Jan1945,11.47593562,0
2/1/2034 0:00,480.2,28Feb1945,419.8167228,3664
3/1/2034 0:00,563.9,31Mar1945,791.7664334,838
4/1/2034 0:00,431,30Apr1945,326.0611157,113
5/1/2034 0:00,236.8,31May1945,183.8573176,0
6/1/2034 0:00,385.4,30Jun1945,14.76421462,0
7/1/2034 0:00,28.92,31Jul1945,12.96168282,0
8/1/2034 0:00,28.51,31Aug1945,22.89982813,0
9/1/2034 0:00,64.55,30Sep1945,13.97938846,0
10/1/2034 0:00,173.5,31Oct1945,10.14185697,0
11/1/2034 0:00,358.6,30Nov1945,13.58515518,0
12/1/2034 0:00,1059,31Dec1945,1786.76756,0
1/1/2035 0:00,642.2,31Jan1946,792.2830162,6344
2/1/2035 0:00,454.5,28Feb1946,271.0822666,0
3/1/2035 0:00,573.2,31Mar1946,839.3960477,0
4/1/2035 0:00,538.4,30Apr1946,758.869555,0
5/1/2035 0:00,607.2,31May1946,96.33095367,0
6/1/2035 0:00,144.2,30Jun1946,11.56548291,0
7/1/2035 0:00,36.56,31Jul1946,2.666313784,0
8/1/2035 0:00,27.74,31Aug1946,10.10818247,0
9/1/2035 0:00,63.56,30Sep1946,7.971064499,0
10/1/2035 0:00,51.34,31Oct1946,8.638311189,0
11/1/2035 0:00,190.1,30Nov1946,10.91237639,0
12/1/2035 0:00,385.2,31Dec1946,12.65603399,686
1/1/2036 0:00,268.6,31Jan1947,9.324692487,0
2/1/2036 0:00,353.7,28Feb1947,16.53747409,61
3/1/2036 0:00,548,31Mar1947,397.4394365,410
4/1/2036 0:00,516.9,30Apr1947,20.05806436,1012
5/1/2036 0:00,416.8,31May1947,0.058213124,0
6/1/2036 0:00,87.05,30Jun1947,0,0
7/1/2036 0:00,24.77,31Jul1947,0,0
8/1/2036 0:00,18.88,31Aug1947,0,0
9/1/2036 0:00,47.89,30Sep1947,0,0
10/1/2036 0:00,215.2,31Oct1947,30.10043123,0
11/1/2036 0:00,178.4,30Nov1947,10.82674136,0
12/1/2036 0:00,180,31Dec1947,10.34963959,0
1/1/2037 0:00,302.4,31Jan1948,12.9566241,0
2/1/2037 0:00,234.8,29Feb1948,12.03516131,0
3/1/2037 0:00,461,31Mar1948,16.11729716,49
4/1/2037 0:00,1015,30Apr1948,56.85289124,2593
5/1/2037 0:00,581.8,31May1948,104.5850234,4435
6/1/2037 0:00,612,30Jun1948,86.04880092,571
7/1/2037 0:00,81.31,31Jul1948,12.63680982,0
8/1/2037 0:00,16.75,31Aug1948,15.87757087,0
9/1/2037 0:00,93.35,30Sep1948,11.94674477,0
10/1/2037 0:00,40.34,31Oct1948,9.61237571,0
11/1/2037 0:00,64.1,30Nov1948,9.975059149,0
12/1/2037 0:00,228.3,31Dec1948,11.20438027,0
1/1/2038 0:00,123.6,31Jan1949,11.00366696,0
2/1/2038 0:00,245.2,28Feb1949,15.63677326,0
3/1/2038 0:00,930.1,31Mar1949,1006.69195,2371
4/1/2038 0:00,622,30Apr1949,31.16986643,0
5/1/2038 0:00,522.2,31May1949,7.359917672,0
6/1/2038 0:00,74.57,30Jun1949,3.423362307,0
7/1/2038 0:00,20.77,31Jul1949,0,0
8/1/2038 0:00,7.807,31Aug1949,7.983277911,0
9/1/2038 0:00,40.73,30Sep1949,8.106508902,0
10/1/2038 0:00,2.266,31Oct1949,10.62715405,0
11/1/2038 0:00,66.98,30Nov1949,10.14943019,0
12/1/2038 0:00,45.41,31Dec1949,9.703225331,0
1/1/2039 0:00,306.3,31Jan1950,21.97521436,385
2/1/2039 0:00,791.7,28Feb1950,93.44308072,2181
3/1/2039 0:00,781.8,31Mar1950,859.2996296,0
4/1/2039 0:00,614.2,30Apr1950,773.6701936,15
5/1/2039 0:00,645.2,31May1950,182.3127052,0
6/1/2039 0:00,216.5,30Jun1950,0,363
7/1/2039 0:00,4.948,31Jul1950,0,0
8/1/2039 0:00,4.27,31Aug1950,8.464957274,0
9/1/2039 0:00,45.57,30Sep1950,9.665233411,0
10/1/2039 0:00,149.8,31Oct1950,9.169199986,0
11/1/2039 0:00,788.8,30Nov1950,1483.275652,2191
12/1/2039 0:00,1349,31Dec1950,2982.778831,6057
1/1/2040 0:00,1142,31Jan1951,2546.68465,1708
2/1/2040 0:00,622.2,28Feb1951,1620.04559,2386
3/1/2040 0:00,477.1,31Mar1951,1494.283263,709
4/1/2040 0:00,746,30Apr1951,552.9366348,0
5/1/2040 0:00,612.9,31May1951,305.5791817,0
6/1/2040 0:00,253.4,30Jun1951,1.174873008,0
7/1/2040 0:00,38.13,31Jul1951,0,0
8/1/2040 0:00,9.612,31Aug1951,0,0
9/1/2040 0:00,49.77,30Sep1951,5.721863625,0
10/1/2040 0:00,127.9,31Oct1951,10.66967866,0
11/1/2040 0:00,485.2,30Nov1951,13.25926763,220
12/1/2040 0:00,732,31Dec1951,24.91335126,0
1/1/2041 0:00,1999,31Jan1952,2407.107073,7920
2/1/2041 0:00,1347,29Feb1952,2533.029984,1415
3/1/2041 0:00,775.1,31Mar1952,1896.726346,2085
4/1/2041 0:00,679,30Apr1952,1279.461475,2474
5/1/2041 0:00,932.2,31May1952,399.8225407,1939
6/1/2041 0:00,274.6,30Jun1952,14.9199396,1118
7/1/2041 0:00,109.7,31Jul1952,4.934996284,0
8/1/2041 0:00,18.45,31Aug1952,13.75006062,0
9/1/2041 0:00,75.07,30Sep1952,10.88594793,0
10/1/2041 0:00,45.29,31Oct1952,10.86572151,0
11/1/2041 0:00,160.3,30Nov1952,10.20534849,0
12/1/2041 0:00,598.6,31Dec1952,143.6155528,0
1/1/2042 0:00,1258,31Jan1953,1910.385839,0
2/1/2042 0:00,409.3,28Feb1953,67.99641121,2409
3/1/2042 0:00,517.4,31Mar1953,460.4996285,0
4/1/2042 0:00,627.6,30Apr1953,636.2386705,0
5/1/2042 0:00,415.8,31May1953,302.3610375,1695
6/1/2042 0:00,867,30Jun1953,4.439091151,363
7/1/2042 0:00,99.45,31Jul1953,0,0
8/1/2042 0:00,24.67,31Aug1953,2.913639843,0
9/1/2042 0:00,89.96,30Sep1953,7.955390067,0
10/1/2042 0:00,35.21,31Oct1953,9.416026538,0
11/1/2042 0:00,215.8,30Nov1953,10.06716347,0
12/1/2042 0:00,201.3,31Dec1953,11.5184137,0
1/1/2043 0:00,398.5,31Jan1954,298.9126797,0
2/1/2043 0:00,495.7,28Feb1954,624.264811,2236
3/1/2043 0:00,609.4,31Mar1954,1332.938024,1914
4/1/2043 0:00,651,30Apr1954,935.0064378,2255
5/1/2043 0:00,458.8,31May1954,116.6345019,241
6/1/2043 0:00,152.3,30Jun1954,5.52309513,0
7/1/2043 0:00,29.48,31Jul1954,1.62634411,0
8/1/2043 0:00,43.11,31Aug1954,8.047024117,0
9/1/2043 0:00,53.95,30Sep1954,8.74311843,0
10/1/2043 0:00,43.34,31Oct1954,9.95902091,0
11/1/2043 0:00,349.8,30Nov1954,9.725074595,0
12/1/2043 0:00,316.1,31Dec1954,14.91668593,1125
1/1/2044 0:00,364.2,31Jan1955,18.93755544,1277
2/1/2044 0:00,371,28Feb1955,145.3081453,0
3/1/2044 0:00,407.2,31Mar1955,153.1278671,0
4/1/2044 0:00,423.3,30Apr1955,147.1614815,0
5/1/2044 0:00,472.5,31May1955,3.252688221,0
6/1/2044 0:00,205.8,30Jun1955,1.680555581,0
7/1/2044 0:00,11.78,31Jul1955,0,0
8/1/2044 0:00,7.726,31Aug1955,4.696424254,0
9/1/2044 0:00,55,30Sep1955,8.215652954,0
10/1/2044 0:00,16.31,31Oct1955,4.081793884,0
11/1/2044 0:00,189.7,30Nov1955,9.851876423,0
12/1/2044 0:00,1525,31Dec1955,2073.185821,0
1/1/2045 0:00,2600,31Jan1956,2915.79582,2114
2/1/2045 0:00,632.1,29Feb1956,1486.622617,921
3/1/2045 0:00,537.7,31Mar1956,1066.86693,4951
4/1/2045 0:00,539.9,30Apr1956,577.9291161,852
5/1/2045 0:00,1326,31May1956,415.2296049,984
6/1/2045 0:00,390.3,30Jun1956,16.0745266,607
7/1/2045 0:00,33.76,31Jul1956,6.730871157,0
8/1/2045 0:00,12.33,31Aug1956,14.00228466,0
9/1/2045 0:00,60.52,30Sep1956,11.91605302,0
10/1/2045 0:00,92.72,31Oct1956,12.06638751,0
11/1/2045 0:00,129.1,30Nov1956,10.76225161,0
12/1/2045 0:00,77.34,31Dec1956,9.940661531,0
1/1/2046 0:00,250.7,31Jan1957,11.21968575,10
2/1/2046 0:00,521.9,28Feb1957,216.3622676,0
3/1/2046 0:00,645,31Mar1957,801.7673223,6042
4/1/2046 0:00,565.9,30Apr1957,171.9266097,852
5/1/2046 0:00,640.3,31May1957,864.136345,0
6/1/2046 0:00,558.5,30Jun1957,9.911455312,0
7/1/2046 0:00,40.46,31Jul1957,4.108243687,0
8/1/2046 0:00,9.108,31Aug1957,10.71056086,0
9/1/2046 0:00,139.6,30Sep1957,11.17227076,0
10/1/2046 0:00,232.5,31Oct1957,11.46599986,0
11/1/2046 0:00,134.7,30Nov1957,10.00749585,0
12/1/2046 0:00,346.6,31Dec1957,12.09389927,0
1/1/2047 0:00,565.8,31Jan1958,185.9539903,0
2/1/2047 0:00,1800,28Feb1958,2425.352167,0
3/1/2047 0:00,990.9,31Mar1958,1879.724131,10870
4/1/2047 0:00,1157,30Apr1958,2101.328224,8152
5/1/2047 0:00,1354,31May1958,322.3332108,0
6/1/2047 0:00,345.5,30Jun1958,34.85681719,129
7/1/2047 0:00,79.1,31Jul1958,0,0
8/1/2047 0:00,22.87,31Aug1958,7.846510503,0
9/1/2047 0:00,71.94,30Sep1958,9.20517761,0
10/1/2047 0:00,49.45,31Oct1958,9.908644346,0
11/1/2047 0:00,58.9,30Nov1958,10.00251144,0
12/1/2047 0:00,88.64,31Dec1958,9.608141117,0
1/1/2048 0:00,450.6,31Jan1959,14.20760923,0
2/1/2048 0:00,660.3,28Feb1959,478.5287218,4320
3/1/2048 0:00,570.3,31Mar1959,188.8955067,1717
4/1/2048 0:00,570.7,30Apr1959,20.08211755,0
5/1/2048 0:00,287.5,31May1959,4.524138946,0
6/1/2048 0:00,69.49,30Jun1959,2.547523737,0
7/1/2048 0:00,22.93,31Jul1959,1.950433031,0
8/1/2048 0:00,19.38,31Aug1959,0,0
9/1/2048 0:00,92.11,30Sep1959,8.065073271,24
10/1/2048 0:00,12.93,31Oct1959,7.648530484,0
11/1/2048 0:00,26.91,30Nov1959,10.22726345,0
12/1/2048 0:00,75.19,31Dec1959,9.866398558,0
1/1/2049 0:00,308.1,31Jan1960,14.1273875,355
2/1/2049 0:00,579.7,29Feb1960,35.24525757,327
3/1/2049 0:00,642.8,31Mar1960,109.2550746,0
4/1/2049 0:00,542,30Apr1960,441.0593338,0
5/1/2049 0:00,434.7,31May1960,14.91013621,0
6/1/2049 0:00,230.4,30Jun1960,13.70960421,0
7/1/2049 0:00,11.55,31Jul1960,7.044576939,0
8/1/2049 0:00,10.62,31Aug1960,17.24335272,0
9/1/2049 0:00,26.06,30Sep1960,11.53789532,0
10/1/2049 0:00,23.13,31Oct1960,10.06602458,0
11/1/2049 0:00,237.5,30Nov1960,11.80852859,180
12/1/2049 0:00,311.6,31Dec1960,11.50905146,0
1/1/2050 0:00,265.9,31Jan1961,11.27781442,0
2/1/2050 0:00,314.3,28Feb1961,17.49162918,1871
3/1/2050 0:00,335.5,31Mar1961,15.96743347,0
4/1/2050 0:00,271.5,30Apr1961,23.23421062,348
5/1/2050 0:00,273.6,31May1961,8.032773614,0
6/1/2050 0:00,83.76,30Jun1961,3.190713987,0
7/1/2050 0:00,12.54,31Jul1961,1.849921883,0
8/1/2050 0:00,9.592,31Aug1961,7.820165386,0
9/1/2050 0:00,39.3,30Sep1961,8.595093706,0
10/1/2050 0:00,8.015,31Oct1961,9.123901814,0
11/1/2050 0:00,118.1,30Nov1961,10.64727873,0
12/1/2050 0:00,244,31Dec1961,11.54825402,0
1/1/2051 0:00,92.7,31Jan1962,12.95192651,0
2/1/2051 0:00,771,28Feb1962,480.2538935,6064
3/1/2051 0:00,681.2,31Mar1962,535.284481,1849
4/1/2051 0:00,638.4,30Apr1962,345.2739048,0
5/1/2051 0:00,431.9,31May1962,132.4047612,0
6/1/2051 0:00,157.3,30Jun1962,47.79601921,0
7/1/2051 0:00,9.127,31Jul1962,38.4168303,0
8/1/2051 0:00,13.21,31Aug1962,41.79618894,0
9/1/2051 0:00,40.13,30Sep1962,22.27582692,0
10/1/2051 0:00,236.8,31Oct1962,906.9538044,4276
11/1/2051 0:00,879.3,30Nov1962,329.1898012,0
12/1/2051 0:00,671.1,31Dec1962,922.255457,867
1/1/2052 0:00,480.6,31Jan1963,675.151909,0
2/1/2052 0:00,569.1,28Feb1963,1706.255296,6693
3/1/2052 0:00,562.8,31Mar1963,1116.51765,0
4/1/2052 0:00,849.8,30Apr1963,1990.986068,6144
5/1/2052 0:00,915.1,31May1963,421.1630458,2326
6/1/2052 0:00,378.9,30Jun1963,11.87674705,22
7/1/2052 0:00,103.7,31Jul1963,1.629090135,0
8/1/2052 0:00,12.04,31Aug1963,7.834940024,0
9/1/2052 0:00,61.73,30Sep1963,9.879995569,0
10/1/2052 0:00,102.8,31Oct1963,9.854479458,0
11/1/2052 0:00,401.8,30Nov1963,15.47847668,726
12/1/2052 0:00,306.5,31Dec1963,66.84821842,0
1/1/2053 0:00,469,31Jan1964,672.0526586,1890
2/1/2053 0:00,247.4,29Feb1964,188.8193623,0
3/1/2053 0:00,259.5,31Mar1964,198.9734812,0
4/1/2053 0:00,260,30Apr1964,21.56207886,550
5/1/2053 0:00,217.1,31May1964,6.332372401,0
6/1/2053 0:00,513.5,30Jun1964,0,0
7/1/2053 0:00,9.969,31Jul1964,1.62634411,0
8/1/2053 0:00,8.981,31Aug1964,5.955186932,59
9/1/2053 0:00,72.75,30Sep1964,8.195234522,0
10/1/2053 0:00,65.51,31Oct1964,9.166063084,0
11/1/2053 0:00,264.3,30Nov1964,11.31414791,358
12/1/2053 0:00,1731,31Dec1964,2983.155738,0
1/1/2054 0:00,1315,31Jan1965,2905.232027,5565
2/1/2054 0:00,423.6,28Feb1965,873.9851933,2490
3/1/2054 0:00,471.1,31Mar1965,850.4737299,0
4/1/2054 0:00,534.7,30Apr1965,1185.635337,0
5/1/2054 0:00,670.8,31May1965,165.9250228,688
6/1/2054 0:00,813,30Jun1965,9.207740624,182
7/1/2054 0:00,33.84,31Jul1965,1.62634411,0
8/1/2054 0:00,45.51,31Aug1965,4.576407674,117
9/1/2054 0:00,18.82,30Sep1965,8.133594577,0
10/1/2054 0:00,21.32,31Oct1965,9.503980017,0
11/1/2054 0:00,376,30Nov1965,11.22201654,413
12/1/2054 0:00,283.4,31Dec1965,31.59761718,891
1/1/2055 0:00,382.8,31Jan1966,309.7085079,1132
2/1/2055 0:00,447.2,28Feb1966,282.5580218,1819
3/1/2055 0:00,478.5,31Mar1966,374.7758954,0
4/1/2055 0:00,504,30Apr1966,457.5550165,702
5/1/2055 0:00,314.9,31May1966,1.62634411,405
6/1/2055 0:00,73.43,30Jun1966,1.680555581,0
7/1/2055 0:00,19.56,31Jul1966,0,0
8/1/2055 0:00,8.76,31Aug1966,4.972254554,0
9/1/2055 0:00,47.44,30Sep1966,7.422587591,0
10/1/2055 0:00,17.48,31Oct1966,9.871090696,0
11/1/2055 0:00,401.5,30Nov1966,15.10420053,0
12/1/2055 0:00,699.7,31Dec1966,24.13386583,2461
1/1/2056 0:00,1535,31Jan1967,1266.36393,0
2/1/2056 0:00,453.4,28Feb1967,480.5204881,11337
3/1/2056 0:00,564.3,31Mar1967,1433.169915,0
4/1/2056 0:00,639,30Apr1967,1040.383292,2178
5/1/2056 0:00,966.5,31May1967,595.5523421,0
6/1/2056 0:00,623.9,30Jun1967,204.8306412,1844
7/1/2056 0:00,148.3,31Jul1967,3.868955008,475
8/1/2056 0:00,17.66,31Aug1967,14.20549084,0
9/1/2056 0:00,54.81,30Sep1967,11.67418916,0
10/1/2056 0:00,55.92,31Oct1967,46.28667482,0
11/1/2056 0:00,177.5,30Nov1967,130.3165795,0
12/1/2056 0:00,256.5,31Dec1967,202.7307506,0
1/1/2057 0:00,677.5,31Jan1968,262.4103957,76
2/1/2057 0:00,817.3,29Feb1968,1345.217898,0
3/1/2057 0:00,670.5,31Mar1968,716.4096201,5317
4/1/2057 0:00,495.4,30Apr1968,98.53704334,0
5/1/2057 0:00,616.7,31May1968,4.290117497,0
6/1/2057 0:00,104,30Jun1968,0,0
7/1/2057 0:00,36.68,31Jul1968,0,0
8/1/2057 0:00,49.76,31Aug1968,6.272832261,0
9/1/2057 0:00,58.36,30Sep1968,0,0
10/1/2057 0:00,37.3,31Oct1968,8.855203391,0
11/1/2057 0:00,231.8,30Nov1968,11.15869777,0
12/1/2057 0:00,570.3,31Dec1968,17.6790099,0
1/1/2058 0:00,2208,31Jan1969,3608.923687,6099
2/1/2058 0:00,1078,28Feb1969,2418.27095,9795
3/1/2058 0:00,869,31Mar1969,1128.236455,6353
4/1/2058 0:00,878.4,30Apr1969,1024.290567,1101
5/1/2058 0:00,1343,31May1969,300.6014187,0
6/1/2058 0:00,261,30Jun1969,52.00410101,0
7/1/2058 0:00,55.9,31Jul1969,0,0
8/1/2058 0:00,26.31,31Aug1969,8.901279141,0
9/1/2058 0:00,73.65,30Sep1969,8.276876196,0
10/1/2058 0:00,86.61,31Oct1969,11.530223,0
11/1/2058 0:00,118.1,30Nov1969,11.72598039,0
12/1/2058 0:00,708.7,31Dec1969,1101.395821,1867
1/1/2059 0:00,2727,31Jan1970,3778.678709,12294
2/1/2059 0:00,496.6,28Feb1970,1353.030581,16938
3/1/2059 0:00,632.8,31Mar1970,1215.057906,3801
4/1/2059 0:00,408.4,30Apr1970,271.0205298,0
5/1/2059 0:00,941,31May1970,127.6902406,0
6/1/2059 0:00,163.4,30Jun1970,15.66419628,0
7/1/2059 0:00,50.18,31Jul1970,7.743055443,0
8/1/2059 0:00,29.35,31Aug1970,14.33562614,0
9/1/2059 0:00,54.29,30Sep1970,9.857237191,0
10/1/2059 0:00,73.01,31Oct1970,10.18682441,0
11/1/2059 0:00,722.3,30Nov1970,16.91417923,0
12/1/2059 0:00,837.9,31Dec1970,1491.496075,6648
1/1/2060 0:00,944.7,31Jan1971,922.044905,1548
2/1/2060 0:00,391.4,28Feb1971,314.3187692,1138
3/1/2060 0:00,587.8,31Mar1971,1234.966948,0
4/1/2060 0:00,468.3,30Apr1971,453.1030801,5494
5/1/2060 0:00,401.7,31May1971,316.4531368,0
6/1/2060 0:00,822.8,30Jun1971,94.46571454,234
7/1/2060 0:00,105.9,31Jul1971,1.62634411,114
8/1/2060 0:00,28.76,31Aug1971,12.40263646,106
9/1/2060 0:00,85.56,30Sep1971,9.519291306,272
10/1/2060 0:00,39.55,31Oct1971,9.255055734,57
11/1/2060 0:00,151.1,30Nov1971,9.690798795,0
12/1/2060 0:00,249.6,31Dec1971,175.7284348,485
1/1/2061 0:00,325.9,31Jan1972,206.0654095,0
2/1/2061 0:00,468.1,29Feb1972,378.47708,447
3/1/2061 0:00,480.4,31Mar1972,750.8107333,76
4/1/2061 0:00,421.6,30Apr1972,261.4374514,1143
5/1/2061 0:00,518.3,31May1972,125.5308046,572
6/1/2061 0:00,107.4,30Jun1972,1.680555581,160
7/1/2061 0:00,21.02,31Jul1972,0,247
8/1/2061 0:00,23.46,31Aug1972,2.796042827,563
9/1/2061 0:00,76.78,30Sep1972,6.486881691,654
10/1/2061 0:00,98.75,31Oct1972,9.430869632,0
11/1/2061 0:00,376.4,30Nov1972,15.28935976,1410
12/1/2061 0:00,400.1,31Dec1972,254.8485848,1036
1/1/2062 0:00,1034,31Jan1973,2536.891546,6372
2/1/2062 0:00,1856,28Feb1973,1739.339174,6696
3/1/2062 0:00,789.5,31Mar1973,1160.023718,7688
4/1/2062 0:00,649.3,30Apr1973,687.4638941,834
5/1/2062 0:00,917.7,31May1973,197.112831,85
6/1/2062 0:00,150.8,30Jun1973,8.748117552,882
7/1/2062 0:00,41.35,31Jul1973,3.34850676,181
8/1/2062 0:00,23.01,31Aug1973,14.64228419,766
9/1/2062 0:00,60.28,30Sep1973,9.699435086,297
10/1/2062 0:00,120.7,31Oct1973,12.16151983,0
11/1/2062 0:00,1193,30Nov1973,671.6851887,276
12/1/2062 0:00,881.5,31Dec1973,1999.542284,1597
1/1/2063 0:00,1148,31Jan1974,2314.213484,6408
2/1/2063 0:00,560.8,28Feb1974,1024.620703,4206
3/1/2063 0:00,1123,31Mar1974,2394.825168,0
4/1/2063 0:00,847.5,30Apr1974,1138.392663,12204
5/1/2063 0:00,1232,31May1974,263.4786435,0
6/1/2063 0:00,251.6,30Jun1974,146.8788102,855
7/1/2063 0:00,137.6,31Jul1974,144.1516793,389
8/1/2063 0:00,28.83,31Aug1974,2.45538062,324
9/1/2063 0:00,71.16,30Sep1974,8.475348509,328
10/1/2063 0:00,91.62,31Oct1974,9.549986631,0
11/1/2063 0:00,132.4,30Nov1974,9.976206083,0
12/1/2063 0:00,305.9,31Dec1974,111.7489468,410
1/1/2064 0:00,144.3,31Jan1975,207.1594772,0
2/1/2064 0:00,762.7,28Feb1975,979.369647,6154
3/1/2064 0:00,1060,31Mar1975,1129.305281,855
4/1/2064 0:00,776.8,30Apr1975,327.2999217,3465
5/1/2064 0:00,1139,31May1975,366.3110328,0
6/1/2064 0:00,282.3,30Jun1975,9.602261913,368
7/1/2064 0:00,41.42,31Jul1975,1.62634411,0
8/1/2064 0:00,31.15,31Aug1975,5.229404602,351
9/1/2064 0:00,74.84,30Sep1975,8.219018629,291
10/1/2064 0:00,192.2,31Oct1975,10.86257298,0
11/1/2064 0:00,185.8,30Nov1975,11.80796164,0
12/1/2064 0:00,240.7,31Dec1975,11.29136437,646
1/1/2065 0:00,112.9,31Jan1976,47.26695111,117
2/1/2065 0:00,213.5,29Feb1976,147.5471832,0
3/1/2065 0:00,328.8,31Mar1976,125.1289265,299
4/1/2065 0:00,347.8,30Apr1976,19.68581726,1845
5/1/2065 0:00,192.8,31May1976,11.50169631,0
6/1/2065 0:00,52.26,30Jun1976,10.20113418,0
7/1/2065 0:00,20.97,31Jul1976,6.412977667,0
8/1/2065 0:00,15.89,31Aug1976,0,493
9/1/2065 0:00,73.24,30Sep1976,0,575
10/1/2065 0:00,8.689,31Oct1976,8.001976442,0
11/1/2065 0:00,22.66,30Nov1976,9.8917126,0
12/1/2065 0:00,97.12,31Dec1976,9.494667829,78
1/1/2066 0:00,196.5,31Jan1977,8.557840942,808
2/1/2066 0:00,129.1,28Feb1977,10.19843068,0
3/1/2066 0:00,163.1,31Mar1977,8.989909548,76
4/1/2066 0:00,124.2,30Apr1977,0,902
5/1/2066 0:00,154.2,31May1977,11.25826023,3
6/1/2066 0:00,85.33,30Jun1977,1.033091364,0
7/1/2066 0:00,20.08,31Jul1977,1.62634411,0
8/1/2066 0:00,-3.171,31Aug1977,9.75418174,0
9/1/2066 0:00,51.08,30Sep1977,6.713373042,0
10/1/2066 0:00,-7.348,31Oct1977,7.466187387,0
11/1/2066 0:00,185.5,30Nov1977,8.326548231,35
12/1/2066 0:00,332.9,31Dec1977,14.80256316,860
1/1/2067 0:00,1917,31Jan1978,1071.968612,5765
2/1/2067 0:00,729.1,28Feb1978,1126.599383,1959
3/1/2067 0:00,854.5,31Mar1978,1729.897456,2069
4/1/2067 0:00,912.4,30Apr1978,950.0248126,0
5/1/2067 0:00,996.5,31May1978,317.9779584,0
6/1/2067 0:00,235.6,30Jun1978,87.25343069,103
7/1/2067 0:00,-5.651,31Jul1978,1.62634411,0
8/1/2067 0:00,7.208,31Aug1978,7.619561625,411
9/1/2067 0:00,61.15,30Sep1978,6.808079333,345
10/1/2067 0:00,16.53,31Oct1978,11.30794494,0
11/1/2067 0:00,104.1,30Nov1978,10.0147601,89
12/1/2067 0:00,45.97,31Dec1978,46.21715501,0
1/1/2068 0:00,330.2,31Jan1979,290.1074088,2752
2/1/2068 0:00,805,28Feb1979,769.0419714,3111
3/1/2068 0:00,852.2,31Mar1979,1005.588096,2984
4/1/2068 0:00,659.1,30Apr1979,232.871738,785
5/1/2068 0:00,772.9,31May1979,348.8345592,0
6/1/2068 0:00,92.16,30Jun1979,10.48416508,0
7/1/2068 0:00,10.29,31Jul1979,0,5
8/1/2068 0:00,5.947,31Aug1979,6.760653594,525
9/1/2068 0:00,55.72,30Sep1979,8.155872144,252
10/1/2068 0:00,91.72,31Oct1979,10.76489083,0
11/1/2068 0:00,188.9,30Nov1979,11.75170477,0
12/1/2068 0:00,376.3,31Dec1979,14.10515969,122
1/1/2069 0:00,1413,31Jan1980,2094.234043,8595
2/1/2069 0:00,1538,29Feb1980,2935.527172,6259
3/1/2069 0:00,454.5,31Mar1980,1477.270081,10225
4/1/2069 0:00,434.2,30Apr1980,740.0720709,2202
5/1/2069 0:00,578.5,31May1980,319.8318158,286
6/1/2069 0:00,681.6,30Jun1980,119.3094651,81
7/1/2069 0:00,19.8,31Jul1980,17.96040287,179
8/1/2069 0:00,7.283,31Aug1980,10.26665774,0
9/1/2069 0:00,63.45,30Sep1980,8.805399456,0
10/1/2069 0:00,42.22,31Oct1980,9.169141824,0
11/1/2069 0:00,44.46,30Nov1980,9.932025581,0
12/1/2069 0:00,186.6,31Dec1980,11.01588595,0
1/1/2070 0:00,531.4,31Jan1981,184.5280075,0
2/1/2070 0:00,342.7,28Feb1981,174.9918845,3563
3/1/2070 0:00,524.1,31Mar1981,377.8915373,680
4/1/2070 0:00,389.7,30Apr1981,21.85703225,2803
5/1/2070 0:00,505.5,31May1981,3.041746536,685
6/1/2070 0:00,71.55,30Jun1981,0,0
7/1/2070 0:00,16.85,31Jul1981,0,0
8/1/2070 0:00,10.48,31Aug1981,3.072183327,633
9/1/2070 0:00,56.54,30Sep1981,7.459982326,170
10/1/2070 0:00,146.9,31Oct1981,9.929648798,0
11/1/2070 0:00,856.8,30Nov1981,25.53033333,25
12/1/2070 0:00,1592,31Dec1981,2841.868433,5082
1/1/2071 0:00,799.3,31Jan1982,2405.881361,15468
2/1/2071 0:00,784.5,28Feb1982,2421.147626,4595
3/1/2071 0:00,956.6,31Mar1982,2018.96627,6609
4/1/2071 0:00,1487,30Apr1982,3043.835764,14542
5/1/2071 0:00,1566,31May1982,420.158964,855
6/1/2071 0:00,361.7,30Jun1982,113.134835,1591
7/1/2071 0:00,133.1,31Jul1982,1.62634411,633
8/1/2071 0:00,23.27,31Aug1982,3.409185169,307
9/1/2071 0:00,119.7,30Sep1982,8.552839183,319
10/1/2071 0:00,321.1,31Oct1982,288.6630585,137
11/1/2071 0:00,536.2,30Nov1982,1100.704807,301
12/1/2071 0:00,762.8,31Dec1982,1838.804912,3623
1/1/2072 0:00,1508,31Jan1983,1068.416022,0
2/1/2072 0:00,1345,28Feb1983,2521.494599,4266
3/1/2072 0:00,1788,31Mar1983,4021.120964,8743
4/1/2072 0:00,861.2,30Apr1983,1209.57792,3117
5/1/2072 0:00,1091,31May1983,702.6027266,3189
6/1/2072 0:00,748.8,30Jun1983,182.8266234,724
7/1/2072 0:00,273.4,31Jul1983,67.64503354,755
8/1/2072 0:00,74.59,31Aug1983,5.897979777,407
9/1/2072 0:00,144.5,30Sep1983,242.7268837,0
10/1/2072 0:00,114,31Oct1983,57.32021094,0
11/1/2072 0:00,1391,30Nov1983,1552.355035,2057
12/1/2072 0:00,1482,31Dec1983,4354.142906,10196
1/1/2073 0:00,730.6,31Jan1984,1561.337945,10420
2/1/2073 0:00,474.2,29Feb1984,1309.411354,1446
3/1/2073 0:00,433.5,31Mar1984,1109.404826,293
4/1/2073 0:00,475.1,30Apr1984,441.7294175,1954
5/1/2073 0:00,946.1,31May1984,210.061283,911
6/1/2073 0:00,237.8,30Jun1984,30.00527594,173
7/1/2073 0:00,145.6,31Jul1984,0,36
8/1/2073 0:00,39.93,31Aug1984,0,620
9/1/2073 0:00,101.2,30Sep1984,0,0
10/1/2073 0:00,148.3,31Oct1984,11.13962469,0
11/1/2073 0:00,587.9,30Nov1984,13.7294445,0
12/1/2073 0:00,533.6,31Dec1984,31.64776691,494
1/1/2074 0:00,468.6,31Jan1985,105.4172579,0
2/1/2074 0:00,431.4,28Feb1985,306.7782134,690
3/1/2074 0:00,543.9,31Mar1985,579.8560024,127
4/1/2074 0:00,582.3,30Apr1985,631.030015,988
5/1/2074 0:00,373,31May1985,15.22673304,46
6/1/2074 0:00,107.2,30Jun1985,7.826377578,0
7/1/2074 0:00,40.05,31Jul1985,5.872701427,416
8/1/2074 0:00,22.77,31Aug1985,12.96171703,1059
9/1/2074 0:00,83.39,30Sep1985,0,1902
10/1/2074 0:00,66.35,31Oct1985,9.348712623,0
11/1/2074 0:00,295.9,30Nov1985,11.99208713,272
12/1/2074 0:00,361.7,31Dec1985,14.54898393,2160
1/1/2075 0:00,566,31Jan1986,18.95274557,1656
2/1/2075 0:00,2080,28Feb1986,5491.31752,2227
3/1/2075 0:00,1420,31Mar1986,2482.01102,12225
4/1/2075 0:00,687.6,30Apr1986,657.7814688,2359
5/1/2075 0:00,866.9,31May1986,215.1115956,0
6/1/2075 0:00,293.6,30Jun1986,21.27686103,0
7/1/2075 0:00,51.24,31Jul1986,10.39492246,0
8/1/2075 0:00,29.03,31Aug1986,13.92957366,371
9/1/2075 0:00,95.05,30Sep1986,37.57282256,353
10/1/2075 0:00,84.3,31Oct1986,13.52534972,0
11/1/2075 0:00,81.35,30Nov1986,10.63092214,0
12/1/2075 0:00,96.03,31Dec1986,10.08937554,0
1/1/2076 0:00,241.3,31Jan1987,11.29264879,828
2/1/2076 0:00,308.9,28Feb1987,18.03670442,1804
3/1/2076 0:00,495,31Mar1987,313.921248,1299
4/1/2076 0:00,460,30Apr1987,25.12548629,124
5/1/2076 0:00,224.6,31May1987,12.76318258,512
6/1/2076 0:00,48.23,30Jun1987,13.81211946,0
7/1/2076 0:00,20.31,31Jul1987,10.77095371,0
8/1/2076 0:00,16.38,31Aug1987,10.23573364,0
9/1/2076 0:00,38.02,30Sep1987,8.890918736,0
10/1/2076 0:00,33.35,31Oct1987,6.891305227,0
11/1/2076 0:00,84.98,30Nov1987,10.06916885,0
12/1/2076 0:00,227,31Dec1987,14.53986307,272
1/1/2077 0:00,505.2,31Jan1988,19.03170129,2272
2/1/2077 0:00,253,29Feb1988,11.78737277,0
3/1/2077 0:00,218.3,31Mar1988,10.33980684,0
4/1/2077 0:00,242,30Apr1988,14.72576502,1744
5/1/2077 0:00,235.4,31May1988,1.62634411,34
6/1/2077 0:00,53.73,30Jun1988,1.680555581,0
7/1/2077 0:00,5.401,31Jul1988,4.646872857,0
8/1/2077 0:00,1.571,31Aug1988,11.08570085,0
9/1/2077 0:00,14.56,30Sep1988,8.207162033,0
10/1/2077 0:00,1.664,31Oct1988,8.684947932,0
11/1/2077 0:00,257.6,30Nov1988,13.61171897,0
12/1/2077 0:00,412.6,31Dec1988,12.86086811,59
1/1/2078 0:00,285.8,31Jan1989,14.32190164,868
2/1/2078 0:00,283.6,28Feb1989,15.8534075,0
3/1/2078 0:00,1624,31Mar1989,1481.479254,3933
4/1/2078 0:00,963.7,30Apr1989,812.0991827,2911
5/1/2078 0:00,578.8,31May1989,280.4592059,0
6/1/2078 0:00,132,30Jun1989,13.16013363,0
7/1/2078 0:00,14.24,31Jul1989,5.312752294,0
8/1/2078 0:00,-1.521,31Aug1989,9.941573775,205
9/1/2078 0:00,204.3,30Sep1989,9.72200114,511
10/1/2078 0:00,216.3,31Oct1989,10.47130155,0
11/1/2078 0:00,275.3,30Nov1989,11.6382805,0
12/1/2078 0:00,178.8,31Dec1989,11.28530383,0
1/1/2079 0:00,344,31Jan1990,13.70613326,2335
2/1/2079 0:00,269.8,28Feb1990,228.1043167,1963
3/1/2079 0:00,388.5,31Mar1990,270.5382231,753
4/1/2079 0:00,356.9,30Apr1990,18.76446356,2299
5/1/2079 0:00,362,31May1990,0,0
6/1/2079 0:00,193.6,30Jun1990,3.361111161,239
7/1/2079 0:00,0.1516,31Jul1990,0,190
8/1/2079 0:00,3.765,31Aug1990,3.433101629,802
9/1/2079 0:00,33.54,30Sep1990,6.154881833,0
10/1/2079 0:00,11.62,31Oct1990,8.921121,0
11/1/2079 0:00,55.17,30Nov1990,9.896915374,0
12/1/2079 0:00,52.94,31Dec1990,9.365312275,0
1/1/2080 0:00,58.37,31Jan1991,9.256117816,0
2/1/2080 0:00,179.1,28Feb1991,10.14921412,0
3/1/2080 0:00,587.1,31Mar1991,26.02857737,4557
4/1/2080 0:00,560.2,30Apr1991,27.36467365,1998
5/1/2080 0:00,413.7,31May1991,15.35344377,436
6/1/2080 0:00,572.5,30Jun1991,8.067930538,205
7/1/2080 0:00,-8.283,31Jul1991,95.62775687,442
8/1/2080 0:00,-12.56,31Aug1991,8.053321188,394
9/1/2080 0:00,22.62,30Sep1991,8.201741495,0
10/1/2080 0:00,4.99,31Oct1991,10.47201114,0
11/1/2080 0:00,34.47,30Nov1991,10.0948742,0
12/1/2080 0:00,146,31Dec1991,9.831897474,33
1/1/2081 0:00,169.2,31Jan1992,11.13555162,971
2/1/2081 0:00,514,29Feb1992,1192.685294,3969
3/1/2081 0:00,488.2,31Mar1992,714.9743223,1597
4/1/2081 0:00,418.4,30Apr1992,462.2555254,1633
5/1/2081 0:00,128.2,31May1992,14.29473559,0
6/1/2081 0:00,10.79,30Jun1992,10.8710639,0
7/1/2081 0:00,-13.96,31Jul1992,1.063507713,0
8/1/2081 0:00,-15.2,31Aug1992,8.853080161,0
9/1/2081 0:00,-4.246,30Sep1992,7.938898257,0
10/1/2081 0:00,44.48,31Oct1992,10.78236288,0
11/1/2081 0:00,12.21,30Nov1992,10.41193987,0
12/1/2081 0:00,267.9,31Dec1992,15.54613997,109
1/1/2082 0:00,1098,31Jan1993,937.8956173,6541
2/1/2082 0:00,988.5,28Feb1993,1270.919607,5130
3/1/2082 0:00,1353,31Mar1993,1559.256276,0
4/1/2082 0:00,675.2,30Apr1993,823.4554595,5879
5/1/2082 0:00,848.6,31May1993,204.5258788,0
6/1/2082 0:00,310.5,30Jun1993,139.4043114,0
7/1/2082 0:00,-2.908,31Jul1993,3.252688221,0
8/1/2082 0:00,-2.508,31Aug1993,6.265133108,0
9/1/2082 0:00,29.54,30Sep1993,8.591534811,0
10/1/2082 0:00,52.72,31Oct1993,8.889189735,0
11/1/2082 0:00,68.53,30Nov1993,9.910521318,0
12/1/2082 0:00,166.8,31Dec1993,11.19108139,0
1/1/2083 0:00,240.4,31Jan1994,10.87659623,460
2/1/2083 0:00,431.4,28Feb1994,165.902287,1709
3/1/2083 0:00,323.3,31Mar1994,160.0724812,371
4/1/2083 0:00,376.2,30Apr1994,19.22339747,1929
5/1/2083 0:00,291.6,31May1994,1.62634411,57
6/1/2083 0:00,38.28,30Jun1994,0,0
7/1/2083 0:00,-0.968,31Jul1994,0,0
8/1/2083 0:00,-8.885,31Aug1994,6.031341159,0
9/1/2083 0:00,12.14,30Sep1994,7.142098597,0
10/1/2083 0:00,-2.656,31Oct1994,8.695496654,0
11/1/2083 0:00,202.6,30Nov1994,11.37435744,0
12/1/2083 0:00,317.8,31Dec1994,19.23794199,2643
1/1/2084 0:00,2628,31Jan1995,3778.203633,7210
2/1/2084 0:00,813.5,28Feb1995,746.0636251,7932
3/1/2084 0:00,2166,31Mar1995,3821.488665,6372
4/1/2084 0:00,1081,30Apr1995,1151.075247,5731
5/1/2084 0:00,934.8,31May1995,695.9765954,3025
6/1/2084 0:00,953.1,30Jun1995,207.7122365,0
7/1/2084 0:00,155.7,31Jul1995,76.34528948,0
8/1/2084 0:00,17.05,31Aug1995,1.62634411,0
9/1/2084 0:00,56.46,30Sep1995,31.45529044,0
10/1/2084 0:00,31.74,31Oct1995,9.024119204,0
11/1/2084 0:00,46.92,30Nov1995,28.47207467,0
12/1/2084 0:00,462.9,31Dec1995,783.8637275,0
1/1/2085 0:00,768.3,31Jan1996,1217.483873,0
2/1/2085 0:00,1142,29Feb1996,2766.48826,4345
3/1/2085 0:00,765.8,31Mar1996,1441.8933,9106
4/1/2085 0:00,722,30Apr1996,953.2030491,2240
5/1/2085 0:00,1100,31May1996,545.1771178,0
6/1/2085 0:00,567,30Jun1996,157.0539464,0
7/1/2085 0:00,131.2,31Jul1996,1.62634411,0
8/1/2085 0:00,28.1,31Aug1996,0,0
9/1/2085 0:00,58.12,30Sep1996,6.898930162,7
10/1/2085 0:00,106.9,31Oct1996,8.465909497,0
11/1/2085 0:00,155.5,30Nov1996,11.02770888,0
12/1/2085 0:00,1640,31Dec1996,3345.625139,0
1/1/2086 0:00,2200,31Jan1997,4748.892571,31275
2/1/2086 0:00,510.2,28Feb1997,917.4718238,14385
3/1/2086 0:00,591.4,31Mar1997,765.4433384,1083
4/1/2086 0:00,513.3,30Apr1997,429.1211285,3074
5/1/2086 0:00,810.4,31May1997,144.288605,0
6/1/2086 0:00,197.7,30Jun1997,6.917542615,0
7/1/2086 0:00,33.29,31Jul1997,0,0
8/1/2086 0:00,17.11,31Aug1997,0.140323142,901
9/1/2086 0:00,81.28,30Sep1997,6.861442946,0
10/1/2086 0:00,88.4,31Oct1997,10.06910332,0
11/1/2086 0:00,416.1,30Nov1997,9.891660512,0
12/1/2086 0:00,383.2,31Dec1997,14.07344945,0
1/1/2087 0:00,977.7,31Jan1998,1933.765776,7475
2/1/2087 0:00,2143,28Feb1998,4216.484389,48836
3/1/2087 0:00,1269,31Mar1998,1637.281087,7746
4/1/2087 0:00,813.7,30Apr1998,1213.386455,9672
5/1/2087 0:00,393.5,31May1998,705.9475567,0
6/1/2087 0:00,1198,30Jun1998,274.3097766,4842
7/1/2087 0:00,391.1,31Jul1998,18.35900435,0
8/1/2087 0:00,52.84,31Aug1998,1.62634411,55
9/1/2087 0:00,103.7,30Sep1998,7.216121047,292
10/1/2087 0:00,131.9,31Oct1998,10.45399782,0
11/1/2087 0:00,351.9,30Nov1998,238.6216663,0
12/1/2087 0:00,327.4,31Dec1998,679.8211836,1171
1/1/2088 0:00,564.8,31Jan1999,1426.86952,597
2/1/2088 0:00,845.2,28Feb1999,2749.60108,528
3/1/2088 0:00,790.3,31Mar1999,1162.210086,4627
4/1/2088 0:00,617.2,30Apr1999,610.6657799,2479
5/1/2088 0:00,1072,31May1999,260.4925043,0
6/1/2088 0:00,548.6,30Jun1999,25.68508834,0
7/1/2088 0:00,62.59,31Jul1999,0,0
8/1/2088 0:00,24.29,31Aug1999,3.089052056,612
9/1/2088 0:00,88.16,30Sep1999,6.366743099,35
10/1/2088 0:00,63.11,31Oct1999,6.803707782,0
11/1/2088 0:00,273.3,30Nov1999,9.327354912,0
12/1/2088 0:00,212.7,31Dec1999,10.56492904,0
1/1/2089 0:00,550,31Jan2000,167.6135796,459
2/1/2089 0:00,1559,29Feb2000,3738.830683,12964
3/1/2089 0:00,955.3,31Mar2000,1568.745632,17503
4/1/2089 0:00,939.5,30Apr2000,662.5710754,1877
5/1/2089 0:00,718.1,31May2000,232.7084023,390
6/1/2089 0:00,310.6,30Jun2000,1.680555581,0
7/1/2089 0:00,64.52,31Jul2000,0,0
8/1/2089 0:00,23.43,31Aug2000,1.62634411,125
9/1/2089 0:00,98.61,30Sep2000,0,0
10/1/2089 0:00,149.7,31Oct2000,12.91358935,0
11/1/2089 0:00,134.9,30Nov2000,11.99879444,0
12/1/2089 0:00,113.8,31Dec2000,9.865623056,0
1/1/2090 0:00,281.3,31Jan2001,9.424946386,1792
2/1/2090 0:00,358.4,28Feb2001,11.19431435,1898
3/1/2090 0:00,491.3,31Mar2001,9.582942172,1526
4/1/2090 0:00,327.7,30Apr2001,20.20860122,1808
5/1/2090 0:00,353.2,31May2001,13.36435736,0
6/1/2090 0:00,65.97,30Jun2001,10.86128741,0
7/1/2090 0:00,16.53,31Jul2001,0,0
8/1/2090 0:00,14.29,31Aug2001,0.556189632,786
9/1/2090 0:00,50.92,30Sep2001,0.519304929,244
10/1/2090 0:00,35.13,31Oct2001,11.89025723,0
11/1/2090 0:00,251.8,30Nov2001,14.98486329,0
12/1/2090 0:00,714.5,31Dec2001,41.63392299,1929
1/1/2091 0:00,461.5,31Jan2002,1562.262937,3500
2/1/2091 0:00,420.8,28Feb2002,1073.091267,140
3/1/2091 0:00,493.1,31Mar2002,1559.76364,812
4/1/2091 0:00,523.1,30Apr2002,1475.696801,2507
5/1/2091 0:00,488.2,31May2002,1016.460979,60
6/1/2091 0:00,123,30Jun2002,711.5833906,0
7/1/2091 0:00,17.38,31Jul2002,400.4517295,0
8/1/2091 0:00,10.83,31Aug2002,42.5051338,1343
9/1/2091 0:00,33.94,30Sep2002,38.60024162,0
10/1/2091 0:00,24.22,31Oct2002,12.55748533,0
11/1/2091 0:00,128.1,30Nov2002,81.52516558,0
12/1/2091 0:00,1027,31Dec2002,1662.718396,0
1/1/2092 0:00,1153,31Jan2003,1027.606898,6296
2/1/2092 0:00,406,28Feb2003,547.3915921,2220
3/1/2092 0:00,611.3,31Mar2003,1117.835952,477
4/1/2092 0:00,561.8,30Apr2003,945.8217178,630
5/1/2092 0:00,864.4,31May2003,627.5513614,0
6/1/2092 0:00,185.4,30Jun2003,67.19629931,508
7/1/2092 0:00,36.01,31Jul2003,28.10722306,0
8/1/2092 0:00,13.15,31Aug2003,34.15443022,11
9/1/2092 0:00,55.18,30Sep2003,18.05475684,0
10/1/2092 0:00,19.68,,,
11/1/2092 0:00,177,,,
12/1/2092 0:00,505.4,,,
1/1/2093 0:00,430.9,,,
2/1/2093 0:00,723.3,,,
3/1/2093 0:00,517.3,,,
4/1/2093 0:00,479.8,,,
5/1/2093 0:00,263.2,,,
6/1/2093 0:00,69.33,,,
7/1/2093 0:00,14.19,,,
8/1/2093 0:00,13.92,,,
9/1/2093 0:00,39.09,,,
10/1/2093 0:00,145.1,,,
11/1/2093 0:00,167.3,,,
12/1/2093 0:00,552.6,,,
1/1/2094 0:00,606.5,,,
2/1/2094 0:00,504.9,,,
3/1/2094 0:00,715.6,,,
4/1/2094 0:00,507,,,
5/1/2094 0:00,936,,,
6/1/2094 0:00,483.6,,,
7/1/2094 0:00,119.9,,,
8/1/2094 0:00,16.07,,,
9/1/2094 0:00,29.3,,,
10/1/2094 0:00,20.3,,,
11/1/2094 0:00,209.4,,,
12/1/2094 0:00,382.5,,,
1/1/2095 0:00,1687,,,
2/1/2095 0:00,685.7,,,
3/1/2095 0:00,976.8,,,
4/1/2095 0:00,2270,,,
5/1/2095 0:00,1444,,,
6/1/2095 0:00,371.7,,,
7/1/2095 0:00,116.8,,,
8/1/2095 0:00,30.78,,,
9/1/2095 0:00,48.23,,,
10/1/2095 0:00,36.07,,,
11/1/2095 0:00,153.3,,,
12/1/2095 0:00,366.1,,,
1/1/2096 0:00,274.1,,,
2/1/2096 0:00,633.2,,,
3/1/2096 0:00,520.7,,,
4/1/2096 0:00,588.5,,,
5/1/2096 0:00,379.3,,,
6/1/2096 0:00,76.08,,,
7/1/2096 0:00,28.6,,,
8/1/2096 0:00,11.09,,,
9/1/2096 0:00,30.79,,,
10/1/2096 0:00,29.98,,,
11/1/2096 0:00,83.07,,,
12/1/2096 0:00,162.6,,,
1/1/2097 0:00,611.4,,,
2/1/2097 0:00,538.7,,,
3/1/2097 0:00,410,,,
4/1/2097 0:00,312.3,,,
5/1/2097 0:00,452.8,,,
6/1/2097 0:00,40.44,,,
7/1/2097 0:00,-6.127,,,
8/1/2097 0:00,-9.337,,,
9/1/2097 0:00,3.855,,,
10/1/2097 0:00,22.02,,,
11/1/2097 0:00,115.9,,,
12/1/2097 0:00,179.6,,,
1/1/2098 0:00,324.2,,,
2/1/2098 0:00,766.3,,,
3/1/2098 0:00,710.3,,,
4/1/2098 0:00,564.9,,,
5/1/2098 0:00,667.2,,,
6/1/2098 0:00,197.7,,,
7/1/2098 0:00,-13.44,,,
8/1/2098 0:00,-19.04,,,
9/1/2098 0:00,16.65,,,
10/1/2098 0:00,87.87,,,
11/1/2098 0:00,44.09,,,
12/1/2098 0:00,130.4,,,
1/1/2099 0:00,635,,,
2/1/2099 0:00,654.2,,,
3/1/2099 0:00,505,,,
4/1/2099 0:00,609.6,,,
5/1/2099 0:00,433.5,,,
6/1/2099 0:00,720.5,,,
7/1/2099 0:00,-13.01,,,
8/1/2099 0:00,-13.95,,,
9/1/2099 0:00,35.53,,,
9/30/2099 0:00,35.24,,,
